Period,Time,Strength,Team,Shooter,Shot Type?,A1,A2,A3,A1 Zone,A2 Zone,A3 Zone,SC?,SOG?,Oddman,G?,RB,RB SOG?,RB G?,Home Score State,Goalie,Game ID,Date,Home:,Away: ,Home Goalies,Away Goalies,Ducks,F,F,F,D,D,G/Extra Attacker,Opp,F,F,F,D,D,G/Extra Attacker
1,19:30,5v5,ANA,15,W,26,,,or,,,,,,,,,,0,31,20030,10/10/2015,S.J,ANA,31,31,,15,29,26,2,47,31,,8,19,27,7,88,31
1,19:20,5v5,ANA,15,S,47,29,26,ol,oelpc,oell,,,,,,,,0,31,20030,10/10/2015,S.J,ANA,32,30,,15,29,26,2,47,31,,8,19,27,7,88,31
1,18:12,5v5,S.J,83,S,48,7,88,ol,dsl,dr,Y,,3 on 2,,,,,0,31,20030,10/10/2015,S.J,ANA,,,,10,67,46,3,45,31,,48,57,83,4,88,31
1,18:08,5v5,S.J,4,S,80,50,,ol,of,,,,,,,,,0,31,20030,10/10/2015,S.J,ANA,,,,7,17,33,2,47,31,,50,89,18,4,80,31
1,16:07,5v5,ANA,3,W,15,29,,orrl,dsc,,,,,,,,,0,31,20030,10/10/2015,S.J,ANA,,,,15,29,26,3,45,31,,12,39,42,7,88,31
1,15:25,5v5,ANA,33,W,2,33,7,orrl,ol,dsl,,Y,,,,,,0,31,20030,10/10/2015,S.J,ANA,,,,7,17,33,2,47,31,,48,57,83,4,80,31
1,15:06,5v5,ANA,10,W,67,,,of,,,,,,,,,,0,31,20030,10/10/2015,S.J,ANA,,,,10,67,46,3,45,31,,48,57,83,4,80,31
1,14:20,5v4,ANA,17,W,33,2,17,orrl,ol,oelrrl,Y,Y,,,,,,0,31,20030,10/10/2015,S.J,ANA,,,,17,33,19,2,47,31,,50,89,7,88,31,0
1,14:03,5v4,ANA,47,W,17,47,17,orrr,oprrr,or,,,,,,,,0,31,20030,10/10/2015,S.J,ANA,,,,17,33,19,2,47,31,,50,89,7,88,31,0
1,13:13,4v5,S.J,39,W,12,,,nsc,,,,,,,39,Y,,0,31,20030,10/10/2015,S.J,ANA,,,,15,10,29,4,45,31,,12,39,44,61,31,0
1,12:47,5v4,ANA,4,W,15,29,4,ol,ol,orrl,,Y,,,,,,0,31,20030,10/10/2015,S.J,ANA,,,,15,10,29,4,45,31,,57,83,4,7,31,0
1,12:07,5v5,S.J,80,S,27,,,ol,,,,Y,,,,,,0,31,20030,10/10/2015,S.J,ANA,,,,22,25,19,2,47,31,,8,19,27,4,80,31
1,11:57,5v5,S.J,80,S,19,,,orrl,,,,Y,,,,,,0,31,20030,10/10/2015,S.J,ANA,,,,22,25,19,2,47,31,,8,19,27,4,80,31
1,10:18,5v5,ANA,15,W,2,31,,dc,dc,,,Y,,,,,,0,31,20030,10/10/2015,S.J,ANA,,,,15,29,26,2,47,31,,48,57,83,7,88,31
1,8:32,5v5,S.J,12,W,39,,,or,,,,Y,,,80,Y,,0,31,20030,10/10/2015,S.J,ANA,,,,22,25,19,4,24,31,,12,39,42,4,80,31
1,7:45,5v5,ANA,15,W,29,,,ol,,,,,,,,,,0,31,20030,10/10/2015,S.J,ANA,,,,15,29,26,3,45,31,,50,89,18,4,61,31
1,7:37,5v5,S.J,61,W,50,89,,ol,dl,,,,,,,,,0,31,20030,10/10/2015,S.J,ANA,,,,15,29,26,3,45,31,,50,89,18,4,61,31
1,7:27,5v5,ANA,26,W,3,,,dsr,,,,Y,3 on 2,,,,,0,31,20030,10/10/2015,S.J,ANA,,,,15,29,26,2,47,31,,48,18,83,44,61,31
1,7:12,5v5,S.J,57,W,48,44,61,nr,dl,dr,,Y,,,,,,0,31,20030,10/10/2015,S.J,ANA,,,,7,17,33,2,47,31,,48,57,83,44,88,31
1,6:37,5v5,S.J,83,W,48,88,,or,dsr,,,Y,4 on 2,,,,,0,31,20030,10/10/2015,S.J,ANA,,,,7,33,67,4,24,31,,8,48,83,7,88,31
1,6:32,5v5,S.J,44,S,83,,,ol,,,,,,,,,,0,31,20030,10/10/2015,S.J,ANA,,,,7,33,67,4,24,31,,8,19,83,44,61,31
1,5:56,5v5,ANA,46,W,67,,,oelrrl,,,Y,,,,,,,0,31,20030,10/10/2015,S.J,ANA,,,,10,67,46,3,45,31,,8,19,27,44,88,31
1,4:23,5v5,S.J,80,S,50,,,ofp,,,,,,,,,,0,31,20030,10/10/2015,S.J,ANA,,,,7,17,33,3,45,31,,50,89,18,4,80,31
1,3:19,5v5,S.J,61,W,44,57,,ol,oelpl,,,,,,,,,0,31,20030,10/10/2015,S.J,ANA,,,,7,17,33,4,24,31,,48,57,83,44,61,31
1,2:55,5v5,ANA,67,W,46,10,4,nl,dsr,dr,,,,,,,,0,31,20030,10/10/2015,S.J,ANA,,,,10,67,46,2,47,31,,8,19,27,7,88,31
1,2:45,5v5,S.J,19,S,8,,,nsc,,,,,,,,,,0,31,20030,10/10/2015,S.J,ANA,,,,10,67,46,2,47,31,,8,19,27,7,88,31
1,1:22,5v5,S.J,19,W,8,,,ol,,,,,,,,,,0,31,20030,10/10/2015,S.J,ANA,,,,22,25,19,3,45,31,,8,19,27,4,80,31
2,19:49,5v5,S.J,12,W,42,,,nr,,,,,,,12,Y,,0,31,20030,10/10/2015,S.J,ANA,,,,15,29,26,4,24,31,,12,39,42,7,88,31
2,19:09,5v5,S.J,4,W,8,,,opl,,,,,,,,,,0,31,20030,10/10/2015,S.J,ANA,,,,17,29,26,2,24,31,,8,19,27,4,80,31
2,18:36,5v5,S.J,80,S,27,,,opl,,,,,,,,,,0,31,20030,10/10/2015,S.J,ANA,,,,17,29,26,2,24,31,,48,57,27,4,80,31
2,18:25,5v5,S.J,57,W,48,,,ol,,,,,,,,,,0,31,20030,10/10/2015,S.J,ANA,,,,17,29,26,2,24,31,,48,57,27,4,80,31
2,16:23,5v5,ANA,33,W,7,47,7,ol,ol,opl,y,Y,,,17,Y,,0,31,20030,10/10/2015,S.J,ANA,,,,7,17,33,2,47,31,,50,89,18,4,80,31
2,16:10,5v5,ANA,7,W,2,,,dsc,,,,Y,,,,,,0,31,20030,10/10/2015,S.J,ANA,,,,7,22,25,2,47,31,,8,19,27,4,7,31
2,15:36,5v5,ANA,26,W,29,26,4,oell,ol,ofp,,Y,,,,,,0,31,20030,10/10/2015,S.J,ANA,,,,Event Not in PBP or >10 Second Difference,Event Not in PBP or >10 Second Difference,Event Not in PBP or >10 Second Difference,Event Not in PBP or >10 Second Difference,Event Not in PBP or >10 Second Difference,Event Not in PBP or >10 Second Difference,,Event Not in PBP or >10 Second Difference,Event Not in PBP or >10 Second Difference,Event Not in PBP or >10 Second Difference,Event Not in PBP or >10 Second Difference,Event Not in PBP or >10 Second Difference,Event Not in PBP or >10 Second Difference
2,15:07,5v5,ANA,4,S,15,10,15,ol,opl,ol,,,,,,,,0,31,20030,10/10/2015,S.J,ANA,,,,10,67,26,4,24,31,,8,48,27,4,7,31
2,14:50,5v5,ANA,67,W,10,46,,oelr,ol,,Y,,,,,,,0,31,20030,10/10/2015,S.J,ANA,,,,10,67,46,24,45,31,,48,57,83,7,88,31
2,14:43,5v5,ANA,3,S,46,67,46,opl,oell,ol,,Y,,,,,,0,31,20030,10/10/2015,S.J,ANA,,,,10,67,46,3,45,31,,48,57,83,7,88,31
2,14:34,5v5,S.J,83,W,57,7,,nr,dr,,,Y,,,,,,0,31,20030,10/10/2015,S.J,ANA,,,,10,67,46,3,45,31,,48,57,83,44,88,31
2,13:45,5v5,S.J,12,W,39,12,,oelc,oell,,Y,,,,,,,0,31,20030,10/10/2015,S.J,ANA,,,,7,17,33,2,47,31,,12,39,42,7,88,31
2,13:36,5v5,S.J,39,W,12,,,oelc,,,,Y,,,,,,0,31,20030,10/10/2015,S.J,ANA,,,,7,17,33,2,47,31,,12,39,42,7,88,31
2,12:38,5v5,ANA,25,S,22,,,oell,,,,,,,,,,0,31,20030,10/10/2015,S.J,ANA,,,,22,25,19,3,45,31,,50,89,18,4,80,31
2,12:22,5v5,S.J,18,W,50,18,89,ol,dsc,dl,,Y,,,,,,0,31,20030,10/10/2015,S.J,ANA,,,,22,25,19,3,45,31,,50,89,18,7,88,31
2,11:14,5v5,ANA,4,S,10,,,or,,,,Y,,,10,Y,,0,31,20030,10/10/2015,S.J,ANA,,,,15,10,26,4,24,31,,8,19,27,7,88,31
2,9:05,5v5,S.J,42,W,39,7,,ol,ol,,,,,,,,,0,31,20030,10/10/2015,S.J,ANA,,,,22,33,19,2,47,31,,12,39,42,7,88,31
2,8:49,5v5,S.J,7,W,19,42,,orrl,oelc,,,,,,,,,0,31,20030,10/10/2015,S.J,ANA,,,,22,33,19,2,47,31,,12,39,42,7,88,31
2,8:26,5v5,S.J,19,W,7,19,,ol,opl,,,Y,,,,,,0,31,20030,10/10/2015,S.J,ANA,,,,15,25,26,4,24,31,,8,19,27,7,88,31
2,8:17,5v5,S.J,50,B,44,50,89,ol,ol,ofp,,,,,,,,0,31,20030,10/10/2015,S.J,ANA,,,,10,67,46,3,45,31,,50,89,18,44,61,31
2,4:11,5v5,ANA,33,W,47,2,33,nsl,nr,nr,,Y,,,,,,0,31,20030,10/10/2015,S.J,ANA,,,,7,17,33,2,47,31,,12,39,42,7,88,31
2,3:50,5v5,ANA,7,T,17,7,,oelrrc,orrl,,Y,,,,,,,0,31,20030,10/10/2015,S.J,ANA,,,,7,17,33,2,47,31,,12,39,42,7,88,31
2,3:09,5v5,ANA,67,w,10,,,oelr,,,Y,Y,,,,,,0,31,20030,10/10/2015,S.J,ANA,,,,10,67,46,4,47,31,,8,12,39,7,88,31
2,2:42,5v5,ANA,4,W,46,10,46,oelrrr,or,oelc,,Y,,,46,Y,,0,31,20030,10/10/2015,S.J,ANA,,,,10,67,46,4,47,31,,8,12,39,7,88,31
2,2:10,5v5,S.J,8,W,19,,,opr,,,,,,,,,,0,31,20030,10/10/2015,S.J,ANA,,,,22,25,19,3,45,31,,8,19,27,44,61,31
2,0:42,5v5,S.J,12,W,39,42,,oelc,oelr,,Y,Y,,,12,Y,Y,0,31,20030,10/10/2015,S.J,ANA,,,,7,15,33,4,24,31,,12,39,42,4,61,31
3,19:40,5v5,S.J,48,W,83,,,ol,,,,Y,,,,,,1,31,20030,10/10/2015,S.J,ANA,,,,10,67,46,2,47,31,,48,57,83,7,88,31
3,18:55,5v5,ANA,29,S,24,4,15,oc,dsl,dc,,,,,,,,1,31,20030,10/10/2015,S.J,ANA,,,,15,29,26,4,24,31,,12,39,42,44,61,31
3,17:38,5v5,S.J,8,T,44,19,,ol,ofp,,Y,Y,,,,,,1,31,20030,10/10/2015,S.J,ANA,,,,10,67,46,4,24,31,,8,19,27,44,61,31
3,16:40,5v5,S.J,48,W,83,,,dl,,,,,,,,,,1,31,20030,10/10/2015,S.J,ANA,,,,22,25,19,3,45,31,,48,57,83,7,88,31
3,16:12,5v5,S.J,88,S,48,,,oelpr,,,,,,,,,,1,31,20030,10/10/2015,S.J,ANA,,,,22,25,19,3,45,31,,48,57,83,7,88,31
3,15:04,5v5,S.J,42,T,61,44,12,or,ol,oelpl,Y,Y,,,,,,1,31,20030,10/10/2015,S.J,ANA,,,,7,15,33,2,47,31,,12,39,42,44,61,31
3,14:05,5v5,ANA,10,W,7,,,orrr,,,,,,,,,,1,31,20030,10/10/2015,S.J,ANA,,,,7,10,67,4,24,31,,50,89,18,4,80,31
3,12:55,5v5,S.J,8,A,27,8,,oell,ol,,,Y,,,,,,1,31,20030,10/10/2015,S.J,ANA,,,,17,25,19,3,45,31,,8,19,27,7,88,31
3,11:52,5v5,S.J,48,W,42,48,83,nl,dsl,dl,,,,,,,,1,31,20030,10/10/2015,S.J,ANA,,,,Event Not in PBP or >10 Second Difference,Event Not in PBP or >10 Second Difference,Event Not in PBP or >10 Second Difference,Event Not in PBP or >10 Second Difference,Event Not in PBP or >10 Second Difference,Event Not in PBP or >10 Second Difference,,Event Not in PBP or >10 Second Difference,Event Not in PBP or >10 Second Difference,Event Not in PBP or >10 Second Difference,Event Not in PBP or >10 Second Difference,Event Not in PBP or >10 Second Difference,Event Not in PBP or >10 Second Difference
3,9:29,5v5,ANA,26,W,10,15,,or,oc,,,,,,,,,1,31,20030,10/10/2015,S.J,ANA,,,,15,10,26,24,47,31,,12,39,42,7,88,31
3,9:22,5v5,ANA,15,W,47,,,opl,,,,Y,,,,,,1,31,20030,10/10/2015,S.J,ANA,,,,15,10,26,24,47,31,,12,39,42,7,88,31
3,8:52,5v5,ANA,19,W,47,22,25,dsc,dr,dr,,,,,,,,1,31,20030,10/10/2015,S.J,ANA,,,,22,25,19,2,47,31,,8,19,27,4,88,31
3,8:46,5v5,ANA,2,S,19,,,opr,,,,,,,,,,1,31,20030,10/10/2015,S.J,ANA,,,,22,25,19,2,47,31,,8,19,27,4,88,31
3,8:29,5v5,S.J,19,W,8,,,dsr,,,,Y,1 on 0,,,,,1,31,20030,10/10/2015,S.J,ANA,,,,22,25,19,2,47,31,,8,19,27,4,88,31
3,8:20,5v5,S.J,27,S,19,8,,oelr,ol,,Y,Y,,,,,,1,31,20030,10/10/2015,S.J,ANA,,,,22,25,19,2,47,31,,8,19,27,4,61,31
3,7:38,5v5,S.J,61,W,48,,,opr,,,,Y,,,,,,1,31,20030,10/10/2015,S.J,ANA,,,,29,67,46,2,47,31,,48,57,89,44,61,31
3,7:33,5v5,S.J,89,W,61,89,,or,oprrl,,,Y,,,,,,1,31,20030,10/10/2015,S.J,ANA,,,,29,67,46,2,47,31,,48,57,89,44,61,31
3,7:26,5v5,S.J,61,S,44,57,,ol,oelpc,,,,,,,,,1,31,20030,10/10/2015,S.J,ANA,,,,29,67,46,2,47,31,,48,57,89,44,61,31
3,7:19,5v5,S.J,61,S,44,57,,ol,opl,,,,,,,,,1,31,20030,10/10/2015,S.J,ANA,,,,29,67,46,2,47,31,,48,57,89,44,61,31
3,7:02,5v5,S.J,48,W,61,89,,or,opr,,,Y,,,,,,1,31,20030,10/10/2015,S.J,ANA,,,,29,67,46,2,47,31,,48,89,18,44,61,31
3,6:54,5v5,S.J,61,S,44,18,,ol,opl,,,,,,,,,1,31,20030,10/10/2015,S.J,ANA,,,,29,67,46,2,47,31,,48,89,18,44,61,31
3,6:24,5v5,S.J,50,W,89,44,,ol,opl,,,,,,,,,1,31,20030,10/10/2015,S.J,ANA,,,,29,67,46,2,47,31,,50,89,18,44,61,31
3,5:07,5v5,ANA,4,S,33,,,opl,,,,,,,,,,1,31,20030,10/10/2015,S.J,ANA,,,,7,17,33,4,24,31,,12,39,42,7,88,31
3,4:51,5v5,S.J,12,A,42,,,nsr,,,,Y,,Y,,,,1,31,20030,10/10/2015,S.J,ANA,,,,15,10,26,4,24,31,,8,12,19,44,61,31
3,4:39,5v5,S.J,44,S,8,,,ofp,,,,,,,,,,2,31,20030,10/10/2015,S.J,ANA,,,,15,10,26,2,47,31,,8,19,27,44,61,31
3,4:18,5v5,ANA,26,W,47,26,47,nl,nl,nl,,,,,,,,2,31,20030,10/10/2015,S.J,ANA,,,,15,10,26,2,47,31,,8,19,27,44,61,31
3,3:09,5v5,S.J,50,W,90,,,nc,,,,Y,,,,,,2,31,20030,10/10/2015,S.J,ANA,,,,25,67,46,4,45,31,,50,89,18,44,61,31
3,2:57,5v4,S.J,39,W,19,39,12,or,or,or,Y,Y,,,,,,2,31,20030,10/10/2015,S.J,ANA,,,,17,33,4,24,31,0,,8,12,19,39,88,31
3,2:48,5v4,S.J,8,W,19,39,88,or,oell,ol,Y,,,,,,,2,31,20030,10/10/2015,S.J,ANA,,,,17,33,4,24,31,0,,8,12,19,39,88,31
3,2:22,5v4,S.J,99,S,12,19,12,orrr,or,or,,,,,,,,2,31,20030,10/10/2015,S.J,ANA,,,,Event Not in PBP or >10 Second Difference,Event Not in PBP or >10 Second Difference,Event Not in PBP or >10 Second Difference,Event Not in PBP or >10 Second Difference,Event Not in PBP or >10 Second Difference,Event Not in PBP or >10 Second Difference,,Event Not in PBP or >10 Second Difference,Event Not in PBP or >10 Second Difference,Event Not in PBP or >10 Second Difference,Event Not in PBP or >10 Second Difference,Event Not in PBP or >10 Second Difference,Event Not in PBP or >10 Second Difference
3,2:12,5v4,S.J,88,S,8,19,,or,opr,,,,,,,,,2,31,20030,10/10/2015,S.J,ANA,,,,17,33,4,24,31,0,,8,12,19,39,88,31
3,1:58,5v4,S.J,88,S,19,,,oelprrr,,,,,,,,,,2,31,20030,10/10/2015,S.J,ANA,,,,Event Not in PBP or >10 Second Difference,Event Not in PBP or >10 Second Difference,Event Not in PBP or >10 Second Difference,Event Not in PBP or >10 Second Difference,Event Not in PBP or >10 Second Difference,Event Not in PBP or >10 Second Difference,,Event Not in PBP or >10 Second Difference,Event Not in PBP or >10 Second Difference,Event Not in PBP or >10 Second Difference,Event Not in PBP or >10 Second Difference,Event Not in PBP or >10 Second Difference,Event Not in PBP or >10 Second Difference
3,1:46,5v4,S.J,39,W,88,39,19,ol,oelpl,oelrrr,,Y,,,,,,2,31,20030,10/10/2015,S.J,ANA,,,,17,33,4,24,31,0,,8,12,19,39,88,31
3,1:38,5v4,S.J,12,T,19,8,,oelc,oell,,Y,,,,,,,2,31,20030,10/10/2015,S.J,ANA,,,,17,33,4,24,31,0,,8,12,19,39,88,31
1,19:37,5v5,CHI,15,w,72,43,7,nc ,dc,dr,,y,,,,,,0,31,20123,10/26/2015,CHI,ANA,50,31,,17,33,46,3,45,31,,15,72,88,7,43,50
1,19:22,5v5,ANA,45,s,17,3,46,dl,dc,dc,,y,,,,,,0,50,20123,10/26/2015,CHI,ANA,33,30,,Event Not in PBP or >10 Second Difference,Event Not in PBP or >10 Second Difference,Event Not in PBP or >10 Second Difference,Event Not in PBP or >10 Second Difference,Event Not in PBP or >10 Second Difference,Event Not in PBP or >10 Second Difference,,Event Not in PBP or >10 Second Difference,Event Not in PBP or >10 Second Difference,Event Not in PBP or >10 Second Difference,Event Not in PBP or >10 Second Difference,Event Not in PBP or >10 Second Difference,Event Not in PBP or >10 Second Difference
1,19:10,5v5,ANA,2,s,26,,,oelc,,,,,,,,,,0,50,20123,10/26/2015,CHI,ANA,,,,15,10,26,2,47,31,,19,14,81,4,57,50
1,17:39,5v5,CHI,6,s,65,5,6,dr,dc,dl,,y,,,,,,0,31,20123,10/26/2015,CHI,ANA,,,,7,25,67,4,5,31,,11,16,65,6,57,50
1,17:17,5v5,CHI,4,w,28,,,oell,,,,y,,,,,,0,31,20123,10/26/2015,CHI,ANA,,,,22,62,19,3,45,31,,28,48,86,4,57,50
1,17:08,5v5,ANA,62,w,19,,,dl,,,,y,,,,,,0,50,20123,10/26/2015,CHI,ANA,,,,22,62,19,3,45,31,,28,48,86,4,57,50
1,16:42,5v4,ANA,45,o,47,45,33,or,oc,opl,,,,,,,,0,50,20123,10/26/2015,CHI,ANA,,,,17,33,46,45,47,31,,11,16,4,57,50,0
1,16:35,5v4,ANA,33,o,45,33,,oc,opl,,,,,,,,,0,50,20123,10/26/2015,CHI,ANA,,,,17,33,46,45,47,31,,11,16,4,57,50,0
1,16:25,5v4,ANA,33,w,47,45,33,orrr,oc,opl,y,y,,,,,,0,50,20123,10/26/2015,CHI,ANA,,,,17,33,46,45,47,31,,11,16,4,57,50,0
1,16:17,5v4,ANA,47,w,17,,,ol,,,y,,,,,,,0,50,20123,10/26/2015,CHI,ANA,,,,17,33,46,45,47,31,,11,16,4,57,50,0
1,15:48,4v5,CHI,7,w,81,19,,orrl,dl,,y,,3 on 2,,,,,0,31,20123,10/26/2015,CHI,ANA,,,,15,10,67,19,4,31,,19,81,4,7,50,0
1,15:06,5v4,ANA,67,w,4,15,19,ol,opl,oell,y,,,,,,,0,50,20123,10/26/2015,CHI,ANA,,,,15,10,67,19,4,31,,11,16,4,57,50,0
1,12:59,5v4,CHI,7,o,19,7,,opr,nr,,,,,,,,,0,31,20123,10/26/2015,CHI,ANA,,,,62,26,4,45,31,0,,19,65,72,88,7,50
1,12:24,5v5,ANA,19,w,15,,,nl,,,,,,,,,,0,50,20123,10/26/2015,CHI,ANA,,,,15,10,19,2,47,31,,11,16,28,4,57,50
1,11:51,5v5,ANA,26,w,15,4,,dsc,dl,,y,,,,,,,0,50,20123,10/26/2015,CHI,ANA,,,,15,10,26,4,5,31,,19,14,81,4,57,50
1,11:09,5v5,ANA,25,w,67,,,oelc,,,y,y,,,,,,0,50,20123,10/26/2015,CHI,ANA,,,,15,17,10,26,47,31,,15,72,88,7,43,50
1,9:56,5v5,CHI,28,w,48,57,,dr,dc,dc,,y,,,,,,0,31,20123,10/26/2015,CHI,ANA,,,,22,62,19,3,45,31,,28,48,86,6,7,50
1,8:21,5v5,ANA,5,w,67,,,opc,,,,,,,,,,0,50,20123,10/26/2015,CHI,ANA,,,,33,67,46,5,47,31,,15,72,88,7,43,50
1,6:37,5v5,CHI,7,s,43,48,,ol,opl,,,,,,,,,0,31,20123,10/26/2015,CHI,ANA,,,,17,33,46,4,5,31,,28,48,86,7,43,50
1,6:20,5v5,CHI,81,o,14,4,81,ol,ol,opl,,,,,,,,0,31,20123,10/26/2015,CHI,ANA,,,,17,33,46,4,5,31,,19,14,81,4,57,50
1,5:33,5v5,ANA,10,w,26,15,26,oelc,ol,ol,y,y,,,,,,0,50,20123,10/26/2015,CHI,ANA,,,,15,10,26,2,47,31,,19,65,14,7,43,50
1,4:54,5v5,CHI,72,o,5,15,,oc,ol,,,,,,,,,0,31,20123,10/26/2015,CHI,ANA,,,,Event Not in PBP or >10 Second Difference,Event Not in PBP or >10 Second Difference,Event Not in PBP or >10 Second Difference,Event Not in PBP or >10 Second Difference,Event Not in PBP or >10 Second Difference,Event Not in PBP or >10 Second Difference,,Event Not in PBP or >10 Second Difference,Event Not in PBP or >10 Second Difference,Event Not in PBP or >10 Second Difference,Event Not in PBP or >10 Second Difference,Event Not in PBP or >10 Second Difference,Event Not in PBP or >10 Second Difference
1,1:30,5v5,CHI,11,o,16,11,,ol,nl,,,,,,,,,0,31,20123,10/26/2015,CHI,ANA,,,,17,33,46,3,5,31,,11,16,65,7,43,50
1,1:06,5v5,ANA,33,o,46,33,46,or,or,ol,,,,,,,,0,50,20123,10/26/2015,CHI,ANA,,,,17,33,46,2,5,31,,11,16,65,7,43,50
1,0:08,5v5,CHI,19,w,86,19,28,oc,oc,oc,y,y,,,,,,0,31,20123,10/26/2015,CHI,ANA,,,,15,10,26,45,47,31,,19,28,86,43,57,50
2,19:31,5v5,CHI,11,w,65,,,nc ,,,,y,,,,,,0,31,20123,10/26/2015,CHI,ANA,,,,15,10,26,2,47,31,,11,16,65,4,7,50
2,19:09,5v5,ANA,15,t,26,,,ol,,,y,y,,,,,,0,50,20123,10/26/2015,CHI,ANA,,,,15,10,26,2,47,31,,11,19,81,4,7,50
2,19:01,5v5,ANA,10,w,26,,,nl,,,y,,1 on 0,,,,,0,50,20123,10/26/2015,CHI,ANA,,,,15,10,26,2,47,31,,19,14,81,4,7,50
2,17:54,5v5,ANA,7,w,5,7,4,nc ,nl,dc,,y,,,,,,0,50,20123,10/26/2015,CHI,ANA,,,,7,25,67,4,5,31,,15,72,88,5,6,50
2,14:47,5v5,CHI,81,w,19,14,4,opl,dl,dl,y,y,,,,,,0,31,20123,10/26/2015,CHI,ANA,,,,7,15,25,4,45,31,,19,14,81,5,6,50
2,14:03,5v5,CHI,28,w,6,,,dl,,,,,,,,,,0,31,20123,10/26/2015,CHI,ANA,,,,22,62,19,3,5,31,,28,48,86,5,6,50
2,13:17,5v5,CHI,43,o,72,43,88,ol,ol,or,,,,,,,,0,31,20123,10/26/2015,CHI,ANA,,,,17,33,46,3,5,31,,15,72,88,7,43,50
2,12:57,5v5,CHI,7,w,88,72,,opc,or,,,,,,,,,0,31,20123,10/26/2015,CHI,ANA,,,,17,33,46,3,5,31,,15,72,88,7,43,50
2,12:35,5v4,CHI,72,w,19,,,of,,,y,,,,,,,0,31,20123,10/26/2015,CHI,ANA,,,,15,62,2,47,31,0,,19,65,72,88,7,50
2,12:12,5v4,CHI,7,s,72,88,19,opl,or,or,,y,,,,,,0,31,20123,10/26/2015,CHI,ANA,,,,15,62,2,47,31,0,,19,65,72,88,7,50
2,12:04,4v4,ANA,47,s,2,67,,opc,of,,,y,,,,,,0,50,20123,10/26/2015,CHI,ANA,,,,33,67,2,47,31,0,,15,16,4,57,50,0
2,10:13,5v4,ANA,15,t,2,17,10,or,opr,or,y,y,,,,,,0,50,20123,10/26/2015,CHI,ANA,,,,15,17,10,4,47,31,,11,16,4,57,50,0
2,9:15,5v5,CHI,7,s,72,88,,ol,or,,,y,,,,,,0,31,20123,10/26/2015,CHI,ANA,,,,22,10,19,2,3,31,,15,72,88,6,7,50
2,8:30,5v5,ANA,67,w,5,,,dr,,,y,y,,,,,,0,50,20123,10/26/2015,CHI,ANA,,,,7,25,67,2,47,31,,28,48,86,5,6,50
2,4:01,5v4,CHI,88,w,7,19,7,oc,opl,oc,y,y,,,65,y,,0,31,20123,10/26/2015,CHI,ANA,,,,7,22,2,47,31,0,,19,65,72,88,7,50
2,2:45,5v5,ANA,10,w,46,,,oell,,,,y,,,,,,0,50,20123,10/26/2015,CHI,ANA,,,,Event Not in PBP or >10 Second Difference,Event Not in PBP or >10 Second Difference,Event Not in PBP or >10 Second Difference,Event Not in PBP or >10 Second Difference,Event Not in PBP or >10 Second Difference,Event Not in PBP or >10 Second Difference,,Event Not in PBP or >10 Second Difference,Event Not in PBP or >10 Second Difference,Event Not in PBP or >10 Second Difference,Event Not in PBP or >10 Second Difference,Event Not in PBP or >10 Second Difference,Event Not in PBP or >10 Second Difference
2,2:40,5v5,ANA,10,o,46,,,oelc,,,y,,,,,,,0,50,20123,10/26/2015,CHI,ANA,,,,15,10,26,5,47,31,,15,65,86,5,6,50
2,1:07,5v5,CHI,43,o,88,,,opl,,,,,,,,,,0,31,20123,10/26/2015,CHI,ANA,,,,17,33,46,45,47,31,,15,72,88,7,43,50
2,0:29,5v5,ANA,46,w,47,,,dsl,,,,y,,,,,,0,50,20123,10/26/2015,CHI,ANA,,,,25,67,46,4,47,31,,19,14,81,4,57,50
2,0:17,5v5,CHI,19,w,81,4,,oc,dr,,y,y,,,,,,0,31,20123,10/26/2015,CHI,ANA,,,,7,25,67,2,4,31,,19,14,81,4,57,50
2,0:12,5v5,CHI,14,t,19,14,,oelc,oelc,,y,,,,,,,0,31,20123,10/26/2015,CHI,ANA,,,,7,25,67,2,4,31,,19,14,81,4,57,50
2,0:10,5v5,CHI,14,t,19,,,oelr,,,y,,,,,,,0,31,20123,10/26/2015,CHI,ANA,,,,7,25,67,2,4,31,,19,14,81,4,57,50
3,19:32,5v5,CHI,7,o,88,72,15,or,oell,of,,,,,,,,0,31,20123,10/26/2015,CHI,ANA,,,,Event Not in PBP or >10 Second Difference,Event Not in PBP or >10 Second Difference,Event Not in PBP or >10 Second Difference,Event Not in PBP or >10 Second Difference,Event Not in PBP or >10 Second Difference,Event Not in PBP or >10 Second Difference,,Event Not in PBP or >10 Second Difference,Event Not in PBP or >10 Second Difference,Event Not in PBP or >10 Second Difference,Event Not in PBP or >10 Second Difference,Event Not in PBP or >10 Second Difference,Event Not in PBP or >10 Second Difference
3,19:15,5v5,CHI,43,o,72,7,88,oelpl,or,opr,,,,,,,,0,31,20123,10/26/2015,CHI,ANA,,,,17,33,46,4,45,31,,15,72,88,7,43,50
3,19:08,5v5,CHI,43,w,15,,,oc,,,,,,,,,,0,31,20123,10/26/2015,CHI,ANA,,,,17,33,46,4,45,31,,15,72,88,7,43,50
3,18:53,5v5,ANA,10,w,15,47,15,ol,dr,df,,y,,,,,,0,50,20123,10/26/2015,CHI,ANA,,,,15,10,26,2,47,31,,19,14,81,4,57,50
3,18:00,5v5,ANA,7,w,67,,,oc,,,,y,,,,,,0,50,20123,10/26/2015,CHI,ANA,,,,7,25,67,4,45,31,,11,16,88,7,43,50
3,17:52,5v5,CHI,11,w,65,,,dr,,,,y,,,65,,,0,31,20123,10/26/2015,CHI,ANA,,,,7,25,67,4,45,31,,11,16,65,7,43,50
3,17:34,5v5,ANA,4,s,45,25,,oc,oelpc,,,y,,,,,,0,50,20123,10/26/2015,CHI,ANA,,,,7,25,67,4,45,31,,11,48,65,7,43,50
3,16:56,5v5,CHI,48,w,5,72,,or,or,,,,,,,,,0,31,20123,10/26/2015,CHI,ANA,,,,17,62,19,45,47,31,,48,72,81,5,6,50
3,16:49,5v5,ANA,62,w,67,,,dc,,,,y,,,,,,0,50,20123,10/26/2015,CHI,ANA,,,,17,62,19,45,47,31,,48,72,81,5,6,50
3,16:30,5v5 ,ANA,5,w,17,,,opr,,,,y ,,,,,,0,50,20123,10/26/2015,CHI,ANA,,,,17,33,46,4,5,31,,28,48,86,7,43,50
3,15:36,5v5,ANA,15,w,26,2,,oelc,oelr,,y,,,,,,,0,50,20123,10/26/2015,CHI,ANA,,,,15,10,26,2,47,31,,16,19,88,4,57,50
3,15:21,5v5,ANA,15,w,2,,,oc,,,y,,,,,,,0,50,20123,10/26/2015,CHI,ANA,,,,15,10,26,2,47,31,,16,19,88,4,57,50
3,14:52,5v5,ANA,7,w,67,,,of,,,y,y,,,,,,0,50,20123,10/26/2015,CHI,ANA,,,,7,25,67,4,45,31,,19,72,88,4,57,50
3,14:07,5v5,CHI,5,w,72,6,,ol,dl,,y,,,,,,,0,31,20123,10/26/2015,CHI,ANA,,,,7,25,67,4,45,31,,15,72,81,5,6,50
3,11:38,5v5,CHI,81,w,14,4,57,nr,dr,dc,,,,,,,,0,31,20123,10/26/2015,CHI,ANA,,,,7,25,67,4,5,31,,15,14,81,7,43,50
3,10:27,5v4,ANA,4,s,15,4,67,opr,oc,ol,,y,,,,,,0,50,20123,10/26/2015,CHI,ANA,,,,15,10,67,19,4,31,,19,81,4,57,50,0
3,10:24,5v4,ANA,4,o,67,15,,oc,orrr,,,y,,,,,,0,50,20123,10/26/2015,CHI,ANA,,,,15,10,67,19,4,31,,19,81,4,57,50,0
3,10:01,5v4,ANA,4,w,15,19,4,opl,oc,nc,,y,,,,,,0,50,20123,10/26/2015,CHI,ANA,,,,15,10,67,19,4,31,,15,28,7,43,50,0
3,9:57,5v4,ANA,4,w,67,,,opr,,,,,,,,,,0,50,20123,10/26/2015,CHI,ANA,,,,15,10,67,19,4,31,,15,28,7,43,50,0
3,9:43,5v4,ANA,47,w,45,33,45,oc,oc,oc,y,y,,,,,,0,50,20123,10/26/2015,CHI,ANA,,,,17,33,46,45,47,31,,11,28,4,57,50,0
3,7:27,5v5,ANA,17,w,4,,,dc,,,,y,,,,,,0,50,20123,10/26/2015,CHI,ANA,,,,17,33,46,5,47,31,,15,14,81,4,7,50
3,5:35,5v5,CHI,72,o,88,19,,or,oelc,,y,,,,,,,0,31,20123,10/26/2015,CHI,ANA,,,,15,17,10,2,47,31,,19,72,88,4,57,50
3,5:34,5v5,CHI,57,s,19,,,ofp,,,,,,,,,,0,31,20123,10/26/2015,CHI,ANA,,,,15,17,10,2,47,31,,19,72,88,4,57,50
3,3:53,5v5,ANA,5,w,17,,,opc,,,,,,,,,,0,50,20123,10/26/2015,CHI,ANA,,,,17,33,46,4,5,31,,15,72,88,7,43,50
3,3:10,5v5,ANA,67,w,7,47,,ol,ol,,y,y,,,,,,0,50,20123,10/26/2015,CHI,ANA,,,,7,25,67,2,47,31,,19,14,81,4,57,50
3,2:44,5v5,CHI,43,o,14,19,,oelc,oc,,y,y,,,,,,0,31,20123,10/26/2015,CHI,ANA,,,,15,17,10,3,45,31,,19,14,81,7,43,50
3,1:46,5v5,ANA,46,s,17,47,,nc ,dl,,,y,,,,,,0,50,20123,10/26/2015,CHI,ANA,,,,17,33,46,4,47,31,,15,72,88,7,43,50
3,0:42,5v5,CHI,14,t,4,19,,ol,opl,,y,y,,,,,,0,31,20123,10/26/2015,CHI,ANA,,,,17,33,46,3,45,31,,19,14,81,4,7,50
3,0:19,5v5,ANA,47,w,33,,,or,,,y,y,,,17,,,0,50,20123,10/26/2015,CHI,ANA,,,,17,33,46,4,47,31,,19,65,14,4,7,50
4,4:36,3v3,ANA,4,w,15,4,33,ol,oc,oelpr,y,y,,,,,,0,50,20123,10/26/2015,CHI,ANA,,,,15,33,0,0,4,31,,19,88,0,0,7,50
4,4:33,3v3,ANA,15,w,33,,,oc,,,,y,,,,,,0,50,20123,10/26/2015,CHI,ANA,,,,15,33,0,0,4,31,,19,88,0,0,7,50
4,4:10,3v3,CHI,19,w,88,7,19,or,dsc,dl,y,y,,y,,,,0,31,20123,10/26/2015,CHI,ANA,,,,15,33,0,0,4,31,,19,88,0,0,7,50
1,19:43,5v5,ANA,7,w,22,,,or,,,y,y,,,,,,0,1,20184,11/4/2015,ANA,FLA,31,1,,7,22,33,3,45,31,,11,27,68,33,44,1
1,19:00,5v5,ANA,47,w,26,,,of,,,,y,,,,,,0,1,20184,11/4/2015,ANA,FLA,30,35,,29,67,26,2,47,31,,21,18,36,33,44,1
1,18:55,5v5,ANA,7,w,47,2,22,orrl,oc,of,y,,,,,,,0,1,20184,11/4/2015,ANA,FLA,,,,7,22,33,2,47,31,,11,27,68,6,7,1
1,18:08,5v5,ANA,26,s,67,,,oc,,,,y,,,,,,0,1,20184,11/4/2015,ANA,FLA,,,,29,67,26,3,45,31,,23,27,68,6,7,1
1,17:44,5v5,FLA,51,w,23,51,,oelpl,ol,,,,,,,,,0,31,20184,11/4/2015,ANA,FLA,,,,29,67,26,3,45,31,,23,63,73,5,51,1
1,17:13,5v5,FLA,6,s,17,,,of,,,,y,,,,,,0,31,20184,11/4/2015,ANA,FLA,,,,62,19,43,4,5,31,,17,42,28,6,7,1
1,17:09,5v5,FLA,7,w,6,28,,opr,of,,,,,,,,,0,31,20184,11/4/2015,ANA,FLA,,,,22,62,19,4,5,31,,17,42,28,6,7,1
1,15:29,5v5,ANA,17,t,45,3,10,or,opl,opl,,y,,,,,,0,1,20184,11/4/2015,ANA,FLA,,,,17,25,10,3,45,31,,11,21,18,33,44,1
1,15:27,5v5,ANA,45,s,22,,,of,,,,,,,,,,0,1,20184,11/4/2015,ANA,FLA,,,,7,22,33,3,45,31,,11,27,68,5,51,1
1,14:46,5v5,FLA,5,w,11,27,51,nc,nc,dl,y,y,,,,,,0,31,20184,11/4/2015,ANA,FLA,,,,7,22,33,5,45,31,,11,27,68,5,51,1
1,14:38,5v5,FLA,51,s,11,,,oelpc,,,,y,,,,,,0,31,20184,11/4/2015,ANA,FLA,,,,7,22,33,5,45,31,,11,27,68,5,51,1
1,12:42,5v5,FLA,5,w,18,5,,or,or,,,,,,,,,0,31,20184,11/4/2015,ANA,FLA,,,,17,25,10,2,47,31,,21,18,36,5,51,1
1,11:04,5v5,ANA,47,w,2,67,,opr,of,,,y,,,,,,0,1,20184,11/4/2015,ANA,FLA,,,,29,67,26,2,47,31,,23,63,73,6,7,1
1,9:44,5v4,ANA,47,w,45,25,45,oc,opl,ol,,y,,,,,,0,1,20184,11/4/2015,ANA,FLA,,,,25,29,67,45,47,31,,17,36,33,44,1,0
1,9:12,5v4,ANA,67,w,47,,,ol,,,,y,,,,,,0,1,20184,11/4/2015,ANA,FLA,,,,29,67,19,2,47,31,,17,18,6,7,1,0
1,8:56,4v5,FLA,5,w,27,,,of,,,,,,,,,,0,31,20184,11/4/2015,ANA,FLA,,,,Event Not in PBP or >10 Second Difference,Event Not in PBP or >10 Second Difference,Event Not in PBP or >10 Second Difference,Event Not in PBP or >10 Second Difference,Event Not in PBP or >10 Second Difference,Event Not in PBP or >10 Second Difference,,Event Not in PBP or >10 Second Difference,Event Not in PBP or >10 Second Difference,Event Not in PBP or >10 Second Difference,Event Not in PBP or >10 Second Difference,Event Not in PBP or >10 Second Difference,Event Not in PBP or >10 Second Difference
1,7:23,5v5,ANA,17,w,10,,,nl,,,y,y,,,,,,0,1,20184,11/4/2015,ANA,FLA,,,,17,25,10,4,5,31,,21,18,36,33,44,1
1,5:24,5v5,ANA,5,w,62,43,,opl,ol,,,,,,,,,0,1,20184,11/4/2015,ANA,FLA,,,,62,19,43,4,5,31,,23,63,73,5,51,1
1,4:16,5v4,FLA,18,w,51,18,21,oc,opl,ol,,,,,,,,0,31,20184,11/4/2015,ANA,FLA,,,,Event Not in PBP or >10 Second Difference,Event Not in PBP or >10 Second Difference,Event Not in PBP or >10 Second Difference,Event Not in PBP or >10 Second Difference,Event Not in PBP or >10 Second Difference,Event Not in PBP or >10 Second Difference,,Event Not in PBP or >10 Second Difference,Event Not in PBP or >10 Second Difference,Event Not in PBP or >10 Second Difference,Event Not in PBP or >10 Second Difference,Event Not in PBP or >10 Second Difference,Event Not in PBP or >10 Second Difference
1,3:56,5v4,FLA,73,o,51,18,,oc,opl,,,y,,,,,,0,31,20184,11/4/2015,ANA,FLA,,,,17,33,2,47,31,0,,21,73,18,36,51,1
1,3:47,5v4,FLA,11,a,68,5,63,or,or,of,y,,,,,,,0,31,20184,11/4/2015,ANA,FLA,,,,7,22,4,45,31,0,,11,27,63,68,5,1
1,2:24,5v5,ANA,43,w,3,,,nc,,,y,y,2 on 1,,,,,0,1,20184,11/4/2015,ANA,FLA,,,,33,43,3,4,5,31,,21,18,36,44,51,1
1,1:29,5v5,FLA,33,o,27,,,oc,,,,,,,,,,0,31,20184,11/4/2015,ANA,FLA,,,,Event Not in PBP or >10 Second Difference,Event Not in PBP or >10 Second Difference,Event Not in PBP or >10 Second Difference,Event Not in PBP or >10 Second Difference,Event Not in PBP or >10 Second Difference,Event Not in PBP or >10 Second Difference,,Event Not in PBP or >10 Second Difference,Event Not in PBP or >10 Second Difference,Event Not in PBP or >10 Second Difference,Event Not in PBP or >10 Second Difference,Event Not in PBP or >10 Second Difference,Event Not in PBP or >10 Second Difference
2,19:28,5v5,ANA,45,w,7,,,opr,,,,,,,,,,0,1,20184,11/4/2015,ANA,FLA,,,,7,22,33,3,45,31,,11,27,68,5,51,1
2,18:47,5v5,ANA,10,w,19,4,19,oelpl,oelc,oelc,,,,,,,,0,1,20184,11/4/2015,ANA,FLA,,,,17,10,19,4,5,31,,21,68,36,5,51,1
2,18:13,5v5,ANA,26,b,17,47,,oc,nl,,,,3 on 2,,,,,0,1,20184,11/4/2015,ANA,FLA,,,,10,19,26,5,47,31,,21,18,36,33,44,1
2,16:32,4v5,ANA,26,w,22,,,nr,,,y,y,,,,,,0,1,20184,11/4/2015,ANA,FLA,,,,22,26,4,5,31,0,,21,73,18,36,5,1
2,16:05,5v4,FLA,18,s,21,51,18,ol,oc,opr,,,,,,,,0,31,20184,11/4/2015,ANA,FLA,,,,62,26,3,45,31,0,,21,73,18,36,51,1
2,14:59,5v5,FLA,23,s,17,,,oc,,,y,y,,y,,,,0,31,20184,11/4/2015,ANA,FLA,,,,17,10,19,4,47,31,,17,23,42,6,7,1
2,14:34,5v5,ANA,4,s,26,25,,opl,oell,,,y,,,,,,-1,1,20184,11/4/2015,ANA,FLA,,,,25,29,26,2,4,31,,23,63,73,33,44,1
2,12:31,5v4,ANA,47,s,45,19,45,opr,opr,or,,,,,,,,-1,1,20184,11/4/2015,ANA,FLA,,,,22,29,19,45,47,31,,17,18,6,7,1,0
2,12:23,5v4,ANA,47,s,45,19,,opc,opr,,,y,,,,,,-1,1,20184,11/4/2015,ANA,FLA,,,,22,29,19,45,47,31,,17,18,6,7,1,0
2,12:15,5v4,ANA,29,w,3,29,,oc,of,,,,,,,,,-1,1,20184,11/4/2015,ANA,FLA,,,,22,29,19,2,47,31,,63,36,33,44,1,0
2,11:46,5v5,ANA,47,w,43,,,orrc,,,,y,,,,,,0,1,20184,11/4/2015,ANA,FLA,,,,62,26,43,2,47,31,,23,63,73,5,51,1
2,11:34,5v5,ANA,2,w,26,,,opr,,,,,,,,,,0,1,20184,11/4/2015,ANA,FLA,,,,62,26,43,2,47,31,,23,63,73,5,51,1
2,11:00,5v5,FLA,21,t,36,21,36,ol,oc,nc,y,y,,,,,,0,31,20184,11/4/2015,ANA,FLA,,,,17,10,26,4,5,31,,21,18,36,6,7,1
2,10:30,5v5,ANA,45,w,7,22,,opr,oell,,,,,,,,,0,1,20184,11/4/2015,ANA,FLA,,,,7,22,33,3,45,31,,11,27,68,33,44,1
2,9:27,5v5,ANA,2,s,26,,,opc,,,,,,,,,,0,1,20184,11/4/2015,ANA,FLA,,,,25,29,26,2,47,31,,17,42,28,5,51,1
2,8:26,5v5,FLA,6,o,23,7,,or,dsl,,,y,,,,,,0,31,20184,11/4/2015,ANA,FLA,,,,62,19,43,2,47,31,,23,63,73,6,7,1
2,6:58,5v5,ANA,45,w,10,45,,or,nr,,y,,4 on 3,,,,,0,1,20184,11/4/2015,ANA,FLA,,,,7,17,10,3,45,31,,21,18,36,33,44,1
2,5:50,5v4,FLA,27,s,36,68,,oc,nr,,,,,,,,,0,31,20184,11/4/2015,ANA,FLA,,,,22,33,2,47,31,0,,11,27,63,68,5,1
2,5:41,5v4,FLA,51,s,36,,,opr,,,,,,,,,,0,31,20184,11/4/2015,ANA,FLA,,,,7,17,4,47,31,0,,21,18,68,36,51,1
2,2:43,5v5,ANA,7,w,4,5,,oc,dr,,,y,,,,,,0,1,20184,11/4/2015,ANA,FLA,,,,7,22,33,4,5,31,,11,27,68,33,44,1
2,2:07,5v5,FLA,27,w,11,33,,ol,ol,,y,y,,,44,y,y,0,31,20184,11/4/2015,ANA,FLA,,,,7,22,33,3,45,31,,11,27,68,33,44,1
2,1:13,5v5,FLA,7,w,18,,,opl,,,,,,,,,,-1,31,20184,11/4/2015,ANA,FLA,,,,25,29,26,2,47,31,,21,18,36,6,7,1
3,19:46,5v5,ANA,33,w,45,,,dc,,,,y,,,,,,-1,1,20184,11/4/2015,ANA,FLA,,,,7,22,33,2,47,31,,11,27,68,5,51,1
3,18:58,5v5,FLA,33,w,21,36,,opl,or,,,,,,,,,-1,31,20184,11/4/2015,ANA,FLA,,,,17,25,10,4,5,31,,21,18,36,33,44,1
3,18:27,5v5,FLA,73,w,63,,,oelrrc,,,y,y,,,,,,-1,31,20184,11/4/2015,ANA,FLA,,,,29,62,26,2,47,31,,23,63,73,6,7,1
3,18:14,5v5,FLA,73,o,23,7,,orrl,ol,,y,y,,,,,,-1,31,20184,11/4/2015,ANA,FLA,,,,29,62,26,2,47,31,,23,63,73,6,7,1
3,17:33,5v4,ANA,17,o,45,4,,oc,opr,,,,,,,,,-1,1,20184,11/4/2015,ANA,FLA,,,,17,10,26,4,45,31,,63,36,33,44,1,0
3,17:24,5v4,ANA,4,w,45,,,oc,,,,,,,,,,-1,1,20184,11/4/2015,ANA,FLA,,,,17,10,26,4,45,31,,63,36,33,44,1,0
3,17:08,5v4,ANA,4,o,45,,,oc,,,,y,,,,,,-1,1,20184,11/4/2015,ANA,FLA,,,,17,10,26,4,45,31,,63,36,33,44,1,0
3,16:17,5v4,ANA,45,s,17,,,opr,,,,y,,,,,,-1,1,20184,11/4/2015,ANA,FLA,,,,17,25,10,45,47,31,,17,18,6,7,1,0
3,15:44,5v5,ANA,22,s,29,,,oc,,,y,y,,,,,,-1,1,20184,11/4/2015,ANA,FLA,,,,22,29,19,2,4,31,,11,27,33,44,51,1
3,14:45,5v5,ANA,33,w,45,3,,dc,dl,,,,,,,,,-1,1,20184,11/4/2015,ANA,FLA,,,,7,17,33,3,45,31,,21,18,36,5,51,1
3,12:26,5v5,ANA,45,w,62,19,29,or,or,or,y,,,,,,,-1,1,20184,11/4/2015,ANA,FLA,,,,29,62,19,2,45,31,,11,27,68,5,51,1
3,12:05,5v5,ANA,62,w,29,,,oell,,,y,y,,,,,,-1,1,20184,11/4/2015,ANA,FLA,,,,29,62,19,3,45,31,,11,17,27,33,44,1
3,10:31,5v5,FLA,21,b,6,7,,dc,dl,,,,,,,,,-1,31,20184,11/4/2015,ANA,FLA,,,,7,17,43,4,47,31,,21,23,18,6,7,1
3,8:16,5v5,ANA,5,s,62,,,oelpc,,,,,,,,,,-1,1,20184,11/4/2015,ANA,FLA,,,,29,62,19,4,5,31,,17,42,28,33,44,1
3,7:21,5v5,FLA,21,s,11,68,,or,opr,,,,,,,,,-1,31,20184,11/4/2015,ANA,FLA,,,,17,10,43,2,47,31,,11,21,68,5,51,1
3,5:36,5v5,FLA,63,w,73,,,or,,,y,,,,,,,-1,31,20184,11/4/2015,ANA,FLA,,,,29,62,19,4,5,31,,23,63,73,33,44,1
3,3:45,5v4,ANA,4,s,45,29,,or,oelpr,,,y,,,29,y,,-1,1,20184,11/4/2015,ANA,FLA,,,,22,29,19,4,45,31,,63,36,33,44,1,0
3,3:07,5v4,ANA,45,o,17,45,,opr,nr,,,y,,,,,,-1,1,20184,11/4/2015,ANA,FLA,,,,17,10,33,4,45,31,,17,18,33,44,1,0
3,1:58,5v5,FLA,27,w,68,11,27,oc,oc,nr,y,,,,,,,-1,31,20184,11/4/2015,ANA,FLA,,,,Event Not in PBP or >10 Second Difference,Event Not in PBP or >10 Second Difference,Event Not in PBP or >10 Second Difference,Event Not in PBP or >10 Second Difference,Event Not in PBP or >10 Second Difference,Event Not in PBP or >10 Second Difference,,Event Not in PBP or >10 Second Difference,Event Not in PBP or >10 Second Difference,Event Not in PBP or >10 Second Difference,Event Not in PBP or >10 Second Difference,Event Not in PBP or >10 Second Difference,Event Not in PBP or >10 Second Difference
3,1:30,5v5,FLA,11,w,51,11,68,oc,opr,ol,y,y,,,,,,-1,31,20184,11/4/2015,ANA,FLA,,,,7,22,29,2,47,31,,11,27,68,5,51,1
3,0:57,6v5,ANA,33,w,17,4,,ol,ol,,y,,,,,,,-1,1,20184,11/4/2015,ANA,FLA,,,,7,17,10,33,4,45,,11,27,68,5,51,1
3,0:49,6v5,ANA,7,t,45,4,,ol,or,,y,,,,,,,-1,1,20184,11/4/2015,ANA,FLA,,,,7,17,10,33,4,45,,11,27,68,5,51,1
3,0:08,6v4,ANA,17,o,47,,,opr,,,,y,,,10,y,y,-1,1,20184,11/4/2015,ANA,FLA,,,,17,22,10,33,4,47,,63,36,33,44,1,0
4,3:11,3v3,ANA,10,w,45,,,opr,,,,,,,,,,0,1,20184,11/4/2015,ANA,FLA,,,,22,10,0,0,45,31,,18,36,0,0,51,1
4,2:58,3v3,FLA,18,o,36,,,orrc,,,y,y,,,,,,0,31,20184,11/4/2015,ANA,FLA,,,,22,10,0,0,47,31,,18,36,0,0,51,1
4,2:34,3v3,FLA,44,o,68,,,oc,,,,,,,,,,0,31,20184,11/4/2015,ANA,FLA,,,,7,17,0,0,4,31,,21,68,0,0,44,1
4,2:18,3v3,FLA,21,a,68,,,oc,,,,,,,,,,0,31,20184,11/4/2015,ANA,FLA,,,,17,33,0,0,4,31,,21,68,0,0,5,1
4,0:04,3v3,ANA,17,w,4,7,,opl,or,,,,,,,,,0,1,20184,11/4/2015,ANA,FLA,,,,7,17,0,0,4,31,,68,36,0,0,5,1
1,18:58,5v5,ANA,7,b,26,4,,nl,dsl,,y,y,1 on 0,y,,,,0,36,20333,11/27/2015,ANA,CHI,50,36,,7,22,26,2,4,36,,15,72,88,2,32,50
1,17:18,5v5,ANA,10,w,15,,,or,,,,y,,,,,,1,36,20333,11/27/2015,ANA,CHI,,,,15,10,67,2,4,36,,15,28,72,6,32,50
1,16:56,5v5,ANA,2,w,15,4,,nl,dl,,,,,,,,,1,36,20333,11/27/2015,ANA,CHI,,,,15,10,67,2,4,36,,19,28,65,2,4,50
1,16:29,5v5,ANA,29,o,17,,,oelr,,,,,,,,,,1,36,20333,11/27/2015,ANA,CHI,,,,17,29,19,3,45,36,,16,56,81,7,57,50
1,12:16,5v5,ANA,26,w,22,17,,or,nsl,,,,,,,,,1,36,20333,11/27/2015,ANA,CHI,,,,7,22,26,42,47,36,,15,72,88,2,4,50
1,11:18,5v5,ANA,22,w,26,,,oelc,,,y,y,,,,,,1,36,20333,11/27/2015,ANA,CHI,,,,7,22,26,2,4,36,,15,72,88,6,32,50
1,11:13,5v5,ANA,7,w,4,7,,ol,opc,,,,,,,,,1,36,20333,11/27/2015,ANA,CHI,,,,7,22,26,2,4,36,,15,72,88,6,32,50
1,10:11,5v5,ANA,33,w,42,,,nc,,,y,,,,,,,1,36,20333,11/27/2015,ANA,CHI,,,,17,33,37,42,47,36,,19,28,65,7,57,50
1,9:35,5v4,CHI,7,o,88,7,72,opr,oc,opl,,,,,,,,1,50,20333,11/27/2015,ANA,CHI,,,,17,33,3,45,36,0,,15,72,88,2,7,50
1,8:35,5v4,CHI,6,s,81,65,,opr,oell,,,,,,,,,1,50,20333,11/27/2015,ANA,CHI,,,,15,26,42,47,36,0,,19,65,81,86,6,50
1,8:01,5v4,CHI,86,s,6,81,86,oc,opr,opl,,,,,,,,1,50,20333,11/27/2015,ANA,CHI,,,,15,26,42,47,36,0,,19,65,81,86,6,50
1,6:46,5v4,CHI,15,b,7,2,,oc,opl,,y,,,,,,,1,50,20333,11/27/2015,ANA,CHI,,,,7,22,2,4,36,0,,15,72,88,2,7,50
1,6:28,5v4,CHI,7,o,88,7,72,opc,oc,opl,,y,,,,,,1,50,20333,11/27/2015,ANA,CHI,,,,7,22,2,4,36,0,,15,72,88,2,7,50
1,5:45,5v4,CHI,81,s,86,6,86,ol,opl,opr,,,,,,,,1,50,20333,11/27/2015,ANA,CHI,,,,15,26,42,47,36,0,,19,65,81,86,6,50
1,5:34,5v4,CHI,81,s,19,,,opc,,,,,,,,,,1,50,20333,11/27/2015,ANA,CHI,,,,15,26,42,45,47,36,,19,65,81,86,6,50
1,4:56,5v5,CHI,15,w,4,2,,dr,dl,,,y,,,,,,1,50,20333,11/27/2015,ANA,CHI,,,,7,22,26,2,4,36,,15,72,88,2,4,50
1,3:55,5v5,CHI,6,w,16,,,or,,,y,,,,,,,1,50,20333,11/27/2015,ANA,CHI,,,,25,10,19,42,47,36,,16,56,81,6,32,50
1,3:42,5v5,CHI,16,a,56,16,,oelc,or,,y,,,,,,,1,50,20333,11/27/2015,ANA,CHI,,,,25,10,19,42,47,36,,16,56,81,6,32,50
1,3:24,5v5,CHI,16,t,81,32,81,oc,opc,opc,y,y,,,,,,1,50,20333,11/27/2015,ANA,CHI,,,,25,10,19,42,47,36,,16,56,81,6,32,50
1,1:35,5v5,CHI,2,s,65,,,ol,,,,y,,,,,,1,50,20333,11/27/2015,ANA,CHI,,,,17,29,37,3,45,36,,19,28,65,2,4,50
1,0:43,4v4,ANA,47,t,45,15,10,orrc,opc,ol,y,,,,,,,1,36,20333,11/27/2015,ANA,CHI,,,,15,10,45,47,36,0,,81,88,2,4,50,0
1,0:26,4v4,ANA,22,s,45,,,nsc,,,,y,,,,,,1,36,20333,11/27/2015,ANA,CHI,,,,7,22,2,4,36,0,,15,72,7,57,50,0
2,19:00,5v5,ANA,4,w,2,17,,opc,ofp,,,,,,,,,1,36,20333,11/27/2015,ANA,CHI,,,,17,33,37,2,4,36,,19,28,65,7,57,50
2,18:22,5v5,CHI,16,b,81,,,or,,,y,,,,,,,1,50,20333,11/27/2015,ANA,CHI,,,,15,10,67,42,47,36,,16,56,81,2,4,50
2,17:05,5v5,CHI,15,w,72,88,6,oc,nc,dl,,,,,,,,1,50,20333,11/27/2015,ANA,CHI,,,,22,29,19,3,45,36,,15,72,88,6,32,50
2,15:45,5v4,CHI,15,b,88,,,or,,,y,y,,,,,,1,50,20333,11/27/2015,ANA,CHI,,,,7,22,42,47,36,0,,15,72,88,2,7,50
2,15:31,5v4,CHI,2,w,72,88,,orrl,opc,,y,,,,,,,1,50,20333,11/27/2015,ANA,CHI,,,,7,22,42,47,36,0,,15,72,88,2,7,50
2,15:16,5v4,CHI,2,w,88,72,,oc,orrl,or,y,,,,,,,1,50,20333,11/27/2015,ANA,CHI,,,,7,22,42,47,36,0,,15,72,88,2,7,50
2,15:01,5v4,CHI,7,s,72,,,opl,,,,,,,88,y,,1,50,20333,11/27/2015,ANA,CHI,,,,7,22,42,47,36,0,,15,72,88,2,7,50
2,14:50,5v4,CHI,88,w,7,,,oc,,,,y,,,,,,1,50,20333,11/27/2015,ANA,CHI,,,,7,22,42,47,36,0,,15,72,88,2,7,50
2,14:40,5v5,CHI,15,w,88,,,oc,,,y,y,,,,,,1,50,20333,11/27/2015,ANA,CHI,,,,7,22,3,42,47,36,,15,72,88,2,7,50
2,14:24,5v4,ANA,15,o,47,4,,oc,opc,,,,,,,,,1,36,20333,11/27/2015,ANA,CHI,,,,15,10,67,4,45,36,,11,16,2,4,50,0
2,13:08,5v4,ANA,47,o,2,47,,opr,opl,,,,,33,y,,,1,36,20333,11/27/2015,ANA,CHI,,,,17,33,37,2,47,36,,15,81,2,4,50,0
2,12:26,5v4,ANA,29,w,47,,,orrc,,,y,y,,y,,,,1,36,20333,11/27/2015,ANA,CHI,,,,17,29,19,4,47,36,,19,65,88,7,57,50
2,12:16,5v5,CHI,72,w,32,,,nr,,,,,,,,,,2,50,20333,11/27/2015,ANA,CHI,,,,7,22,26,4,45,36,,19,72,88,6,32,50
2,12:03,5v5,ANA,15,w,45,,,nr,,,y,,,,,,,2,36,20333,11/27/2015,ANA,CHI,,,,15,10,67,3,45,36,,11,53,86,2,32,50
2,11:35,5v5,CHI,81,w,56,2,,ol,nc,,,y,,,,,,2,50,20333,11/27/2015,ANA,CHI,,,,25,29,19,3,45,36,,16,56,81,6,32,50
2,11:24,5v5,CHI,88,o,72,6,,ol,ol,,,,,,,,,2,50,20333,11/27/2015,ANA,CHI,,,,25,29,19,3,45,36,,16,56,81,6,32,50
2,10:50,5v5,CHI,88,w,15,6,,oc,ol,,y,y,,,,,,2,50,20333,11/27/2015,ANA,CHI,,,,7,22,26,2,4,36,,15,72,88,6,32,50
2,10:36,5v5,CHI,6,w,72,15,72,orrr,oelc,oelc,y,y,,,15,,,2,50,20333,11/27/2015,ANA,CHI,,,,7,22,26,2,4,36,,15,72,88,6,32,50
2,10:23,5v5,CHI,32,s,88,,,oc,,,,,,,,,,2,50,20333,11/27/2015,ANA,CHI,,,,7,22,26,2,4,36,,15,72,88,6,32,50
2,9:56,5v5,CHI,2,s,65,32,,nr,dr,,,,,,,,,2,50,20333,11/27/2015,ANA,CHI,,,,22,33,26,42,47,36,,19,28,65,2,32,50
2,9:36,5v5,ANA,37,w,17,,,of,,,y,,,,,,,2,36,20333,11/27/2015,ANA,CHI,,,,17,33,37,42,47,36,,19,28,65,7,57,50
2,8:26,5v5,ANA,45,w,10,3,45,opl,ol,opr,,,,,,,,2,36,20333,11/27/2015,ANA,CHI,,,,Event Not in PBP or >10 Second Difference,Event Not in PBP or >10 Second Difference,Event Not in PBP or >10 Second Difference,Event Not in PBP or >10 Second Difference,Event Not in PBP or >10 Second Difference,Event Not in PBP or >10 Second Difference,,Event Not in PBP or >10 Second Difference,Event Not in PBP or >10 Second Difference,Event Not in PBP or >10 Second Difference,Event Not in PBP or >10 Second Difference,Event Not in PBP or >10 Second Difference,Event Not in PBP or >10 Second Difference
2,7:52,5v5,ANA,19,w,4,,,nc,,,,,,,,,,2,36,20333,11/27/2015,ANA,CHI,,,,25,29,19,2,4,36,,16,56,81,6,32,50
2,7:30,5v5,ANA,4,s,2,25,,opr,oelc,,,,,,,,,2,36,20333,11/27/2015,ANA,CHI,,,,25,29,19,2,4,36,,16,56,81,6,32,50
2,6:43,5v5,ANA,42,w,26,7,,dr,dr,,,y,,,,,,2,36,20333,11/27/2015,ANA,CHI,,,,7,22,26,42,47,36,,15,72,88,6,32,50
2,6:36,5v5,ANA,33,s,22,42,,oelc,oelc,,,y,,,26,y,,2,36,20333,11/27/2015,ANA,CHI,,,,7,22,26,42,47,36,,15,72,88,6,32,50
2,5:15,5v5,CHI,57,w,7,19,81,opr,oelc,ol,,y,,,,,,2,50,20333,11/27/2015,ANA,CHI,,,,17,33,37,2,4,36,,11,53,86,4,57,50
2,3:55,5v5,CHI,2,w,81,,,oc,,,,,,,,,,2,50,20333,11/27/2015,ANA,CHI,,,,15,10,67,2,4,36,,16,56,81,2,4,50
2,3:43,5v5,CHI,81,w,16,,,or,,,y,y,,,,,,2,50,20333,11/27/2015,ANA,CHI,,,,15,10,67,2,4,36,,16,56,81,2,4,50
2,2:19,5v5,CHI,6,w,86,72,,ol,ol,,,y,,,,,,2,50,20333,11/27/2015,ANA,CHI,,,,7,22,26,2,4,36,,72,88,86,6,32,50
2,1:49,5v5,CHI,88,w,72,,,dr,,,y,y,1 on 0,,,,,2,50,20333,11/27/2015,ANA,CHI,,,,7,25,26,3,45,36,,72,88,86,6,32,50
2,0:14,6v5,ANA,4,s,17,15,2,opl,or,oc,,,,,,,,2,36,20333,11/27/2015,ANA,CHI,,,,15,17,33,37,2,4,,19,65,81,2,4,50
3,19:45,5v4,ANA,15,o,4,45,15,oc,opr,ol,,y,,,,,,2,36,20333,11/27/2015,ANA,CHI,,,,15,10,67,4,45,36,,16,28,7,57,50,0
3,19:38,5v4,ANA,4,s,10,15,,opl,ol,,,y,,,,,,2,36,20333,11/27/2015,ANA,CHI,,,,15,10,67,4,45,36,,16,28,7,57,50,0
3,19:31,5v4,ANA,4,w,15,,,opl,,,,y,,,10,,,2,36,20333,11/27/2015,ANA,CHI,,,,15,10,67,4,45,36,,16,28,7,57,50,0
3,19:19,5v4,ANA,4,o,15,4,45,opl,oc,opr,,,,,,,,2,36,20333,11/27/2015,ANA,CHI,,,,15,10,67,4,45,36,,16,28,7,57,50,0
3,17:13,5v5,ANA,33,w,4,,,dsl,,,,y,,,,,,2,36,20333,11/27/2015,ANA,CHI,,,,17,33,26,2,4,36,,19,65,88,7,57,50
3,16:33,5v5,ANA,10,w,45,15,67,or,opr,oelc,,,,,,,,2,36,20333,11/27/2015,ANA,CHI,,,,15,10,67,3,45,36,,16,56,81,6,32,50
3,16:20,5v5,ANA,15,o,10,,,oelc,,,y,,,,,,,2,36,20333,11/27/2015,ANA,CHI,,,,15,10,67,2,4,36,,16,56,81,6,32,50
3,15:18,5v5,ANA,7,w,4,,,dr,,,,y,,,,,,2,36,20333,11/27/2015,ANA,CHI,,,,7,22,26,2,4,36,,15,72,88,7,57,50
3,14:15,4v5,CHI,81,w,19,,,nl,,,y,,,,,,,2,50,20333,11/27/2015,ANA,CHI,,,,17,10,37,2,47,36,,19,81,7,57,50,0
3,11:46,5v5,ANA,33,w,47,,,nl,,,,y,,,,,,2,36,20333,11/27/2015,ANA,CHI,,,,17,33,37,42,47,36,,19,28,65,7,57,50
3,10:24,5v5,CHI,88,b,86,88,,oell,oelc,,y,,,,,,,2,50,20333,11/27/2015,ANA,CHI,,,,7,22,26,4,45,36,,81,88,86,6,32,50
3,9:06,5v5,CHI,72,o,88,19,,or,oc,,,y,,,,,,2,50,20333,11/27/2015,ANA,CHI,,,,17,33,37,2,4,36,,19,72,88,2,4,50
3,8:57,5v5,CHI,88,o,88,2,19,ol,ol,opc,,,,,,,,2,50,20333,11/27/2015,ANA,CHI,,,,17,33,37,2,4,36,,19,72,88,2,4,50
3,7:32,5v5,CHI,57,o,72,,,orrr,,,y,,,,,,,2,50,20333,11/27/2015,ANA,CHI,,,,7,22,26,42,47,36,,15,72,88,4,57,50
3,6:43,5v5,CHI,72,o,57,88,,oc,opr,,,y,,,,,,2,50,20333,11/27/2015,ANA,CHI,,,,7,22,26,42,47,36,,15,72,88,4,57,50
3,6:36,5v5,CHI,2,o,4,15,,oc,ol,,,,,,,,,2,50,20333,11/27/2015,ANA,CHI,,,,7,22,26,42,47,36,,15,72,88,2,4,50
3,5:04,5v5,ANA,7,w,22,,,nf,,,,,,,,,,2,36,20333,11/27/2015,ANA,CHI,,,,7,22,26,45,47,36,,72,88,86,6,7,50
3,4:44,5v5,CHI,81,w,7,,,nsc,,,,,,,,,,2,50,20333,11/27/2015,ANA,CHI,,,,15,10,67,45,47,36,,56,81,86,6,7,50
3,3:55,5v5,ANA,33,w,15,,,nc,,,,y,,,,,,2,36,20333,11/27/2015,ANA,CHI,,,,15,17,33,2,4,36,,19,72,88,4,57,50
3,2:51,6v5,CHI,2,s,15,,,of,,,,,,,,,,2,50,20333,11/27/2015,ANA,CHI,,,,7,15,22,2,4,36,,15,65,72,88,2,32
3,2:17,6v5,CHI,32,s,2,88,32,opl,ol,or,,y,,,,,,2,50,20333,11/27/2015,ANA,CHI,,,,7,15,22,2,4,36,,15,65,72,88,2,32
3,1:51,6v4,CHI,88,w,2,88,2,oc,opl,ol,y,y,,,,,,2,50,20333,11/27/2015,ANA,CHI,,,,17,33,45,47,36,0,,19,65,81,88,2,7
3,1:45,6v4,CHI,7,s,2,81,19,ol,opl,of,,,,,,,,2,50,20333,11/27/2015,ANA,CHI,,,,17,33,45,47,36,0,,19,65,81,88,2,7
3,1:41,6v4,CHI,81,o,2,,,oc,,,,y,,y,,,,2,50,20333,11/27/2015,ANA,CHI,,,,17,33,45,47,36,0,,19,65,81,88,2,7
3,0:27,6v5,CHI,2,s,7,88,72,oc,opr,oelc,,y,,y,,,,1,50,20333,11/27/2015,ANA,CHI,,,,17,22,26,2,4,36,,19,72,81,88,2,7
3,0:03,5v5,ANA,10,s,47,,,dc,,,,,,,,,,0,36,20333,11/27/2015,ANA,CHI,,,,15,10,67,45,47,36,,11,16,86,2,4,50
4,4:28,3v3,CHI,88,w,2,88,2,oc,oc,oc,y,y,,,,,,0,50,20333,11/27/2015,ANA,CHI,,,,17,33,0,0,4,36,,19,88,0,0,2,50
4,4:19,3v3,CHI,2,w,88,,,oelc,,,y,,,,,,,0,50,20333,11/27/2015,ANA,CHI,,,,17,33,0,0,4,36,,19,88,0,0,2,50
4,3:07,3v3,CHI,15,w,7,,,orrr,,,y,y,,y,,,,0,50,20333,11/27/2015,ANA,CHI,,,,67,26,0,0,47,36,,15,88,0,0,7,50
1,19:28,5v5,ANA,45,W,22,,,opr,,,,,,,,,,0,31,20210,11/7/2015,S.J,ANA,31,30,,7,22,43,3,45,30,,50,57,82,7,88,31
1,18:51,5v5,ANA,4,W,26,,,opl,,,,,,,,,,0,31,20210,11/7/2015,S.J,ANA,32,31,,17,33,26,2,4,30,,12,48,42,44,61,31
1,18:26,5v5,ANA,42,W,47,15,,ol,ofp,,,,,,19,Y,,0,31,20210,11/7/2015,S.J,ANA,,,,15,10,19,42,47,30,,8,19,27,7,88,31
1,17:33,5v5,ANA,29,A,62,,,oelc,,,,Y,,,,,,0,31,20210,11/7/2015,S.J,ANA,,,,25,29,62,42,47,30,,38,18,83,4,80,31
1,17:25,5v5,ANA,29,T,3,45,29,orrl,or,oelpr,,,,,,,,0,31,20210,11/7/2015,S.J,ANA,,,,25,29,62,3,45,30,,38,18,83,4,80,31
1,17:19,5v5,ANA,3,W,29,25,,oprrl,ol,,,Y,,,,,,0,31,20210,11/7/2015,S.J,ANA,,,,25,29,62,3,45,30,,38,18,83,4,80,31
1,17:08,5v5,ANA,25,W,29,45,,oc,dsc,,,Y,,,,,,0,31,20210,11/7/2015,S.J,ANA,,,,25,29,62,2,4,30,,50,57,82,4,80,31
1,15:04,5v5,ANA,10,W,4,,,dsc,,,,Y,1 on 0,Y,,,,0,31,20210,11/7/2015,S.J,ANA,,,,15,10,19,3,45,30,,12,48,42,44,61,31
1,14:22,5v5,ANA,33,T,17,,,ol,,,Y,Y,,,,,,-1,31,20210,11/7/2015,S.J,ANA,,,,17,33,26,2,4,30,,38,18,83,7,88,31
1,13:10,5v5,S.J,88,W,19,27,,oprrc,oelc,,,Y,,,27,Y,,-1,30,20210,11/7/2015,S.J,ANA,,,,25,29,62,42,47,30,,8,19,27,4,88,31
1,11:57,5v5,S.J,88,W,50,82,,opr,oelr,,,,,,,,,-1,30,20210,11/7/2015,S.J,ANA,,,,17,33,26,2,4,30,,50,57,82,7,88,31
1,10:59,5v5,ANA,7,W,47,22,,oc,nc,,,,,,,,,-1,31,20210,11/7/2015,S.J,ANA,,,,7,22,43,3,42,30,,38,18,83,4,61,31
1,10:27,5v5,S.J,44,W,8,,,opr,,,,,,,,,,-1,30,20210,11/7/2015,S.J,ANA,,,,15,10,19,3,45,30,,8,19,27,44,61,31
1,9:53,5v5,ANA,4,O,29,25,,oprrl,nl,,,,,,,,,-1,31,20210,11/7/2015,S.J,ANA,,,,25,29,62,2,4,30,,12,48,42,4,80,31
1,8:20,5v5,S.J,57,W,82,50,82,or,nsr,dr,,Y,,,,,,-1,30,20210,11/7/2015,S.J,ANA,,,,17,33,26,42,47,30,,50,57,82,7,88,31
1,8:03,5v5,S.J,88,W,57,7,,oprrl,ol,,,,,,,,,-1,30,20210,11/7/2015,S.J,ANA,,,,Event Not in PBP or >10 Second Difference,Event Not in PBP or >10 Second Difference,Event Not in PBP or >10 Second Difference,Event Not in PBP or >10 Second Difference,Event Not in PBP or >10 Second Difference,Event Not in PBP or >10 Second Difference,,Event Not in PBP or >10 Second Difference,Event Not in PBP or >10 Second Difference,Event Not in PBP or >10 Second Difference,Event Not in PBP or >10 Second Difference,Event Not in PBP or >10 Second Difference,Event Not in PBP or >10 Second Difference
1,6:12,5v5,ANA,25,W,29,,,orrr,,,Y,Y,,,,,,-1,31,20210,11/7/2015,S.J,ANA,,,,25,29,62,3,45,30,,38,18,83,4,88,31
1,5:57,5v5,S.J,7,W,61,48,42,oell,,,,,,,,,,-1,30,20210,11/7/2015,S.J,ANA,,,,Event Not in PBP or >10 Second Difference,Event Not in PBP or >10 Second Difference,Event Not in PBP or >10 Second Difference,Event Not in PBP or >10 Second Difference,Event Not in PBP or >10 Second Difference,Event Not in PBP or >10 Second Difference,,Event Not in PBP or >10 Second Difference,Event Not in PBP or >10 Second Difference,Event Not in PBP or >10 Second Difference,Event Not in PBP or >10 Second Difference,Event Not in PBP or >10 Second Difference,Event Not in PBP or >10 Second Difference
1,4:12,5v4,S.J,12,T,88,19,44,orrr,opr,ol,Y,,,,,,,-1,30,20210,11/7/2015,S.J,ANA,,,,17,22,3,45,30,0,,8,12,19,44,88,31
1,3:42,5v4,S.J,8,W,19,88,44,or,or,ol,Y,Y,,,,,,-1,30,20210,11/7/2015,S.J,ANA,,,,17,22,3,45,30,0,,8,12,19,44,88,31
1,3:12,5v4,S.J,88,W,61,57,42,or,opr,oelc,,Y,,,48,,,-1,30,20210,11/7/2015,S.J,ANA,,,,7,15,2,4,30,0,,48,57,42,61,88,31
1,3:01,5v4,S.J,57,W,88,61,57,orrl,or,opr,,Y,,,,,,-1,30,20210,11/7/2015,S.J,ANA,,,,7,15,2,4,30,0,,48,57,42,61,88,31
1,2:55,5v4,S.J,61,W,88,,,ol,,,,,,,,,,-1,30,20210,11/7/2015,S.J,ANA,,,,7,15,2,4,30,0,,48,57,42,61,88,31
1,1:22,5v5,S.J,83,A,18,,,oelr,,,Y,Y,,,,,,-1,30,20210,11/7/2015,S.J,ANA,,,,15,29,62,3,45,30,,38,18,83,4,61,31
1,0:51,5v5,ANA,2,O,4,26,17,or,opr,ofp,,,,,,,,-1,31,20210,11/7/2015,S.J,ANA,,,,17,33,26,2,4,30,,38,18,83,44,88,31
2,17:17,5v5,ANA,10,W,15,,,oell,,,,Y,,,,,,-1,31,20210,11/7/2015,S.J,ANA,,,,15,10,19,42,47,30,,50,57,82,44,88,31
2,16:34,5v5,S.J,8,W,19,,,ol,,,,Y,,,,,,-1,30,20210,11/7/2015,S.J,ANA,,,,25,29,62,42,47,30,,8,19,27,44,88,31
2,16:22,5v5,S.J,27,A,8,19,,oelc,or,,Y,Y,,,,,,-1,30,20210,11/7/2015,S.J,ANA,,,,25,29,62,42,47,30,,8,19,27,44,61,31
2,15:25,5v5,S.J,38,T,4,44,48,ol,or,opr,Y,Y,,,,,,-1,30,20210,11/7/2015,S.J,ANA,,,,7,22,43,42,47,30,,38,18,83,4,80,31
2,15:19,5v5,ANA,43,S,7,30,,or,dsc,,Y,,,,,,,-1,31,20210,11/7/2015,S.J,ANA,,,,7,22,43,3,45,30,,38,18,83,4,80,31
2,15:00,5v5,ANA,33,S,45,,,dsl,,,,Y,,,,,,-1,31,20210,11/7/2015,S.J,ANA,,,,17,33,26,3,45,30,,12,48,42,7,88,31
2,14:39,5v5,ANA,26,W,17,33,,oelr,or,,Y,Y,,,,,,-1,31,20210,11/7/2015,S.J,ANA,,,,17,33,26,3,45,30,,12,48,42,7,88,31
2,10:42,5v5,S.J,27,T,19,7,88,orrr,nsc,dsl,Y,Y,,,,,,-1,30,20210,11/7/2015,S.J,ANA,,,,15,10,26,2,4,30,,8,19,27,7,88,31
2,9:17,5v5,ANA,2,W,25,29,45,ol,nr,dsr,,,,,,,,-1,31,20210,11/7/2015,S.J,ANA,,,,25,29,62,2,45,30,,50,57,82,4,80,31
2,6:29,5v4,ANA,42,W,47,25,47,dsl,dl,dl,,,,,,,,-1,31,20210,11/7/2015,S.J,ANA,,,,25,29,62,42,47,30,,8,82,4,61,31,0
2,6:07,5v5,ANA,26,A,62,,,oell,,,Y,Y,,,29,,,-1,31,20210,11/7/2015,S.J,ANA,,,,Event Not in PBP or >10 Second Difference,Event Not in PBP or >10 Second Difference,Event Not in PBP or >10 Second Difference,Event Not in PBP or >10 Second Difference,Event Not in PBP or >10 Second Difference,Event Not in PBP or >10 Second Difference,,Event Not in PBP or >10 Second Difference,Event Not in PBP or >10 Second Difference,Event Not in PBP or >10 Second Difference,Event Not in PBP or >10 Second Difference,Event Not in PBP or >10 Second Difference,Event Not in PBP or >10 Second Difference
2,3:22,5v5,ANA,29,W,25,45,,orrc,or,,,,,,,,,-1,31,20210,11/7/2015,S.J,ANA,,,,25,29,62,3,45,30,,38,18,83,4,44,31
2,3:06,5v5,ANA,2,W,43,7,,orrl,ol,,Y,Y,,,,,,-1,31,20210,11/7/2015,S.J,ANA,,,,7,22,43,2,4,30,,50,57,82,7,80,31
2,2:00,5v4,ANA,15,T,45,10,4,orrr,ol,oc,Y,Y,,,,,,-1,31,20210,11/7/2015,S.J,ANA,,,,15,10,19,4,45,30,,50,57,7,88,31,0
3,19:13,5v5,ANA,17,W,2,4,17,nsl,dsl,dl,,Y,,,,,,-1,31,20210,11/7/2015,S.J,ANA,,,,17,33,26,45,47,30,,12,48,42,44,88,31
3,18:27,5v5,ANA,10,W,15,,,nr,,,,,,,,,,-1,31,20210,11/7/2015,S.J,ANA,,,,15,10,19,42,47,30,,12,57,82,44,61,31
3,16:42,5v5,S.J,88,W,48,,,opr,,,,,,,,,,-1,30,20210,11/7/2015,S.J,ANA,,,,7,22,43,3,45,30,,12,48,42,44,88,31
3,15:58,5v5,ANA,47,W,15,19,47,opl,ol,dsl,,,,,,,,-1,31,20210,11/7/2015,S.J,ANA,,,,15,10,19,42,47,30,,8,19,27,7,88,31
3,15:46,5v5,ANA,4,S,2,16,,or,opr,,,Y,,,,,,-1,31,20210,11/7/2015,S.J,ANA,,,,17,33,26,2,4,30,,8,19,27,7,88,31
3,15:19,5v5,S.J,38,T,61,12,,or,oelr,,,,,,,,,-1,30,20210,11/7/2015,S.J,ANA,,,,17,33,26,2,4,30,,12,38,18,7,61,31
3,15:12,5v5,S.J,44,S,57,,,ofp,,,,,,,,,,-1,30,20210,11/7/2015,S.J,ANA,,,,15,10,19,3,45,30,,57,82,83,44,61,31
3,14:08,5v5,S.J,88,S,12,48,,oelpr,oelc,,,Y,,,,,,-1,30,20210,11/7/2015,S.J,ANA,,,,7,22,43,3,47,30,,12,48,42,80,88,31
3,14:00,5v5,S.J,88,S,48,80,,opr,ol,,,,,,,,,-1,30,20210,11/7/2015,S.J,ANA,,,,7,22,43,3,47,30,,12,48,42,80,88,31
3,13:20,5v5,S.J,57,W,8,,,or,,,,,,,,,,-1,30,20210,11/7/2015,S.J,ANA,,,,17,29,26,4,47,30,,8,19,27,7,61,31
3,12:55,5v5,S.J,61,W,19,,,opr,,,,,,,,,,-1,30,20210,11/7/2015,S.J,ANA,,,,17,29,26,4,47,30,,8,19,27,7,61,31
3,10:42,5v5,S.J,27,W,8,27,,nsc,dr,,,,,,,,,-1,30,20210,11/7/2015,S.J,ANA,,,,17,33,26,2,4,30,,8,19,27,7,80,31
3,10:02,5v5,S.J,12,W,38,,,nsl,,,Y,Y,1 on 0,,12,Y,,-1,30,20210,11/7/2015,S.J,ANA,,,,15,10,19,42,47,30,,12,38,18,7,88,31
3,8:36,5v5,S.J,82,W,50,,,nl,,,,Y,,,,,,-1,30,20210,11/7/2015,S.J,ANA,,,,17,25,29,2,4,30,,50,57,82,7,88,31
3,8:25,5v5,S.J,57,T,88,82,,or,opr,,Y,,,,,,,-1,30,20210,11/7/2015,S.J,ANA,,,,17,25,29,2,4,30,,50,57,82,7,88,31
3,6:31,5v5,ANA,33,W,26,,,or,,,,,,,,,,-1,31,20210,11/7/2015,S.J,ANA,,,,17,33,26,2,4,30,,12,38,18,7,88,31
3,6:21,5v5,ANA,26,A,33,4,,oelr,or,,Y,,,,,,,-1,31,20210,11/7/2015,S.J,ANA,,,,17,33,26,2,4,30,,12,38,18,7,88,31
3,5:59,5v5,ANA,15,W,47,42,19,ol,or,opr,,,,,,,,-1,31,20210,11/7/2015,S.J,ANA,,,,15,10,19,42,47,30,,38,18,27,7,88,31
3,5:53,5v5,ANA,10,W,19,,,oelc,,,Y,Y,,,,,,-1,31,20210,11/7/2015,S.J,ANA,,,,15,10,19,42,47,30,,38,18,27,7,88,31
3,5:43,5v5,ANA,15,S,19,42,,opl,or,,,,,,,,,-1,31,20210,11/7/2015,S.J,ANA,,,,15,10,19,42,47,30,,38,18,27,7,88,31
3,5:20,5v5,S.J,19,S,44,8,,oc,dr,,,Y,,,,,,-1,30,20210,11/7/2015,S.J,ANA,,,,15,10,19,42,47,30,,8,19,27,44,61,31
3,5:12,5v5,S.J,61,S,44,19,,ol,opl,,,,,,,,,-1,30,20210,11/7/2015,S.J,ANA,,,,15,10,19,42,47,30,,8,19,27,44,61,31
3,4:59,5v5,S.J,61,W,44,61,,ol,or,,,Y,,,,,,-1,30,20210,11/7/2015,S.J,ANA,,,,15,10,19,42,47,30,,8,19,27,44,61,31
3,4:36,5v4,S.J,88,W,44,88,12,ol,or,opr,,,,,,,,-1,30,20210,11/7/2015,S.J,ANA,,,,17,33,3,45,30,0,,8,12,48,44,88,31
3,3:00,5v4,S.J,44,W,8,19,,oelpl,oelr,,,Y,,,,,,-1,30,20210,11/7/2015,S.J,ANA,,,,17,33,3,45,30,0,,8,12,19,44,88,31
3,2:20,5v4,S.J,44,W,88,19,,ol,ofp,,,Y,,,,,,-1,30,20210,11/7/2015,S.J,ANA,,,,Event Not in PBP or >10 Second Difference,Event Not in PBP or >10 Second Difference,Event Not in PBP or >10 Second Difference,Event Not in PBP or >10 Second Difference,Event Not in PBP or >10 Second Difference,Event Not in PBP or >10 Second Difference,,Event Not in PBP or >10 Second Difference,Event Not in PBP or >10 Second Difference,Event Not in PBP or >10 Second Difference,Event Not in PBP or >10 Second Difference,Event Not in PBP or >10 Second Difference,Event Not in PBP or >10 Second Difference
3,1:38,6v4,S.J,88,W,44,88,8,ol,or,opr,,,,,,,,-1,30,20210,11/7/2015,S.J,ANA,,,,22,43,2,42,30,0,,8,12,19,42,44,88
3,1:30,6v4,S.J,8,T,88,19,,or,opr,,Y,,,,42,,,-1,30,20210,11/7/2015,S.J,ANA,,,,22,43,2,42,30,0,,8,12,19,42,44,88
3,1:17,6v4,S.J,12,W,88,,,dsl,,,,Y,,,,,,-1,30,20210,11/7/2015,S.J,ANA,,,,17,33,3,45,30,0,,12,19,48,42,61,88
3,0:51,6v4,S.J,61,W,19,12,,oelc,ol,,,,,,,,,-1,30,20210,11/7/2015,S.J,ANA,,,,17,33,3,45,30,0,,8,12,19,42,61,88
3,0:24,6v5,S.J,44,W,19,,,oprrr,,,,Y,,,,,,-1,30,20210,11/7/2015,S.J,ANA,,,,7,22,2,42,30,0,,8,12,19,42,44,88
3,0:20,6v5,S.J,88,W,12,,,opl,,,,Y,,,,,,-1,30,20210,11/7/2015,S.J,ANA,,,,15,17,33,3,45,30,,8,12,19,42,44,88
1,19:20,5v5,BUF,90,w,28,47,,ol,dsc,,,y,,,,,,0,36,20466,12/17/2015,BUF,ANA,,,,15,10,67,3,45,36,,23,90,88,4,55,31
1,19:09,5v5,BUF,55,o,90,28,,opr,or,,,y,,,,,,0,36,20466,12/17/2015,BUF,ANA,,,,15,10,67,3,45,36,,23,90,88,4,55,31
1,19:02,5v5,BUF,55,o,4,15,,or,of,,,y,,,,,,0,36,20466,12/17/2015,BUF,ANA,,,,7,22,26,42,47,36,,15,12,9,4,55,31
1,17:56,5v5,BUF,17,w,46,6,19,dr,nl,nl,,,,,44,,,0,36,20466,12/17/2015,BUF,ANA,,,,25,29,19,3,4,36,,17,19,44,29,47,31
1,17:43,5v5,ANA,3,o,29,,,opl,,,,y,,,,,,0,31,20466,12/17/2015,BUF,ANA,,,,25,29,19,3,45,36,,17,19,44,29,47,31
1,17:25,5v5,BUF,44,w,17,29,,oell,ol,,,y,,,,,,0,36,20466,12/17/2015,BUF,ANA,,,,15,29,19,3,45,36,,17,22,44,29,47,31
1,17:03,5v5,ANA,67,w,47,,,nl,,,,y,,,,,,0,31,20466,12/17/2015,BUF,ANA,,,,15,10,67,2,47,36,,28,22,26,29,47,31
1,16:33,5v5,ANA,15,w,10,,,oelr,,,,,,,,,,0,31,20466,12/17/2015,BUF,ANA,,,,Event Not in PBP or >10 Second Difference,Event Not in PBP or >10 Second Difference,Event Not in PBP or >10 Second Difference,Event Not in PBP or >10 Second Difference,Event Not in PBP or >10 Second Difference,Event Not in PBP or >10 Second Difference,,Event Not in PBP or >10 Second Difference,Event Not in PBP or >10 Second Difference,Event Not in PBP or >10 Second Difference,Event Not in PBP or >10 Second Difference,Event Not in PBP or >10 Second Difference,Event Not in PBP or >10 Second Difference
1,14:40,5v5,BUF,47,w,15,,,oc,,,,,,,,,,0,36,20466,12/17/2015,BUF,ANA,,,,25,29,26,2,4,36,,15,12,9,29,47,31
1,12:59,5v5,BUF,22,t,28,,,orrl,,,y,,,,,,,0,36,20466,12/17/2015,BUF,ANA,,,,17,33,46,3,45,36,,28,22,26,6,46,31
1,10:29,5v5,ANA,67,w,47,15,,oc,dr,,y,y,,,,,,0,31,20466,12/17/2015,BUF,ANA,,,,15,10,67,2,47,36,,23,90,88,4,55,31
1,10:07,5v5,BUF,28,w,26,,,nl,,,,,,,,,,0,36,20466,12/17/2015,BUF,ANA,,,,17,33,46,3,4,36,,28,22,26,6,46,31
1,9:12,5v5,ANA,26,w,22,7,,or,or,,y,y,,,,,,0,31,20466,12/17/2015,BUF,ANA,,,,7,22,26,2,45,36,,15,12,9,29,47,31
1,8:21,5v5,BUF,19,w,17,,,ol,,,y,y,,,,,,0,36,20466,12/17/2015,BUF,ANA,,,,25,29,19,45,47,36,,17,19,44,6,46,31
1,7:17,5v5,BUF,55,w,90,4,,dc,dl,,,,,,,,,0,36,20466,12/17/2015,BUF,ANA,,,,Event Not in PBP or >10 Second Difference,Event Not in PBP or >10 Second Difference,Event Not in PBP or >10 Second Difference,Event Not in PBP or >10 Second Difference,Event Not in PBP or >10 Second Difference,Event Not in PBP or >10 Second Difference,,Event Not in PBP or >10 Second Difference,Event Not in PBP or >10 Second Difference,Event Not in PBP or >10 Second Difference,Event Not in PBP or >10 Second Difference,Event Not in PBP or >10 Second Difference,Event Not in PBP or >10 Second Difference
1,6:54,5v5,BUF,6,o,23,88,23,oelpr,oelc,oelr,,,,,,,,0,36,20466,12/17/2015,BUF,ANA,,,,15,10,67,45,47,36,,23,90,88,6,46,31
1,5:40,5v5,ANA,25,w,29,,,orrl,,,y,,,,,,,0,31,20466,12/17/2015,BUF,ANA,,,,25,29,19,2,47,36,,17,19,44,29,47,31
1,4:58,5v5,ANA,46,b,33,2,,oc,dc,,y,y,,,,,,0,31,20466,12/17/2015,BUF,ANA,,,,17,33,46,4,45,36,,23,90,88,6,46,31
1,3:22,5v5,ANA,67,w,2,,,nr,,,,y,,,,,,0,31,20466,12/17/2015,BUF,ANA,,,,15,10,67,2,47,36,,15,12,9,29,55,31
1,2:27,5v5,BUF,28,o,22,,,ol,,,y,,,,,,,0,36,20466,12/17/2015,BUF,ANA,,,,7,22,26,3,45,36,,28,22,26,29,47,31
1,2:20,5v5,BUF,26,w,22,,,ol,,,y,,,,,,,0,36,20466,12/17/2015,BUF,ANA,,,,7,22,26,3,45,36,,28,22,26,6,47,31
1,1:30,5v5,BUF,6,o,44,17,44,oc,oelr,or,y,,,,,,,0,36,20466,12/17/2015,BUF,ANA,,,,25,29,19,2,4,36,,17,19,44,6,46,31
1,1:27,5v5,BUF,44,w,19,,,oelc,,,y,,,,,,,0,36,20466,12/17/2015,BUF,ANA,,,,25,29,19,2,4,36,,17,19,44,6,46,31
1,1:14,5v5,BUF,6,w,17,,,ol,,,y,y,,,,,,0,36,20466,12/17/2015,BUF,ANA,,,,25,29,19,2,4,36,,17,19,44,6,46,31
1,0:34,5v5,ANA,45,w,46,,,opr,,,,y,,,,,,0,31,20466,12/17/2015,BUF,ANA,,,,17,33,46,45,47,36,,15,9,22,4,55,31
1,0:14,5v5,ANA,67,w,47,67,47,nl,dr,dr,,,,,15,,,0,31,20466,12/17/2015,BUF,ANA,,,,15,33,67,4,45,36,,15,9,22,4,55,31
1,0:01,5v4,ANA,10,w,47,57,15,or,opr,of,,y,,,,,,0,31,20466,12/17/2015,BUF,ANA,,,,15,10,67,4,45,36,,17,90,4,55,31,0
2,18:51,5v4,ANA,45,s,15,,,oelpl,,,,y,,,,,,0,31,20466,12/17/2015,BUF,ANA,,,,15,10,67,4,45,36,,28,9,6,46,31,0
2,17:47,5v5,ANA,29,s,25,2,47,or,nl,dl,,y,,,,,,0,31,20466,12/17/2015,BUF,ANA,,,,22,25,29,2,47,36,,15,23,9,4,55,31
2,17:32,5v5,BUF,29,w,47,15,,or,oelpr,,,y,,,,,,0,36,20466,12/17/2015,BUF,ANA,,,,22,25,29,2,47,36,,15,23,9,29,47,31
2,17:24,5v5,BUF,9,t,15,23,,ol,ol,,,y,,y,,,,0,36,20466,12/17/2015,BUF,ANA,,,,22,25,29,2,47,36,,15,23,9,29,47,31
2,16:29,5v5,ANA,67,w,15,47,,nc,dc,,,y,,,,,,1,31,20466,12/17/2015,BUF,ANA,,,,15,10,67,42,47,36,,23,90,88,4,55,31
2,15:51,5v5,ANA,33,w,46,33,4,nc,nr,dsc,,y,,,,,,1,31,20466,12/17/2015,BUF,ANA,,,,17,33,46,2,4,36,,15,12,9,6,46,31
2,15:43,5v5,ANA,46,t,4,2,17,ol,or,or,y,y,,,,,,1,31,20466,12/17/2015,BUF,ANA,,,,17,33,46,2,4,36,,15,12,9,6,46,31
2,14:01,5v5,BUF,26,w,29,26,27,ol,opl,of,,,,,,,,1,36,20466,12/17/2015,BUF,ANA,,,,7,22,26,2,4,36,,28,22,26,29,47,31
2,13:36,5v5,ANA,4,w,22,,,dl,,,,y,,,,,,1,31,20466,12/17/2015,BUF,ANA,,,,7,22,26,2,4,36,,28,22,26,29,47,31
2,13:30,5v5,ANA,46,w,17,,,of,,,y,y,,,,,,1,31,20466,12/17/2015,BUF,ANA,,,,17,33,46,42,47,36,,15,12,9,6,46,31
2,13:25,5v5,ANA,42,w,47,,,ol,,,,,,,,,,1,31,20466,12/17/2015,BUF,ANA,,,,17,33,46,42,47,36,,15,12,9,6,46,31
2,12:14,5v4,BUF,55,s,15,,,opl,,,,y,,,,,,1,36,20466,12/17/2015,BUF,ANA,,,,17,22,3,45,36,0,,15,23,90,88,55,31
2,11:39,5v4,BUF,9,w,12,,,orrr,,,y,,,,,,,1,36,20466,12/17/2015,BUF,ANA,,,,33,26,2,4,36,0,,12,9,26,46,47,31
2,10:45,5v5,ANA,10,w,15,,,of,,,,,,,,,,1,31,20466,12/17/2015,BUF,ANA,,,,15,10,67,3,45,36,,28,22,44,47,55,31
2,8:52,5v5,ANA,22,o,26,4,,ol,dc,,,y,,,,,,1,31,20466,12/17/2015,BUF,ANA,,,,7,22,26,2,4,36,,15,12,9,29,47,31
2,8:30,5v5,ANA,46,o,33,,,ol,,,y,,,,,,,1,31,20466,12/17/2015,BUF,ANA,,,,17,33,46,3,45,36,,15,28,12,29,47,31
2,8:28,5v5,ANA,33,w,17,,,oell,,,y,y,,,,,,1,31,20466,12/17/2015,BUF,ANA,,,,17,33,46,3,45,36,,15,28,12,29,47,31
2,8:18,5v5,ANA,45,s,46,,,oc,,,,y,,,,,,1,31,20466,12/17/2015,BUF,ANA,,,,17,33,46,3,45,36,,15,28,12,29,47,31
2,7:13,5v5,ANA,45,s,25,,,ol,,,,,,,,,,1,31,20466,12/17/2015,BUF,ANA,,,,Event Not in PBP or >10 Second Difference,Event Not in PBP or >10 Second Difference,Event Not in PBP or >10 Second Difference,Event Not in PBP or >10 Second Difference,Event Not in PBP or >10 Second Difference,Event Not in PBP or >10 Second Difference,,Event Not in PBP or >10 Second Difference,Event Not in PBP or >10 Second Difference,Event Not in PBP or >10 Second Difference,Event Not in PBP or >10 Second Difference,Event Not in PBP or >10 Second Difference,Event Not in PBP or >10 Second Difference
2,6:49,5v5,BUF,44,o,17,,,oelc,,,y,y,,,,,,1,36,20466,12/17/2015,BUF,ANA,,,,25,29,19,3,45,36,,17,19,44,29,47,31
2,6:41,5v5,BUF,17,o,19,,,oell,,,y,,,,,,,1,36,20466,12/17/2015,BUF,ANA,,,,25,29,19,3,45,36,,17,19,44,29,47,31
2,6:25,5v5,BUF,29,o,19,44,17,oelrrc,or,or,y,y,,y,,,,1,36,20466,12/17/2015,BUF,ANA,,,,25,29,19,3,45,36,,17,19,44,29,47,31
2,4:30,5v5,ANA,46,w,15,4,,nc,dc,,y,y,,,,,,2,31,20466,12/17/2015,BUF,ANA,,,,15,10,46,2,4,36,,23,90,88,29,55,31
2,3:08,5v4,BUF,90,w,15,55,15,orrl,oc,oc,y,y,3 on 2,,,,,2,36,20466,12/17/2015,BUF,ANA,,,,22,33,42,47,36,0,,15,23,90,88,55,31
2,2:59,5v4,BUF,55,o,90,88,90,or,oc,or,,y,,,,,,2,36,20466,12/17/2015,BUF,ANA,,,,22,33,42,47,36,0,,15,23,90,88,55,31
2,1:54,5v5,BUF,9,w,29,47,9,orrr,ol,oelpl,y,y,,,,,,2,36,20466,12/17/2015,BUF,ANA,,,,15,17,26,3,45,36,,12,9,26,47,55,31
2,0:44,5v5,ANA,33,w,15,42,,nc,nr,,,y,,,,,,2,31,20466,12/17/2015,BUF,ANA,,,,15,17,33,2,4,36,,23,90,44,4,55,31
3,19:19,5v4,ANA,15,s,45,4,45,oc,ol,or,y,,,,,,,2,31,20466,12/17/2015,BUF,ANA,,,,15,10,46,4,45,36,,17,90,4,55,31,0
3,17:52,5v5,ANA,47,b,67,47,,nc,dl,,y,y,,,,,,2,31,20466,12/17/2015,BUF,ANA,,,,7,67,26,4,47,36,,15,23,88,4,55,31
3,16:46,5v4,ANA,2,w,47,17,,ol,of,,,,,,,,,2,31,20466,12/17/2015,BUF,ANA,,,,17,67,19,2,47,36,,17,90,6,46,31,0
3,15:43,5v4,ANA,45,s,46,,,ol,,,,,,,,,,2,31,20466,12/17/2015,BUF,ANA,,,,15,10,46,4,45,36,,28,9,47,55,31,0
3,15:01,5v4,ANA,15,o,4,15,10,oc,ol,oc,,y,,,10,y,,2,31,20466,12/17/2015,BUF,ANA,,,,15,10,26,4,45,36,,28,12,47,55,31,0
3,15:01,5v4,ANA,26,r,,,,,,,,y,,,,,,2,31,20466,12/17/2015,BUF,ANA,,,,15,10,26,4,45,36,,28,12,47,55,31,0
3,13:42,5v5,ANA,17,w,19,47,,or,nc,,y,,,,,,,2,31,20466,12/17/2015,BUF,ANA,,,,17,33,19,3,47,36,,90,22,44,29,47,31
3,12:51,5v5,ANA,33,w,17,19,44,or,oell,ol,y,,,,,,,2,31,20466,12/17/2015,BUF,ANA,,,,17,33,19,3,45,36,,15,12,9,29,47,31
3,11:54,5v5,ANA,46,w,10,46,,nr,nc,,y,y,,,,,,2,31,20466,12/17/2015,BUF,ANA,,,,15,10,46,2,4,36,,28,22,26,4,55,31
3,10:40,5v5,ANA,47,w,25,,,ol,,,,y,,,,,,2,31,20466,12/17/2015,BUF,ANA,,,,7,25,67,42,47,36,,23,90,88,6,46,31
3,10:12,5v5,ANA,33,s,17,42,47,oc,dc,dl,,y,,,17,y,,2,31,20466,12/17/2015,BUF,ANA,,,,17,33,19,42,47,36,,17,19,44,29,47,31
3,9:07,5v5,ANA,10,w,3,45,,dsl,dr,,y,,,,,,,2,31,20466,12/17/2015,BUF,ANA,,,,15,10,46,2,4,36,,15,12,9,4,55,31
3,8:51,5v5,BUF,9,w,15,9,,ol,oell,,y,,,,,,,2,36,20466,12/17/2015,BUF,ANA,,,,15,10,46,2,4,36,,15,12,9,4,55,31
3,7:45,5v5,ANA,33,w,19,,,nc,,,,y,,,,,,2,31,20466,12/17/2015,BUF,ANA,,,,17,33,19,3,45,36,,23,90,88,6,46,31
3,7:18,5v5,ANA,3,w,19,,,opl,,,,,,,,,,2,31,20466,12/17/2015,BUF,ANA,,,,17,33,19,3,45,36,,23,90,88,29,47,31
3,6:15,5v5,BUF,4,o,23,,,oelpc,,,,,,,,,,2,36,20466,12/17/2015,BUF,ANA,,,,15,10,46,42,47,36,,23,90,88,4,55,31
3,3:53,5v5,BUF,88,w,15,,,dsr,,,,,,,,,,3,36,20466,12/17/2015,BUF,ANA,,,,22,26,42,47,36,0,,15,23,90,88,47,31
3,3:04,6v5,ANA,22,t,7,2,,or,nr,,y,,,,22,y,,3,31,20466,12/17/2015,BUF,ANA,,,,7,22,2,47,36,0,,12,9,26,44,46,31
3,2:55,6v5,ANA,4,w,45,,,or,,,,,,,,,,3,31,20466,12/17/2015,BUF,ANA,,,,15,17,10,46,4,45,,23,28,90,4,55,31
3,1:48,6v5,ANA,45,w,10,,,or,,,,y,,,,,,3,31,20466,12/17/2015,BUF,ANA,,,,15,10,67,46,4,45,,15,12,9,6,46,31
1,18:13,5v5,ANA,15,s,45,,,dl,,,,y,,,,,,0,1,20486,12/19/2015,N.J,ANA,1,31,,15,10,19,5,45,31,,48,51,26,8,44,1
1,17:59,5v5,ANA,15,w,19,,,or,,,y,,,,,,,0,1,20486,12/19/2015,N.J,ANA,35,36,,15,10,19,5,45,31,,48,51,26,8,44,1
1,17:34,5v5,N.J,19,w,6,,,nl,,,,y,,,,,,0,31,20486,12/19/2015,N.J,ANA,,,,22,25,29,5,45,31,,19,21,15,5,6,1
1,15:53,5v5,ANA,46,w,47,,,dsc,,,,y,,,10,,,0,1,20486,12/19/2015,N.J,ANA,,,,10,67,46,5,45,31,,51,20,13,5,6,1
1,15:45,5v5,ANA,45,s,10,46,,opl,ol,,,,,,,,,0,1,20486,12/19/2015,N.J,ANA,,,,10,67,19,5,45,31,,51,20,13,5,6,1
1,15:32,5v5,ANA,19,w,45,,,nl,,,,y,,,,,,0,1,20486,12/19/2015,N.J,ANA,,,,10,67,19,5,45,31,,51,20,13,5,6,1
1,14:45,5v5,N.J,2,w,28,2,,oc,oc,,,,,,2,y,,0,31,20486,12/19/2015,N.J,ANA,,,,15,10,19,5,45,31,,19,21,15,2,28,1
1,14:29,5v5,N.J,28,b,2,19,15,orrl,oc,oc,y,y,,,,,,0,31,20486,12/19/2015,N.J,ANA,,,,15,10,19,5,45,31,,48,51,26,8,28,1
1,13:01,5v5,ANA,29,w,25,4,,dsl,dc,,,,,,,,,0,1,20486,12/19/2015,N.J,ANA,,,,22,25,29,2,4,31,,9,16,11,8,44,1
1,12:41,5v5,ANA,4,w,29,,,opl,,,,,,,,,,0,1,20486,12/19/2015,N.J,ANA,,,,22,25,29,2,4,31,,9,16,11,8,44,1
1,11:01,5v5,ANA,7,t,4,2,26,ol,or,oelpr,y,,,,,,,-1,1,20486,12/19/2015,N.J,ANA,,,,7,17,26,2,4,31,,19,21,15,5,6,1
1,9:02,5v4,N.J,21,s,8,19,21,oc,or,opr,,,,,,,,-1,31,20486,12/19/2015,N.J,ANA,,,,7,22,4,42,31,0,,16,19,21,51,8,1
1,8:55,5v4,N.J,51,w,19,,,oelc,,,y,y,,,,,,-1,31,20486,12/19/2015,N.J,ANA,,,,7,22,4,42,31,0,,16,19,21,51,8,1
1,8:47,5v4,N.J,51,b,16,51,16,or,oelc,or,y,,,,,,,-1,31,20486,12/19/2015,N.J,ANA,,,,7,22,4,42,31,0,,16,19,21,51,8,1
1,6:04,5v5,ANA,5,w,45,15,10,oc,opl,oelc,,,,,,,,-1,1,20486,12/19/2015,N.J,ANA,,,,15,10,19,5,45,31,,9,16,11,5,6,1
1,4:22,5v5,N.J,48,w,2,51,,dsl,nc,,,y,,,,,,-1,31,20486,12/19/2015,N.J,ANA,,,,22,25,29,2,4,31,,48,51,26,5,6,1
1,4:15,5v5,ANA,4,w,25,29,,nc,dc,,,,,,,,,-1,1,20486,12/19/2015,N.J,ANA,,,,22,25,29,2,4,31,,48,51,26,5,6,1
1,3:24,5v5,ANA,26,w,7,17,,or,nc,,,y,,,,,,-1,1,20486,12/19/2015,N.J,ANA,,,,7,17,26,45,47,31,,14,20,13,8,44,1
1,2:17,5v5,N.J,9,w,2,,,oell,,,y,,,,,,,-1,31,20486,12/19/2015,N.J,ANA,,,,33,67,46,5,45,31,,9,16,11,2,28,1
1,1:52,5v5,ANA,46,w,67,,,nr,,,,y,,,,,,-1,1,20486,12/19/2015,N.J,ANA,,,,7,17,46,2,4,31,,14,20,13,2,28,1
1,1:12,5v5,ANA,7,w,26,17,,ol,ol,,,,,,,,,-1,1,20486,12/19/2015,N.J,ANA,,,,7,17,26,2,4,31,,14,20,13,8,44,1
1,0:36,5v5,N.J,19,w,21,,,ol,,,,,,,15,y,,-1,31,20486,12/19/2015,N.J,ANA,,,,22,25,29,42,47,31,,19,21,15,5,6,1
1,0:16,5v5,ANA,17,b,10,,,or,,,y,y,,,17,y,y,-1,1,20486,12/19/2015,N.J,ANA,,,,15,17,10,4,45,31,,19,21,15,5,6,1
2,19:48,5v5,N.J,2,o,28,14,,opl,of,,,,,,,,,-2,31,20486,12/19/2015,N.J,ANA,,,,17,22,33,5,45,31,,14,20,13,2,28,1
2,19:43,5v5,N.J,28,o,14,,,opr,,,,,,,,,,-2,31,20486,12/19/2015,N.J,ANA,,,,17,22,33,5,45,31,,14,20,13,2,28,1
2,19:30,5v5,ANA,17,w,22,5,,dl,dc,,,y,,,,,,-2,1,20486,12/19/2015,N.J,ANA,,,,17,22,33,5,45,31,,14,20,13,2,28,1
2,19:20,5v5,N.J,11,w,5,,,dc,,,,y,,,,,,-2,31,20486,12/19/2015,N.J,ANA,,,,33,67,46,42,47,31,,9,16,11,5,6,1
2,18:49,5v5,ANA,33,s,67,46,,oc,dl,,,,,,,,,-2,1,20486,12/19/2015,N.J,ANA,,,,33,67,46,42,47,31,,9,16,11,5,6,1
2,17:38,5v5,ANA,22,s,2,,,or,,,,,,,,,,-2,1,20486,12/19/2015,N.J,ANA,,,,22,25,10,2,4,31,,19,21,15,2,6,1
2,15:59,5v5,N.J,20,w,13,14,,nl,nl,,,y,,,,,,-2,31,20486,12/19/2015,N.J,ANA,,,,7,17,26,42,45,31,,14,20,13,2,28,1
2,15:05,5v5,N.J,8,w,16,,,opr,,,,y,,,,,,-2,31,20486,12/19/2015,N.J,ANA,,,,33,67,46,2,4,31,,9,16,48,8,44,1
2,14:55,5v5,N.J,44,o,48,,,ol,,,,y,4 on 2,,,,,-2,31,20486,12/19/2015,N.J,ANA,,,,33,67,46,2,4,31,,9,16,48,8,44,1
2,14:51,5v5,N.J,21,w,15,,,of,,,y,,,,,,,-2,31,20486,12/19/2015,N.J,ANA,,,,33,67,46,2,4,31,,9,16,48,8,44,1
2,14:33,5v5,N.J,5,w,6,15,,oc,opr,,,,,,,,,-2,31,20486,12/19/2015,N.J,ANA,,,,15,10,19,42,47,31,,19,21,15,5,6,1
2,14:24,5v5,ANA,10,w,15,,,dsc,,,,y,,,,,,-2,1,20486,12/19/2015,N.J,ANA,,,,15,10,19,5,47,31,,19,21,15,5,6,1
2,14:02,5v5,ANA,47,w,19,15,,oelpl,ol,,,,,,,,,-2,1,20486,12/19/2015,N.J,ANA,,,,15,10,19,5,47,31,,19,21,15,5,6,1
2,13:06,5v5,N.J,13,o,20,14,,orrc,ol,,y,y,,,,,,-2,31,20486,12/19/2015,N.J,ANA,,,,7,22,25,5,47,31,,14,20,13,2,28,1
2,12:56,5v5,N.J,28,o,51,2,51,oc,opr,opc,,,,,,,,-2,31,20486,12/19/2015,N.J,ANA,,,,33,67,46,4,45,31,,51,11,26,2,28,1
2,12:02,5v5,N.J,8,s,16,8,44,opr,dl,dc,,,,,,,,-2,31,20486,12/19/2015,N.J,ANA,,,,15,10,19,2,4,31,,9,16,48,8,44,1
2,11:33,5v5,ANA,4,s,10,2,19,or,nc,nl,,y,,,,,,-2,1,20486,12/19/2015,N.J,ANA,,,,15,10,19,2,4,31,,9,19,48,5,6,1
2,10:14,5v5,ANA,46,w,45,46,67,or,nr,dl,y,,,,,,,-2,1,20486,12/19/2015,N.J,ANA,,,,33,67,46,45,47,31,,14,20,13,2,28,1
2,9:09,5v5,N.J,44,o,48,8,,oc,ol,,,y,,,,,,-2,31,20486,12/19/2015,N.J,ANA,,,,22,25,29,2,4,31,,48,51,26,8,44,1
2,8:48,5v4,N.J,21,s,16,8,19,or,oc,of,,,,,,,,-2,31,20486,12/19/2015,N.J,ANA,,,,17,33,42,45,31,0,,16,19,21,51,8,1
2,7:58,5v4,N.J,13,o,2,26,,oc,opc,,,,,,,,,-2,31,20486,12/19/2015,N.J,ANA,,,,7,22,2,4,31,0,,14,20,13,26,2,1
2,3:28,5v5,N.J,20,w,13,14,20,oc,oc,nr,,,,,,,,-2,31,20486,12/19/2015,N.J,ANA,,,,7,17,26,2,4,31,,14,20,13,2,28,1
2,2:52,5v5,N.J,14,t,6,20,,oc,opl,,y,y,,,,,,-2,31,20486,12/19/2015,N.J,ANA,,,,22,25,29,2,4,31,,14,20,13,5,6,1
2,0:45,5v5,N.J,5,s,15,19,,opc,ol,,,,,,,,,-2,31,20486,12/19/2015,N.J,ANA,,,,15,10,19,2,4,31,,19,11,15,5,6,1
3,18:23,5v5,ANA,47,w,46,,,opl,,,,,,,,,,-2,1,20486,12/19/2015,N.J,ANA,,,,33,67,46,42,47,31,,48,51,26,2,28,1
3,17:43,5v5,N.J,14,w,13,14,,oelc,or,,,,,,,,,-2,31,20486,12/19/2015,N.J,ANA,,,,7,17,26,4,45,31,,14,20,13,8,44,1
3,14:59,5v5,ANA,10,w,19,,,oc,,,,,,,,,,-2,1,20486,12/19/2015,N.J,ANA,,,,15,10,19,5,45,31,,19,21,15,6,28,1
3,14:10,5v5,N.J,2,o,13,,,oc,,,,,,,,,,-2,31,20486,12/19/2015,N.J,ANA,,,,33,67,46,5,45,31,,16,48,13,2,28,1
3,13:26,5v5,ANA,2,s,17,46,,opr,oelr,,,y,,,,,,-2,1,20486,12/19/2015,N.J,ANA,,,,7,17,46,2,4,31,,48,51,13,2,28,1
3,13:18,5v5,N.J,26,w,48,,,nr,,,,y,,,,,,-2,31,20486,12/19/2015,N.J,ANA,,,,7,17,46,2,4,31,,48,51,26,28,44,1
3,12:28,5v5,ANA,19,b,10,47,42,dl,dc,dr,,y,,,,,,-2,1,20486,12/19/2015,N.J,ANA,,,,17,10,19,2,4,31,,19,21,13,8,44,1
3,12:11,5v5,N.J,8,s,21,14,,opr,ol,,,y,,,,,,-2,31,20486,12/19/2015,N.J,ANA,,,,7,17,26,2,4,31,,14,21,13,8,44,1
3,12:04,5v5,N.J,21,o,44,8,,oc,oc,,,,,,,,,-2,31,20486,12/19/2015,N.J,ANA,,,,7,17,26,2,4,31,,14,21,13,8,44,1
3,10:36,5v5,N.J,6,w,9,20,,opr,or,,,,,,,,,-2,31,20486,12/19/2015,N.J,ANA,,,,Event Not in PBP or >10 Second Difference,Event Not in PBP or >10 Second Difference,Event Not in PBP or >10 Second Difference,Event Not in PBP or >10 Second Difference,Event Not in PBP or >10 Second Difference,Event Not in PBP or >10 Second Difference,,Event Not in PBP or >10 Second Difference,Event Not in PBP or >10 Second Difference,Event Not in PBP or >10 Second Difference,Event Not in PBP or >10 Second Difference,Event Not in PBP or >10 Second Difference,Event Not in PBP or >10 Second Difference
3,8:49,5v5,N.J,28,w,14,13,14,opr,oelr,or,,,,,,,,-2,31,20486,12/19/2015,N.J,ANA,,,,22,33,67,45,47,31,,14,20,13,2,28,1
3,8:39,5v5,ANA,10,w,42,15,,oc,ol,,y,y,,,42,y,,-2,1,20486,12/19/2015,N.J,ANA,,,,15,17,10,42,47,31,,19,21,13,5,6,1
3,8:10,5v5,ANA,17,o,7,,,or,,,,,,,,,,-2,1,20486,12/19/2015,N.J,ANA,,,,Event Not in PBP or >10 Second Difference,Event Not in PBP or >10 Second Difference,Event Not in PBP or >10 Second Difference,Event Not in PBP or >10 Second Difference,Event Not in PBP or >10 Second Difference,Event Not in PBP or >10 Second Difference,,Event Not in PBP or >10 Second Difference,Event Not in PBP or >10 Second Difference,Event Not in PBP or >10 Second Difference,Event Not in PBP or >10 Second Difference,Event Not in PBP or >10 Second Difference,Event Not in PBP or >10 Second Difference
3,4:35,5v5,N.J,13,o,20,28,2,orrc,dsc,dl,y,y,,y,,,,-2,31,20486,12/19/2015,N.J,ANA,,,,7,17,26,4,45,31,,14,20,13,2,28,1
3,3:22,5v5,N.J,16,t,44,8,26,ol,or,opr,y,,,,,,,-1,31,20486,12/19/2015,N.J,ANA,,,,7,67,26,42,47,31,,16,48,26,8,44,1
3,1:16,6v5,N.J,6,o,21,15,,opl,or,,,,,,,,,-1,31,20486,12/19/2015,N.J,ANA,,,,15,22,10,45,47,31,,19,21,15,13,6,28
3,0:15,6v5,N.J,2,s,13,2,21,or,oc,opl,,,,,,,,-1,31,20486,12/19/2015,N.J,ANA,,,,15,17,33,2,4,31,,14,19,21,20,13,2
3,0:11,6v5,N.J,13,w,2,,,oc,,,,y,,,,,,-1,31,20486,12/19/2015,N.J,ANA,,,,15,17,33,2,4,31,,14,19,21,20,13,2
1,19:01,5v5,ANA,33,w,7,,,ol,,,,y,,,,,,0,50,20832,2/13/2016,CHI,ANA,50,36,,7,17,33,42,47,36,,15,72,88,7,57,50
1,17:31,5v5,ANA,25,w,2,,,dl,,,,y,,,44,,,0,50,20832,2/13/2016,CHI,ANA,33,31,,25,44,41,2,4,36,,19,14,34,7,57,50
1,16:50,5v5,CHI,65,w,4,,,nr,,,,,,,,,,0,36,20832,2/13/2016,CHI,ANA,,,,15,16,57,42,47,36,,19,65,81,2,4,50
1,15:27,5v5,CHI,57,o,7,19,88,or,oelpr,oelc,,y,,,,,,0,36,20832,2/13/2016,CHI,ANA,,,,7,10,67,2,24,36,,19,65,88,7,57,50
1,14:46,5v5,ANA,15,b,4,15,,ol,of,,,,,,,,,0,50,20832,2/13/2016,CHI,ANA,,,,15,16,57,2,4,36,,65,81,86,7,57,50
1,14:27,5v5,ANA,47,w,44,,,of,,,,,,,,,,0,50,20832,2/13/2016,CHI,ANA,,,,25,44,41,42,47,36,,14,24,86,32,43,50
1,13:20,5v5,CHI,15,w,88,72,,oelc,oell,,y,,,,,,,0,36,20832,2/13/2016,CHI,ANA,,,,7,15,16,24,45,36,,15,72,88,2,4,50
1,13:11,5v5,CHI,7,s,81,19,,opl,of,,,y,,,,,,0,36,20832,2/13/2016,CHI,ANA,,,,7,15,16,2,24,36,,19,65,81,7,57,50
1,12:58,5v5,CHI,7,s,19,,,of,,,,,,,,,,0,36,20832,2/13/2016,CHI,ANA,,,,7,17,33,2,4,36,,19,65,81,7,57,50
1,10:20,5v5,CHI,57,o,7,34,86,or,opr,oell,,,,,,,,0,36,20832,2/13/2016,CHI,ANA,,,,25,44,41,2,4,36,,14,34,86,7,57,50
1,10:08,5v5,CHI,7,o,57,7,,opl,opr,,,,,,,,,0,36,20832,2/13/2016,CHI,ANA,,,,25,44,41,2,4,36,,14,34,86,7,57,50
1,9:13,5v5,CHI,24,w,11,57,,nr,dr,,,y,,,,,,0,36,20832,2/13/2016,CHI,ANA,,,,17,33,19,24,45,36,,11,70,24,7,57,50
1,8:00,5v5,CHI,17,w,33,7,,oc,nl,,,y,,,,,,0,36,20832,2/13/2016,CHI,ANA,,,,17,33,41,2,42,36,,15,72,88,32,43,50
1,7:39,5v5,ANA,41,t,44,42,,oc,or,,y,y,,,,,,0,50,20832,2/13/2016,CHI,ANA,,,,25,44,41,42,47,36,,15,72,81,32,43,50
1,7:25,5v5,ANA,25,w,42,,,or,,,,y,,,,,,0,50,20832,2/13/2016,CHI,ANA,,,,15,25,44,41,42,47,,15,72,81,32,43,50
1,7:15,5v4,ANA,45,s,15,45,4,opl,ol,oc,,y,,,,,,0,50,20832,2/13/2016,CHI,ANA,,,,15,10,57,4,45,36,,19,81,2,4,50,0
1,7:02,5v4,ANA,4,o,45,15,10,oc,opl,oc,,y,,,,,,0,50,20832,2/13/2016,CHI,ANA,,,,15,10,57,4,45,36,,19,81,2,4,50,0
1,6:29,5v4,ANA,15,o,45,15,45,oc,opl,dc,,,,,,,,0,50,20832,2/13/2016,CHI,ANA,,,,15,10,57,4,45,36,,11,15,7,57,50,0
1,6:19,5v4,ANA,57,w,15,,,oc,,,y,y,,,,,,0,50,20832,2/13/2016,CHI,ANA,,,,15,10,57,4,45,36,,11,15,7,57,50,0
1,5:17,5v5,ANA,67,w,2,17,67,oc,nr,dr,,y,,,,,,0,50,20832,2/13/2016,CHI,ANA,,,,17,67,19,2,47,36,,11,19,7,32,57,50
1,3:46,5v5,ANA,16,b,57,,,nc,,,,y,,,,,,0,50,20832,2/13/2016,CHI,ANA,,,,15,16,57,42,47,36,,19,65,81,32,43,50
1,3:42,5v5,ANA,47,w,15,,,opl,,,,,,,,,,0,50,20832,2/13/2016,CHI,ANA,,,,15,16,57,42,47,36,,19,65,81,32,43,50
1,1:15,5v5,CHI,32,w,2,32,24,opl,opr,opr,,y,,,,,,0,36,20832,2/13/2016,CHI,ANA,,,,33,67,19,24,45,36,,11,14,24,2,32,50
1,0:42,5v5,ANA,10,w,15,10,15,nr,dr,dr,y,y,,,,,,0,50,20832,2/13/2016,CHI,ANA,,,,15,10,57,42,47,36,,19,65,81,4,7,50
2,18:41,5v5,ANA,17,w,7,33,17,oelc,or,or,y,y,,,,,,0,50,20832,2/13/2016,CHI,ANA,,,,7,17,33,42,47,36,,15,72,88,2,4,50
2,18:38,5v5,ANA,42,o,67,,,of,,,,,,,,,,0,50,20832,2/13/2016,CHI,ANA,,,,7,17,33,42,47,36,,15,72,88,2,4,50
2,18:28,5v5,CHI,11,w,24,86,24,nl,nl,dl,y,,,,,,,0,36,20832,2/13/2016,CHI,ANA,,,,10,67,19,42,47,36,,11,24,86,7,57,50
2,17:46,5v5,ANA,67,w,47,19,47,nc,dl,dl,,y,,,,,,0,50,20832,2/13/2016,CHI,ANA,,,,25,67,41,24,45,36,,70,14,86,32,43,50
2,17:39,5v5,ANA,44,t,45,25,44,or,opr,of,y,,,,,,,0,50,20832,2/13/2016,CHI,ANA,,,,25,44,41,24,45,36,,70,14,24,32,43,50
2,16:20,5v5,CHI,15,w,7,,,nsr,,,,y,,,,,,0,36,20832,2/13/2016,CHI,ANA,,,,7,17,33,2,4,36,,15,72,88,7,57,50
2,15:58,5v5,ANA,17,w,7,33,2,nc,dr,dc,,y,,,,,,0,50,20832,2/13/2016,CHI,ANA,,,,7,17,10,2,4,36,,19,65,81,7,57,50
2,15:41,5v5,ANA,47,w,67,,,of,,,,,,,,,,0,50,20832,2/13/2016,CHI,ANA,,,,10,67,19,42,47,36,,19,65,81,7,57,50
2,15:37,5v5,ANA,10,o,42,,,opr,,,,,,,,,,0,50,20832,2/13/2016,CHI,ANA,,,,10,67,19,42,47,36,,19,65,81,7,57,50
2,15:21,5v5,CHI,2,s,81,,,opr,,,,,,,15,y,,0,36,20832,2/13/2016,CHI,ANA,,,,10,67,19,42,47,36,,15,65,81,2,4,50
2,13:58,4v5,ANA,17,o,7,15,,or,dl,,,,,,,,,0,50,20832,2/13/2016,CHI,ANA,,,,7,17,24,45,36,0,,19,72,88,2,7,50
2,13:04,5v5,CHI,81,w,32,81,32,oc,opl,oc,,y,,,,,,0,36,20832,2/13/2016,CHI,ANA,,,,16,44,24,42,47,36,,19,65,81,86,32,50
2,13:25,5v5,CHI,86,w,4,,,dsc,,,,y,,,,,,0,36,20832,2/13/2016,CHI,ANA,,,,Event Not in PBP or >10 Second Difference,Event Not in PBP or >10 Second Difference,Event Not in PBP or >10 Second Difference,Event Not in PBP or >10 Second Difference,Event Not in PBP or >10 Second Difference,Event Not in PBP or >10 Second Difference,,Event Not in PBP or >10 Second Difference,Event Not in PBP or >10 Second Difference,Event Not in PBP or >10 Second Difference,Event Not in PBP or >10 Second Difference,Event Not in PBP or >10 Second Difference,Event Not in PBP or >10 Second Difference
2,12:15,5v5,CHI,86,w,32,86,,nr,dc,,,,,,,,,0,36,20832,2/13/2016,CHI,ANA,,,,25,44,41,2,4,36,,11,19,86,32,43,50
2,12:01,5v5,CHI,81,w,32,,,nc,,,y,y,,,,,,0,36,20832,2/13/2016,CHI,ANA,,,,10,67,41,2,4,36,,19,65,81,32,57,50
2,11:26,5v5,CHI,2,s,19,,,opl,,,,,,,,,,0,36,20832,2/13/2016,CHI,ANA,,,,15,16,57,42,47,36,,19,65,88,2,4,50
2,9:50,5v5,CHI,15,b,72,88,15,oelc,or,or,y,y,,,,,,0,36,20832,2/13/2016,CHI,ANA,,,,7,17,33,24,45,36,,15,72,88,32,43,50
2,9:41,5v5,CHI,43,o,72,,,opl,,,,y,,,,,,0,36,20832,2/13/2016,CHI,ANA,,,,7,17,33,24,45,36,,15,72,88,32,43,50
2,9:12,5v5,ANA,25,w,41,4,,oell,dl,,,,,,,,,0,50,20832,2/13/2016,CHI,ANA,,,,25,44,41,2,4,36,,11,24,86,32,43,50
2,8:57,5v5,CHI,24,a,11,24,86,oell,oelr,nr,y,,,,,,,0,36,20832,2/13/2016,CHI,ANA,,,,25,44,41,2,4,36,,11,24,86,2,4,50
2,8:44,5v5,CHI,65,w,19,2,,or,dc,,,y,,,,,,0,36,20832,2/13/2016,CHI,ANA,,,,44,10,19,2,4,36,,19,65,81,2,4,50
2,8:02,5v5,CHI,4,w,19,,,oc,,,y,,,,,,,0,36,20832,2/13/2016,CHI,ANA,,,,Event Not in PBP or >10 Second Difference,Event Not in PBP or >10 Second Difference,Event Not in PBP or >10 Second Difference,Event Not in PBP or >10 Second Difference,Event Not in PBP or >10 Second Difference,Event Not in PBP or >10 Second Difference,,Event Not in PBP or >10 Second Difference,Event Not in PBP or >10 Second Difference,Event Not in PBP or >10 Second Difference,Event Not in PBP or >10 Second Difference,Event Not in PBP or >10 Second Difference,Event Not in PBP or >10 Second Difference
2,7:53,5v5,CHI,2,o,4,2,19,opl,opr,opr,,,,,,,,0,36,20832,2/13/2016,CHI,ANA,,,,15,17,57,42,47,36,,19,65,81,2,4,50
2,7:34,5v5,ANA,7,w,45,44,,nc,nf,,,,,,,,,0,50,20832,2/13/2016,CHI,ANA,,,,7,44,33,24,45,36,,15,72,88,7,57,50
2,5:54,5v5,ANA,33,w,17,7,,or,nl,,y,y,,,7,y,,0,50,20832,2/13/2016,CHI,ANA,,,,7,17,33,2,4,36,,15,72,88,2,4,50
2,5:32,5v4,CHI,7,s,88,7,2,ol,opc,opc,,y,,,7,y,y,0,36,20832,2/13/2016,CHI,ANA,,,,Event Not in PBP or >10 Second Difference,Event Not in PBP or >10 Second Difference,Event Not in PBP or >10 Second Difference,Event Not in PBP or >10 Second Difference,Event Not in PBP or >10 Second Difference,Event Not in PBP or >10 Second Difference,,Event Not in PBP or >10 Second Difference,Event Not in PBP or >10 Second Difference,Event Not in PBP or >10 Second Difference,Event Not in PBP or >10 Second Difference,Event Not in PBP or >10 Second Difference,Event Not in PBP or >10 Second Difference
2,3:41,5v5,ANA,57,w,15,,,of,,,,y,,,,,,1,50,20832,2/13/2016,CHI,ANA,,,,15,25,57,42,47,36,,11,24,86,7,57,50
2,2:56,5v5,CHI,4,s,88,50,,dr,dsc,,,y,,,,,,1,36,20832,2/13/2016,CHI,ANA,,,,16,44,41,24,47,36,,15,72,88,2,4,50
2,2:06,5v5,ANA,17,w,33,,,oelc,,,y,y,,,,,,1,50,20832,2/13/2016,CHI,ANA,,,,16,17,33,24,45,36,,19,65,88,32,43,50
2,1:19,5v4,ANA,15,w,45,4,45,oc,opl,opr,,y,,,,,,1,50,20832,2/13/2016,CHI,ANA,,,,15,10,67,4,45,36,,11,15,2,4,50,0
2,1:07,5v4,ANA,4,s,45,15,45,oc,opr,oc,y,,,,,,,1,50,20832,2/13/2016,CHI,ANA,,,,15,10,67,4,45,36,,11,15,2,4,50,0
2,0:25,5v4,ANA,67,w,10,4,,or,or,,y,,,,,,,1,50,20832,2/13/2016,CHI,ANA,,,,15,10,67,4,45,36,,15,19,2,4,50,0
2,0:17,5v4,ANA,45,s,10,,,opl,,,,,,,,,,1,50,20832,2/13/2016,CHI,ANA,,,,15,10,67,4,45,36,,15,19,2,4,50,0
3,19:11,5v5,ANA,10,w,15,57,4,or,oc,dsc,,,,,,,,1,50,20832,2/13/2016,CHI,ANA,,,,15,10,57,42,47,31,,19,65,34,7,57,50
3,17:39,5v5,ANA,17,w,7,33,24,ol,ol,dl,,,,,,,,1,50,20832,2/13/2016,CHI,ANA,,,,7,17,33,24,45,31,,19,65,88,2,7,50
3,17:35,5v5,ANA,17,w,7,,,or,,,,,,,,,,1,50,20832,2/13/2016,CHI,ANA,,,,7,17,33,24,45,31,,19,65,88,2,7,50
3,17:24,5v5,ANA,17,b,33,17,33,or,or,or,y,y,,,,,,1,50,20832,2/13/2016,CHI,ANA,,,,7,17,33,2,4,31,,19,65,88,2,7,50
3,16:32,5v5,CHI,15,w,11,,,or,,,y,,,,,,,1,31,20832,2/13/2016,CHI,ANA,,,,15,25,57,2,4,31,,11,15,72,2,4,50
3,15:29,4v4,CHI,86,w,11,57,7,nl,dl,dc,y,,,,,,,1,31,20832,2/13/2016,CHI,ANA,,,,17,33,4,45,31,0,,11,86,7,57,50,0
3,15:16,4v4,ANA,17,w,45,,,dc,,,y,y,,,,,,1,50,20832,2/13/2016,CHI,ANA,,,,17,33,4,45,31,0,,88,86,7,57,50,0
3,15:06,4v4,ANA,4,o,33,45,4,oelc,or,ol,y,y,,,17,y,,1,50,20832,2/13/2016,CHI,ANA,,,,17,33,4,45,31,0,,88,86,7,57,50,0
3,15:04,4v4,ANA,33,r,,,,,,,y,y,,y,,,,1,50,20832,2/13/2016,CHI,ANA,,,,17,33,4,45,31,0,,88,86,7,57,50,0
3,14:04,4v4,ANA,67,w,15,47,24,oc,nl,dr,y,,,,,,,0,50,20832,2/13/2016,CHI,ANA,,,,15,67,2,4,31,0,,15,88,2,32,50,0
3,13:35,5v5,ANA,10,w,25,67,,oc,nr,,y,y,,,,,,0,50,20832,2/13/2016,CHI,ANA,,,,25,10,67,2,4,31,,11,15,72,32,57,50
3,12:19,5v5,CHI,2,o,19,88,2,opl,nc,dc,,,,,,,,0,31,20832,2/13/2016,CHI,ANA,,,,10,67,19,24,45,31,,19,65,88,2,4,50
3,11:22,5v5,ANA,57,w,15,,,oelr,,,y,y,,y,,,,0,50,20832,2/13/2016,CHI,ANA,,,,15,25,57,2,4,31,,15,72,86,2,4,50
3,11:03,5v5,CHI,4,s,67,,,nr,,,,,,,,,,-1,31,20832,2/13/2016,CHI,ANA,,,,7,10,67,2,4,31,,15,72,88,7,57,50
3,7:59,5v5,CHI,7,o,11,65,,oc,oell,,y,y,,y,,,,-1,31,20832,2/13/2016,CHI,ANA,,,,16,44,41,42,47,31,,11,19,65,7,57,50
3,7:30,5v5,ANA,7,w,17,45,,oc,dc,,,,,,,,,0,50,20832,2/13/2016,CHI,ANA,,,,Event Not in PBP or >10 Second Difference,Event Not in PBP or >10 Second Difference,Event Not in PBP or >10 Second Difference,Event Not in PBP or >10 Second Difference,Event Not in PBP or >10 Second Difference,Event Not in PBP or >10 Second Difference,,Event Not in PBP or >10 Second Difference,Event Not in PBP or >10 Second Difference,Event Not in PBP or >10 Second Difference,Event Not in PBP or >10 Second Difference,Event Not in PBP or >10 Second Difference,Event Not in PBP or >10 Second Difference
3,7:21,5v5,CHI,24,o,17,,,oelc,,,,,,,,,,0,31,20832,2/13/2016,CHI,ANA,,,,7,17,33,24,45,31,,15,72,88,7,57,50
3,4:07,5v5,CHI,25,w,15,,,of,,,y,y,,,,,,0,31,20832,2/13/2016,CHI,ANA,,,,17,10,19,2,4,31,,11,24,86,7,57,50
3,3:33,5v5,ANA,25,w,15,,,dc,,,y,,,,,,,0,50,20832,2/13/2016,CHI,ANA,,,,15,25,57,42,47,31,,15,65,14,2,4,50
3,3:26,5v5,ANA,42,s,57,47,,opl,ol,,,,,,,,,0,50,20832,2/13/2016,CHI,ANA,,,,15,25,57,42,47,31,,15,65,14,2,4,50
3,3:15,5v5,ANA,47,w,25,,,opl,,,,y,,,57,,,0,50,20832,2/13/2016,CHI,ANA,,,,15,25,57,42,47,31,,15,65,14,2,4,50
3,2:45,5v5,ANA,42,s,17,7,,opc,ol,,,,,,,,,0,50,20832,2/13/2016,CHI,ANA,,,,7,17,33,42,47,31,,15,72,88,32,57,50
3,2:19,5v5,ANA,19,w,33,,,nc,,,,y,,,,,,0,50,20832,2/13/2016,CHI,ANA,,,,17,33,19,24,45,31,,11,88,24,7,57,50
3,2:01,5v5,CHI,88,w,11,,,or,,,y,y,,,,,,0,31,20832,2/13/2016,CHI,ANA,,,,10,67,19,24,45,31,,11,19,88,2,7,50
3,1:44,5v5,ANA,2,s,4,10,,ol,opl,,,,,,,,,0,50,20832,2/13/2016,CHI,ANA,,,,10,67,19,2,4,31,,11,19,86,2,7,50
3,1:28,5v5,ANA,19,w,10,,,oelc,,,y,,,,,,,0,50,20832,2/13/2016,CHI,ANA,,,,10,67,19,2,4,31,,11,19,86,2,7,50
3,0:34,5v5,ANA,7,w,42,,,ol,,,,y,,,,,,0,50,20832,2/13/2016,CHI,ANA,,,,7,15,17,42,47,31,,15,72,88,2,4,50
3,0:13,5v5,ANA,57,w,47,,,nc,,,,y,,,,,,0,50,20832,2/13/2016,CHI,ANA,,,,15,25,57,42,47,31,,11,65,24,7,57,50
4,4:41,3v3,CHI,88,w,4,,,dsc,,,y,,,,,,,0,31,20832,2/13/2016,CHI,ANA,,,,15,17,0,0,4,31,,0,19,88,0,4,50
4,4:14,3v3,ANA,10,w,45,,,dc,,,y,,,,,,,0,50,20832,2/13/2016,CHI,ANA,,,,10,67,0,0,45,31,,0,15,72,0,7,50
4,3:00,4v3,ANA,45,w,15,4,15,ol,ol,opl,,y,,,,,,0,50,20832,2/13/2016,CHI,ANA,,,,15,10,0,4,45,31,,0,19,0,2,4,50
4,2:44,4v3,ANA,4,o,45,15,45,oc,ol,oc,y,y,,,15,y,y,0,50,20832,2/13/2016,CHI,ANA,,,,15,10,0,4,45,31,,0,19,0,2,4,50
1,19:22,5v5,ANA,7,o,42,7,,orrr,nl,,y,y,,,44,y,,0,41,20645,1/13/2016,ANA,OTT,31,41,,7,22,44,2,42,31,,68,93,9,65,74,41
1,19:05,5v5,ANA,2,o,33,,,opc,,,,,,,,,,0,41,20645,1/13/2016,ANA,OTT,,,,17,33,26,2,45,31,,7,6,61,5,46,41
1,17:59,5v5,OTT,45,w,3,27,,opl,opl,,,y,,,,,,0,31,20645,1/13/2016,ANA,OTT,,,,15,10,67,3,53,31,,27,44,89,3,45,41
1,17:33,5v5,ANA,67,o,10,67,,opc,or,,,y,,,,,,0,41,20645,1/13/2016,ANA,OTT,,,,15,10,67,42,47,31,,27,44,89,3,45,41
1,17:07,5v5,OTT,74,w,65,74,15,opr,opl,opl,,,,,,,,0,31,20645,1/13/2016,ANA,OTT,,,,25,29,19,42,47,31,,10,15,6,25,65,74
1,15:57,5v4,OTT,6,w,65,61,,opc,oelpl,,,y,,,,,,0,31,20645,1/13/2016,ANA,OTT,,,,7,22,42,47,31,0,,93,6,61,9,65,41
1,15:23,5v4,OTT,68,w,65,7,65,oc,opr,or,y,y,,,,,,0,31,20645,1/13/2016,ANA,OTT,,,,17,44,2,45,31,0,,7,15,27,68,65,41
1,15:13,5v4,OTT,68,s,15,,,opr,,,,y,,,,,,0,31,20645,1/13/2016,ANA,OTT,,,,17,44,2,45,31,0,,7,15,27,68,65,41
1,15:04,5v4,OTT,65,o,7,68,65,opr,ol,oc,,,,,,,,0,31,20645,1/13/2016,ANA,OTT,,,,17,44,2,45,31,0,,7,15,27,68,65,41
1,14:56,5v4,OTT,65,o,7,15,,opr,opc,,,,,,,,,0,31,20645,1/13/2016,ANA,OTT,,,,17,44,29,2,45,31,,7,15,27,68,65,41
1,14:33,5v5,OTT,93,w,9,,,opr,,,,,,,,,,0,31,20645,1/13/2016,ANA,OTT,,,,15,10,67,42,47,31,,93,6,9,5,46,41
1,13:36,5v5,ANA,67,w,15,67,,oc,oelr,,,,,,,,,0,41,20645,1/13/2016,ANA,OTT,,,,15,10,67,3,53,31,,27,44,89,45,74,41
1,12:58,5v5,OTT,15,w,3,,,opl,,,,,,,,,,0,31,20645,1/13/2016,ANA,OTT,,,,17,25,33,3,53,31,,10,15,25,3,65,41
1,12:36,5v5,ANA,45,w,19,25,,opl,ol,,,y,,,,,,0,41,20645,1/13/2016,ANA,OTT,,,,25,29,19,2,45,31,,10,15,25,3,65,41
1,12:22,5v5,ANA,33,s,2,,,oc,,,,y,,,,,,0,41,20645,1/13/2016,ANA,OTT,,,,17,33,26,2,45,31,,7,6,61,3,65,41
1,11:40,5v5,ANA,26,w,17,26,2,opr,or,opr,,,,,,,,0,41,20645,1/13/2016,ANA,OTT,,,,17,33,26,2,45,31,,7,6,61,3,65,41
1,11:35,5v5,ANA,17,t,2,45,,or,ol,,y,,,,,,,0,41,20645,1/13/2016,ANA,OTT,,,,17,33,26,2,45,31,,7,6,61,3,65,41
1,11:14,5v5,ANA,47,w,7,44,45,or,dc,dc,y,,,,,,,0,41,20645,1/13/2016,ANA,OTT,,,,7,22,44,42,47,31,,68,93,9,5,46,41
1,11:00,5v5,ANA,22,s,47,42,,oc,dc,,,,,,,,,0,41,20645,1/13/2016,ANA,OTT,,,,7,22,44,42,47,31,,68,93,9,5,46,41
1,7:00,5v4,ANA,33,w,2,33,17,oc,oelpl,ol,,,,,,,,0,41,20645,1/13/2016,ANA,OTT,,,,17,29,33,2,47,31,,61,9,3,65,41,0
1,6:52,5v4,ANA,29,t,2,17,,oc,opr,,y,,,,,,,0,41,20645,1/13/2016,ANA,OTT,,,,17,29,33,2,47,31,,61,9,3,65,41,0
1,6:18,5v4,ANA,47,o,2,29,2,oc,opl,oc,,y,,,,,,0,41,20645,1/13/2016,ANA,OTT,,,,17,29,33,2,47,31,,44,9,3,5,41,0
1,6:14,5v5,ANA,29,o,2,,,ol,,,,y,,,,,,0,41,20645,1/13/2016,ANA,OTT,,,,17,29,33,2,47,31,,44,9,89,3,5,41
1,6:07,5v5,ANA,44,w,7,45,7,ol,oc,opc,y,,,,,,,0,41,20645,1/13/2016,ANA,OTT,,,,7,22,44,42,45,31,,7,6,61,45,74,41
1,5:50,5v5,OTT,6,t,65,74,7,or,opl,opl,y,,,,,,,0,31,20645,1/13/2016,ANA,OTT,,,,7,22,44,42,45,31,,7,6,61,45,74,41
1,4:32,5v5,OTT,68,w,65,93,68,orrc,oc,ol,y,y,,,9,,,0,31,20645,1/13/2016,ANA,OTT,,,,15,10,26,3,53,31,,68,93,9,46,65,41
1,4:15,5v5,ANA,15,b,10,,,dc,,,y,y,,,,,,0,41,20645,1/13/2016,ANA,OTT,,,,15,10,67,2,45,31,,68,93,9,46,65,41
1,4:13,5v5,OTT,27,w,65,,,dl,,,y,y,,,,,,0,31,20645,1/13/2016,ANA,OTT,,,,15,10,67,2,45,31,,27,68,93,46,65,41
1,4:01,5v5,OTT,46,w,15,,,of,,,,,,,,,,0,31,20645,1/13/2016,ANA,OTT,,,,15,10,67,3,53,31,,15,27,44,5,46,41
1,3:43,5v5,ANA,15,b,67,,,ol,,,y,y,,,,,,0,41,20645,1/13/2016,ANA,OTT,,,,15,10,67,3,53,31,,15,27,44,5,46,41
1,3:29,5v5,OTT,27,w,44,,,or,,,,y,,,,,,0,31,20645,1/13/2016,ANA,OTT,,,,25,29,19,42,47,31,,15,27,44,45,74,41
1,3:22,5v5,ANA,25,w,19,,,dr,,,,y,,,,,,0,41,20645,1/13/2016,ANA,OTT,,,,25,29,19,42,47,31,,15,27,44,45,74,41
1,1:23,5v5,OTT,93,o,5,,,opc,,,,,,,,,,0,31,20645,1/13/2016,ANA,OTT,,,,17,33,26,2,45,31,,68,93,9,5,46,41
2,19:50,5v5,ANA,2,s,47,44,,nl,nf,,,y,,,,,,0,41,20645,1/13/2016,ANA,OTT,,,,7,22,44,2,47,31,,68,93,9,3,65,41
2,17:38,5v4,OTT,7,o,68,65,68,oc,opc,oc,,,,,,,,0,31,20645,1/13/2016,ANA,OTT,,,,17,33,3,47,31,0,,7,15,27,68,65,41
2,16:54,5v4,OTT,7,w,68,7,68,ol,opl,ol,,y,,,,,,0,31,20645,1/13/2016,ANA,OTT,,,,7,22,3,47,31,0,,7,15,27,68,65,41
2,16:23,5v4,OTT,93,o,65,93,6,oc,opc,oc,y,y,,,,,,0,31,20645,1/13/2016,ANA,OTT,,,,44,26,2,45,31,0,,93,6,61,9,65,41
2,14:13,5v5,OTT,89,w,25,,,dr,,,,y,,,,,,0,31,20645,1/13/2016,ANA,OTT,,,,15,10,67,3,45,31,,10,25,89,45,46,41
2,13:31,5v5,ANA,17,t,42,47,42,oc,opc,opc,y,,,,,,,0,41,20645,1/13/2016,ANA,OTT,,,,17,33,26,42,47,31,,7,6,61,5,46,41
2,12:30,5v5,ANA,17,o,33,26,33,orrr,or,nr,y,,,,,,,0,41,20645,1/13/2016,ANA,OTT,,,,17,33,26,2,45,31,,68,93,9,65,74,41
2,12:21,5v5,OTT,68,w,9,,,oelc,,,y,y,,,,,,1,31,20645,1/13/2016,ANA,OTT,,,,17,33,26,2,45,31,,68,93,9,65,74,41
2,11:45,5v5,OTT,65,w,15,27,,oc,nl,,,y,,,,,,1,31,20645,1/13/2016,ANA,OTT,,,,15,10,67,3,53,31,,15,27,44,3,65,41
2,11:31,5v4,ANA,45,o,53,10,15,oc,opr,of,,,,,,,,1,41,20645,1/13/2016,ANA,OTT,,,,15,10,67,45,53,31,,15,44,5,74,41,0
2,11:03,5v4,ANA,45,o,53,15,10,oc,opr,or,y,y,,,,,,1,41,20645,1/13/2016,ANA,OTT,,,,15,10,67,45,53,31,,15,44,5,74,41,0
2,9:58,5v4,ANA,33,w,47,,,oc,,,,y,,,,,,1,41,20645,1/13/2016,ANA,OTT,,,,17,29,33,2,47,31,,27,44,46,65,41,0
2,9:32,5v5,ANA,2,t,7,2,22,oc,oc,nl,y,,,,,,,1,41,20645,1/13/2016,ANA,OTT,,,,7,22,44,2,47,31,,27,44,3,46,65,41
2,8:45,5v5,ANA,33,w,47,42,17,nc,nr,nf,,y,,,,,,1,41,20645,1/13/2016,ANA,OTT,,,,17,33,26,42,47,31,,7,6,61,3,65,41
2,6:16,5v5,OTT,7,w,44,,,ol,,,y,y,,,,,,1,31,20645,1/13/2016,ANA,OTT,,,,15,10,67,3,45,31,,7,6,61,3,65,41
2,5:47,5v5,ANA,17,w,42,17,47,dsr,dl,dl,,y,,,,,,1,41,20645,1/13/2016,ANA,OTT,,,,17,33,26,42,47,31,,7,6,61,3,65,41
2,4:47,5v5,ANA,10,s,15,67,53,dsl,dl,dl,y,y,,,,,,1,41,20645,1/13/2016,ANA,OTT,,,,15,10,67,3,53,31,,68,93,9,5,74,41
2,2:53,5v5,ANA,47,b,22,44,,oell,oell,,y,y,,,,,,0,41,20645,1/13/2016,ANA,OTT,,,,7,22,44,42,47,31,,15,27,44,3,65,41
2,0:56,5v5,OTT,9,o,93,68,,oc,ol,,,,,,,,,0,31,20645,1/13/2016,ANA,OTT,,,,25,10,67,2,53,31,,68,93,9,5,45,41
2,0:26,5v5,OTT,27,t,65,3,44,or,opl,opl,y,y,,,,,,0,31,20645,1/13/2016,ANA,OTT,,,,17,44,33,45,47,31,,15,27,44,3,65,41
3,19:26,5v5,OTT,93,o,9,65,3,oc,or,dl,y,y,,,,,,0,31,20645,1/13/2016,ANA,OTT,,,,7,22,44,42,47,31,,68,93,9,3,65,41
3,18:57,5v5,OTT,6,w,61,,,dr,,,,y,,,,,,0,31,20645,1/13/2016,ANA,OTT,,,,17,33,26,2,45,31,,7,6,61,45,74,41
3,18:38,5v5,ANA,33,w,45,2,,dr,dl,,,,,,,,,0,41,20645,1/13/2016,ANA,OTT,,,,17,33,26,2,45,31,,15,27,44,5,46,41
3,17:21,5v5,OTT,65,o,68,65,,opr,or,,,,,,93,,,0,31,20645,1/13/2016,ANA,OTT,,,,7,22,44,42,47,31,,68,93,9,3,65,41
3,16:23,5v5,ANA,26,w,33,,,nr,,,,,,,,,,0,41,20645,1/13/2016,ANA,OTT,,,,17,33,26,2,45,31,,7,6,61,45,74,41
3,13:54,5v5,OTT,93,s,9,65,68,dr,dr,dr,,y,,,,,,0,31,20645,1/13/2016,ANA,OTT,,,,17,33,26,42,53,31,,68,93,9,45,74,41
3,12:57,5v5,OTT,46,w,7,6,61,oelc,oelr,or,,y,,,,,,0,31,20645,1/13/2016,ANA,OTT,,,,7,22,44,2,45,31,,7,6,61,5,46,41
3,11:46,5v5,OTT,46,w,44,15,,opl,oell,,,y,,,,,,0,31,20645,1/13/2016,ANA,OTT,,,,10,67,19,3,53,31,,15,27,44,5,46,41
3,11:17,5v5,OTT,5,w,9,,,opr,,,,,,,,,,0,31,20645,1/13/2016,ANA,OTT,,,,7,22,44,2,45,31,,68,93,9,5,46,41
3,11:10,5v5,ANA,44,s,7,45,,nr,dc,,,,,,,,,0,41,20645,1/13/2016,ANA,OTT,,,,7,22,44,2,45,31,,68,93,9,5,46,41
3,10:07,5v5,ANA,3,w,29,15,,oelpc,oelr,,,,,,,,,0,41,20645,1/13/2016,ANA,OTT,,,,15,25,29,3,53,31,,10,25,89,45,74,41
3,9:10,5v5,ANA,17,w,33,,,nc,,,,,,,,,,0,41,20645,1/13/2016,ANA,OTT,,,,Event Not in PBP or >10 Second Difference,Event Not in PBP or >10 Second Difference,Event Not in PBP or >10 Second Difference,Event Not in PBP or >10 Second Difference,Event Not in PBP or >10 Second Difference,Event Not in PBP or >10 Second Difference,,Event Not in PBP or >10 Second Difference,Event Not in PBP or >10 Second Difference,Event Not in PBP or >10 Second Difference,Event Not in PBP or >10 Second Difference,Event Not in PBP or >10 Second Difference,Event Not in PBP or >10 Second Difference
3,8:50,5v5,ANA,67,w,19,10,,dc,dr,,,,,,,,,0,41,20645,1/13/2016,ANA,OTT,,,,10,67,19,3,53,31,,15,27,44,3,65,41
3,8:07,5v5,ANA,22,s,7,,,or,,,,y,,,,,,0,41,20645,1/13/2016,ANA,OTT,,,,7,22,44,2,45,31,,68,93,9,5,46,41
3,7:18,5v5,OTT,3,w,65,7,65,or,opl,or,,y,,,,,,0,31,20645,1/13/2016,ANA,OTT,,,,17,33,26,42,47,31,,7,6,61,3,65,41
3,5:54,5v5,ANA,19,b,53,,,oc,,,,y,,,67,y,,0,41,20645,1/13/2016,ANA,OTT,,,,10,67,19,3,53,31,,15,27,44,5,46,41
3,5:47,5v5,ANA,10,o,67,,,of,,,,y,,,,,,0,41,20645,1/13/2016,ANA,OTT,,,,10,67,19,3,53,31,,15,27,44,5,46,41
3,4:55,5v4,ANA,53,w,15,45,53,oc,dc,dl,y,y,,y,,,,0,41,20645,1/13/2016,ANA,OTT,,,,15,10,67,45,53,31,,93,9,3,65,41,0
3,3:25,5v5,ANA,47,s,42,67,,nr,nf,,,y,,,67,,,1,41,20645,1/13/2016,ANA,OTT,,,,10,67,19,42,47,31,,15,27,44,45,65,41
3,3:17,5v5,ANA,67,b,19,,,oelc,,,y,,,,,,,1,41,20645,1/13/2016,ANA,OTT,,,,10,67,19,42,47,31,,15,27,44,45,65,41
3,2:47,5v5,ANA,47,w,26,10,,oelpl,oelc,,,,,,,,,1,41,20645,1/13/2016,ANA,OTT,,,,17,10,26,42,47,31,,15,27,44,45,65,41
3,2:32,5v5,ANA,26,b,17,,,oc,,,y,y,,y,,,,1,41,20645,1/13/2016,ANA,OTT,,,,17,33,26,2,42,31,,15,27,44,45,65,41
3,1:35,5v5,ANA,17,w,26,17,,orrc,oc,,y,,3 on 2,,,,,2,41,20645,1/13/2016,ANA,OTT,,,,17,33,26,2,45,31,,7,68,9,5,46,41
3,1:26,5v5,ANA,33,w,47,,,nsl,,,y,y,1 on 0,y,,,,2,41,20645,1/13/2016,ANA,OTT,,,,17,33,26,42,47,31,,7,6,61,45,65,41
3,0:05,5v5,OTT,89,o,25,89,,oelc,oell,,,y,,,,,,3,31,20645,1/13/2016,ANA,OTT,,,,7,22,44,3,53,31,,7,61,89,46,65,41
