Period,Time,Strength,Team,Shooter,Shot Type?,A1,A2,A3,A1 Zone,A2 Zone,A3 Zone,SC?,SOG?,Oddman,G?,RB,RB SOG?,RB G?,Home Score State,Goalie,Game ID,Date,Home:,Away: ,Home Goalies,Away Goalies,Coyotes,F,F,F,D,D,G/Extra Attacker,Opp,F,F,F,D,D,G/Extra Attacker
1,19:26,5v5,N.J,13,t,14,,,or,,,,y,,,,,,0,41,20081,10/20/2015,N.J,ARI,35,41,,16,50,19,4,23,41,,14,20,13,5,6,35
1,18:38,5v5,N.J,2,o,28,19,,or,of,,,y,,,,,,0,41,20081,10/20/2015,N.J,ARI,1,29,,16,12,89,26,34,41,,9,19,21,2,28,35
1,17:55,5v5,N.J,8,t,16,,,or,,,,,,,,,,0,41,20081,10/20/2015,N.J,ARI,,,,15,48,89,26,34,41,,9,14,19,21,5,6
1,17:49,5v5,N.J,14,w,22,,,orrr,,,,,,,,,,0,41,20081,10/20/2015,N.J,ARI,,,,15,48,89,26,34,41,,9,14,19,21,5,6
1,17:29,5v4,N.J,21,o,28,16,14,or,opr,oelr,,,,,,,,0,41,20081,10/20/2015,N.J,ARI,,,,Event Not in PBP or >10 Second Difference,Event Not in PBP or >10 Second Difference,Event Not in PBP or >10 Second Difference,Event Not in PBP or >10 Second Difference,Event Not in PBP or >10 Second Difference,Event Not in PBP or >10 Second Difference,,Event Not in PBP or >10 Second Difference,Event Not in PBP or >10 Second Difference,Event Not in PBP or >10 Second Difference,Event Not in PBP or >10 Second Difference,Event Not in PBP or >10 Second Difference,Event Not in PBP or >10 Second Difference
1,12:59,5v5,ARI,8,o,11,,,of,,,,,,,,,,0,35,20081,10/20/2015,N.J,ARI,,,,8,11,10,4,23,41,,14,20,13,8,44,35
1,12:25,5v5,N.J,6,w,19,,,opl,,,,,,,,,,0,41,20081,10/20/2015,N.J,ARI,,,,Event Not in PBP or >10 Second Difference,Event Not in PBP or >10 Second Difference,Event Not in PBP or >10 Second Difference,Event Not in PBP or >10 Second Difference,Event Not in PBP or >10 Second Difference,Event Not in PBP or >10 Second Difference,,Event Not in PBP or >10 Second Difference,Event Not in PBP or >10 Second Difference,Event Not in PBP or >10 Second Difference,Event Not in PBP or >10 Second Difference,Event Not in PBP or >10 Second Difference,Event Not in PBP or >10 Second Difference
1,12:12,5v5,N.J,19,w,9,,,or,,,,y,,,,,,0,41,20081,10/20/2015,N.J,ARI,,,,16,12,89,26,34,41,,9,19,21,5,6,35
1,11:08,5v5,N.J,22,w,16,2,,nl,dl,,,,,,,,,0,41,20081,10/20/2015,N.J,ARI,,,,24,50,19,26,34,41,,18,11,22,8,44,35
1,5:13,5v5,N.J,28,w,21,,,oc,,,,,,,,,,0,41,20081,10/20/2015,N.J,ARI,,,,16,12,89,2,5,41,,9,19,21,2,28,35
1,1:56,5v5,ARI,2,w,17,,,opl,,,,,,,,,,0,35,20081,10/20/2015,N.J,ARI,,,,15,17,48,2,5,41,,18,11,22,8,44,35
1,1:51,5v5,ARI,26,w,12,,,of,,,,,,,,,,0,35,20081,10/20/2015,N.J,ARI,,,,15,17,48,2,5,41,,18,11,22,8,44,35
1,1:45,5v5,ARI,34,w,89,,,ol,,,,,,,,,,0,35,20081,10/20/2015,N.J,ARI,,,,15,17,48,2,5,41,,18,11,22,8,44,35
1,1:39,5v5,ARI,26,w,16,26,,opr,or,,,,,,,,,0,35,20081,10/20/2015,N.J,ARI,,,,16,12,89,26,34,41,,9,19,21,5,6,35
1,1:33,5v5,ARI,26,w,34,,,opl,,,,,,,,,,0,35,20081,10/20/2015,N.J,ARI,,,,16,12,89,26,34,41,,9,19,21,5,6,35
1,1:27,5v5,N.J,9,w,21,6,,orrr,dc,,y,y,3 on 2,,,,,0,41,20081,10/20/2015,N.J,ARI,,,,16,12,89,26,34,41,,9,19,21,5,6,35
1,0:32,5v5,N.J,20,w,14,20,28,or,or,nr,,,,,,,,0,41,20081,10/20/2015,N.J,ARI,,,,Event Not in PBP or >10 Second Difference,Event Not in PBP or >10 Second Difference,Event Not in PBP or >10 Second Difference,Event Not in PBP or >10 Second Difference,Event Not in PBP or >10 Second Difference,Event Not in PBP or >10 Second Difference,,Event Not in PBP or >10 Second Difference,Event Not in PBP or >10 Second Difference,Event Not in PBP or >10 Second Difference,Event Not in PBP or >10 Second Difference,Event Not in PBP or >10 Second Difference,Event Not in PBP or >10 Second Difference
2,18:54,5v4,N.J,44,w,13,44,19,or,opc,of,,,,,,,,0,41,20081,10/20/2015,N.J,ARI,,,,Event Not in PBP or >10 Second Difference,Event Not in PBP or >10 Second Difference,Event Not in PBP or >10 Second Difference,Event Not in PBP or >10 Second Difference,Event Not in PBP or >10 Second Difference,Event Not in PBP or >10 Second Difference,,Event Not in PBP or >10 Second Difference,Event Not in PBP or >10 Second Difference,Event Not in PBP or >10 Second Difference,Event Not in PBP or >10 Second Difference,Event Not in PBP or >10 Second Difference,Event Not in PBP or >10 Second Difference
2,18:43,5v4,N.J,13,o,44,20,19,oc,oelpl,ol,,y,,,,,,0,41,20081,10/20/2015,N.J,ARI,,,,15,48,2,5,41,0,,9,19,20,13,44,35
2,18:27,5v4,N.J,13,o,44,19,44,ol,opl,ol,,y,,,,,,0,41,20081,10/20/2015,N.J,ARI,,,,15,48,2,5,41,0,,9,19,20,13,44,35
2,18:22,5v4,N.J,44,w,13,19,,or,of,,,,,,,,,0,41,20081,10/20/2015,N.J,ARI,,,,15,48,2,5,41,0,,9,19,20,13,44,35
2,17:32,4v5,ARI,50,w,19,,,dl,,,,,,,,,,0,35,20081,10/20/2015,N.J,ARI,,,,50,19,2,5,41,0,,14,16,18,21,28,35
2,16:49,5v5,N.J,21,s,11,14,28,ol,ol,dr,,,,,,,,0,41,20081,10/20/2015,N.J,ARI,,,,16,12,89,4,34,41,,14,16,21,5,8,35
2,16:44,5v5,N.J,5,w,6,51,,ol,ofp,,,,,,,,,0,41,20081,10/20/2015,N.J,ARI,,,,16,12,89,4,34,41,,14,16,21,5,8,35
2,16:07,5v5,N.J,11,w,5,11,,or,opl,,,,,,,,,0,41,20081,10/20/2015,N.J,ARI,,,,16,12,89,23,26,41,,25,51,11,5,6,35
2,15:20,5v5,ARI,11,w,10,,,or,,,y,,,,,,,0,35,20081,10/20/2015,N.J,ARI,,,,8,11,10,2,5,41,,14,20,13,8,44,35
2,15:10,5v5,ARI,11,w,10,11,8,oell,ol,ol,,y,,,,,,0,35,20081,10/20/2015,N.J,ARI,,,,8,11,10,2,5,41,,14,20,13,8,44,35
2,14:19,5v5,N.J,9,t,2,19,21,ol,ol,or,,y,,,,,,0,41,20081,10/20/2015,N.J,ARI,,,,15,17,48,4,23,41,,9,19,21,2,28,35
2,14:00,5v5,ARI,26,w,48,,,opr,,,,,,,,,,0,35,20081,10/20/2015,N.J,ARI,,,,Event Not in PBP or >10 Second Difference,Event Not in PBP or >10 Second Difference,Event Not in PBP or >10 Second Difference,Event Not in PBP or >10 Second Difference,Event Not in PBP or >10 Second Difference,Event Not in PBP or >10 Second Difference,,Event Not in PBP or >10 Second Difference,Event Not in PBP or >10 Second Difference,Event Not in PBP or >10 Second Difference,Event Not in PBP or >10 Second Difference,Event Not in PBP or >10 Second Difference,Event Not in PBP or >10 Second Difference
2,13:31,5v4,N.J,13,o,44,19,,ol,ol,,,y,,,,,,0,41,20081,10/20/2015,N.J,ARI,,,,15,48,2,5,41,0,,9,19,20,13,44,35
2,13:24,5v4,N.J,44,w,13,,,opr,,,,,,,,,,0,41,20081,10/20/2015,N.J,ARI,,,,15,48,2,5,41,0,,9,19,20,13,44,35
2,12:22,5v4,N.J,28,o,13,,,opr,,,,y,,,,,,0,41,20081,10/20/2015,N.J,ARI,,,,50,12,2,5,41,0,,14,16,22,13,28,35
2,12:07,5v4,N.J,28,o,16,13,16,orrr,or,opr,y,y,,,,,,0,41,20081,10/20/2015,N.J,ARI,,,,50,12,2,5,41,0,,14,16,22,13,28,35
2,10:57,5v5,ARI,23,w,8,89,,opl,nc,,,,,,,,,0,35,20081,10/20/2015,N.J,ARI,,,,16,12,89,2,23,41,,21,25,11,2,6,35
2,10:38,5v5,ARI,2,o,16,,,ol,,,,y,,,,,,0,35,20081,10/20/2015,N.J,ARI,,,,16,12,89,2,23,41,,21,25,11,2,6,35
2,10:25,5v5,N.J,19,w,9,6,,nl,dl,,,y,,,,,,0,41,20081,10/20/2015,N.J,ARI,,,,16,12,89,2,23,41,,9,19,21,5,6,35
2,10:21,5v5,N.J,5,o,6,19,,or,of,,,,,,,,,0,41,20081,10/20/2015,N.J,ARI,,,,50,19,48,4,23,41,,9,19,21,5,6,35
2,8:38,5v4,ARI,89,w,11,,,of,,,,y,,,,,,0,35,20081,10/20/2015,N.J,ARI,,,,11,16,10,89,23,41,,14,16,5,6,35,0
2,8:29,5v4,ARI,23,o,89,10,,oc,opl,,y,,,,,,,0,35,20081,10/20/2015,N.J,ARI,,,,11,16,10,89,23,41,,14,16,5,6,35,0
2,8:22,5v4,ARI,16,w,89,23,11,ol,or,opr,y,y,,,,,,0,35,20081,10/20/2015,N.J,ARI,,,,11,16,10,89,23,41,,14,16,5,6,35,0
2,7:24,5v4,ARI,89,w,23,8,23,oc,opl,oc,,,,,,,,0,35,20081,10/20/2015,N.J,ARI,,,,8,50,19,89,23,41,,14,11,2,8,35,0
2,6:20,5v5,ARI,23,w,16,,,oelc,,,,y,,,,,,0,35,20081,10/20/2015,N.J,ARI,,,,11,16,10,4,23,41,,19,20,5,6,44,35
2,5:13,5v5,N.J,44,o,22,18,14,ol,oc,nr,,,,,,,,0,41,20081,10/20/2015,N.J,ARI,,,,15,16,89,4,23,41,,14,18,22,8,44,35
2,4:50,5v5,N.J,44,w,14,,,opr,,,,y,,,,,,0,41,20081,10/20/2015,N.J,ARI,,,,15,16,89,4,23,41,,14,20,13,8,44,35
2,3:28,5v5,ARI,8,o,11,,,ol,,,y,y,,,,,,0,35,20081,10/20/2015,N.J,ARI,,,,8,11,10,26,34,41,,25,51,11,5,6,35
2,2:43,5v5,N.J,28,w,19,,,oc,,,,,,,,,,0,41,20081,10/20/2015,N.J,ARI,,,,Event Not in PBP or >10 Second Difference,Event Not in PBP or >10 Second Difference,Event Not in PBP or >10 Second Difference,Event Not in PBP or >10 Second Difference,Event Not in PBP or >10 Second Difference,Event Not in PBP or >10 Second Difference,,Event Not in PBP or >10 Second Difference,Event Not in PBP or >10 Second Difference,Event Not in PBP or >10 Second Difference,Event Not in PBP or >10 Second Difference,Event Not in PBP or >10 Second Difference,Event Not in PBP or >10 Second Difference
2,2:16,5v5,N.J,22,t,44,22,16,ol,oelpc,or,,y,,,,,,0,41,20081,10/20/2015,N.J,ARI,,,,8,11,12,26,34,41,,16,18,22,8,44,35
2,1:41,5v5,ARI,4,w,23,48,,opl,opl,,,y,,,19,y,,0,35,20081,10/20/2015,N.J,ARI,,,,50,19,48,4,23,41,,14,20,13,8,44,35
2,1:35,5v5,ARI,10,o,11,,,of,,,,,,,,,,0,35,20081,10/20/2015,N.J,ARI,,,,8,11,10,4,23,41,,9,19,21,5,6,35
2,1:05,5v4,ARI,89,w,23,50,,opl,of,,,,,,,,,0,35,20081,10/20/2015,N.J,ARI,,,,8,50,19,89,23,41,,14,20,5,6,35,0
2,0:53,5v4,ARI,50,o,19,8,23,oelc,or,or,y,y,,,,,,0,35,20081,10/20/2015,N.J,ARI,,,,8,50,19,89,23,41,,14,20,5,6,35,0
2,0:27,4v5,N.J,19,b,16,19,5,oell,nc,dr,y,y,2 on 1,y,,,,0,41,20081,10/20/2015,N.J,ARI,,,,8,50,19,89,23,41,,16,19,5,6,35,0
2,0:10,5v4,ARI,26,o,23,26,,opl,or,,,,,,,,,1,35,20081,10/20/2015,N.J,ARI,,,,11,16,19,23,26,41,,14,20,5,6,35,0
2,0:01,5v4,ARI,11,o,23,,,ol,,,y,y,,,,,,1,35,20081,10/20/2015,N.J,ARI,,,,11,16,19,23,26,41,,14,20,5,6,35,0
3,19:14,5v4,ARI,10,w,16,11,23,orrc,ol,dsl,y,y,,,,,,1,35,20081,10/20/2015,N.J,ARI,,,,11,16,10,4,23,41,,16,20,5,6,35,0
3,18:51,5v5,N.J,16,o,18,,,orrl,,,y,,,,,,,0,41,20081,10/20/2015,N.J,ARI,,,,8,50,19,2,4,41,,16,18,22,2,28,35
3,17:00,5v5,N.J,22,o,16,,,orrr,,,y,y,,,,,,0,41,20081,10/20/2015,N.J,ARI,,,,11,16,10,5,34,41,,16,18,22,2,28,35
3,16:34,5v4,ARI,23,s,26,8,50,opr,opr,or,,,,,,,,0,35,20081,10/20/2015,N.J,ARI,,,,8,50,19,23,26,41,,14,19,5,6,35,0
3,15:05,5v4,ARI,26,o,10,11,,oelr,ol,,,,,,,,,0,35,20081,10/20/2015,N.J,ARI,,,,Event Not in PBP or >10 Second Difference,Event Not in PBP or >10 Second Difference,Event Not in PBP or >10 Second Difference,Event Not in PBP or >10 Second Difference,Event Not in PBP or >10 Second Difference,Event Not in PBP or >10 Second Difference,,Event Not in PBP or >10 Second Difference,Event Not in PBP or >10 Second Difference,Event Not in PBP or >10 Second Difference,Event Not in PBP or >10 Second Difference,Event Not in PBP or >10 Second Difference,Event Not in PBP or >10 Second Difference
3,14:49,5v3,ARI,89,o,19,23,26,orrl,orrr,ol,y,y,,,,,,0,35,20081,10/20/2015,N.J,ARI,,,,50,19,89,23,26,41,,14,2,5,35,0,0
3,14:41,5v4,ARI,26,o,89,23,89,oelr,or,oelr,,,,,,,,0,35,20081,10/20/2015,N.J,ARI,,,,50,19,89,23,26,41,,14,18,2,5,35,0
3,12:51,5v5,N.J,13,w,19,,,oc,,,,y,,y,,,,0,41,20081,10/20/2015,N.J,ARI,,,,12,48,89,2,4,41,,9,19,13,8,28,35
3,11:08,5v5,N.J,22,w,2,16,,ol,dr,,y,y,,,,,,1,41,20081,10/20/2015,N.J,ARI,,,,8,15,19,23,26,41,,16,18,22,2,28,35
3,11:04,5v5,N.J,28,w,51,,,of,,,,,,,,,,1,41,20081,10/20/2015,N.J,ARI,,,,8,15,19,23,26,41,,16,18,22,2,28,35
3,10:59,5v5,ARI,17,w,15,,,nc,,,,y,,,,,,1,35,20081,10/20/2015,N.J,ARI,,,,15,24,17,2,4,41,,25,51,11,2,28,35
3,10:25,5v5,N.J,11,b,51,8,,or,dsl,,y,y,,,,,,1,41,20081,10/20/2015,N.J,ARI,,,,15,24,17,23,26,41,,51,11,13,8,44,35
3,8:53,5v5,N.J,13,w,14,,,oc,,,,y,,,,,,1,41,20081,10/20/2015,N.J,ARI,,,,12,48,89,5,34,41,,14,20,13,2,28,35
3,8:41,5v5,ARI,19,w,50,,,nr,,,,y,,,,,,1,35,20081,10/20/2015,N.J,ARI,,,,8,50,19,23,26,41,,16,18,22,2,28,35
3,6:49,5v5,ARI,26,o,89,48,12,or,oelc,or,,y,,,,,,1,35,20081,10/20/2015,N.J,ARI,,,,12,48,89,23,26,41,,9,19,21,5,6,35
3,6:22,5v5,ARI,89,s,23,,,nl,,,,,,,,,,1,35,20081,10/20/2015,N.J,ARI,,,,8,50,89,4,26,41,,16,18,22,2,28,35
3,5:52,5v5,N.J,51,w,11,,,of,,,,,,,,,,1,41,20081,10/20/2015,N.J,ARI,,,,8,50,19,2,4,41,,16,18,22,2,28,35
3,5:26,5v5,ARI,50,w,23,,,oc,,,,y,,,,,,1,35,20081,10/20/2015,N.J,ARI,,,,8,50,19,23,26,41,,25,51,11,2,28,35
3,3:21,5v5,ARI,89,w,4,12,,nr,dl,,,y,,,,,,1,35,20081,10/20/2015,N.J,ARI,,,,12,48,89,23,26,41,,9,19,21,5,6,35
3,2:38,5v5,ARI,10,w,16,11,,or,of,,,,,,,,,1,35,20081,10/20/2015,N.J,ARI,,,,Event Not in PBP or >10 Second Difference,Event Not in PBP or >10 Second Difference,Event Not in PBP or >10 Second Difference,Event Not in PBP or >10 Second Difference,Event Not in PBP or >10 Second Difference,Event Not in PBP or >10 Second Difference,,Event Not in PBP or >10 Second Difference,Event Not in PBP or >10 Second Difference,Event Not in PBP or >10 Second Difference,Event Not in PBP or >10 Second Difference,Event Not in PBP or >10 Second Difference,Event Not in PBP or >10 Second Difference
3,1:17,6v5,ARI,26,w,23,89,23,oc,ol,ol,,,,,,,,1,35,20081,10/20/2015,N.J,ARI,,,,8,50,19,89,23,26,,16,11,22,2,8,35
3,0:51,6v5,ARI,89,w,23,26,23,oc,or,ol,y,y,,y,,,,1,35,20081,10/20/2015,N.J,ARI,,,,8,50,19,89,23,26,,16,11,22,2,8,35
4,4:36,3v3,ARI,12,w,23,89,,ol,nc,,,y,,,,,,0,35,20081,10/20/2015,N.J,ARI,,,,12,89,0,0,23,41,,14,13,0,0,6,35
4,4:17,3v3,N.J,5,o,19,20,5,orrr,oc,orrl,y,y,3 on 1,y,,,,0,41,20081,10/20/2015,N.J,ARI,,,,11,16,0,0,23,41,,19,20,0,0,5,35
1,18:17,5v5,ARI,48,W,12,48,,ol,nc,,,,,,,,,0,34,20122,10-26-2015,TOR,ARI,34,41,,12,19,48,4,34,41,,24,15,40,46,52,34
1,17:15,5v5,ARI,8,B,23,,,dr,,,,,,,,,,0,34,20122,10-26-2015,TOR,ARI,,,,8,11,10,2,5,41,,43,47,21,2,3,34
1,17:09,5v5,ARI,11,B,5,,,or,,,,y,,,,,,0,34,20122,10-26-2015,TOR,ARI,,,,8,11,10,2,5,41,,26,56,19,2,3,34
1,17:00,5v5,ARI,2,W,11,,,ol,,,,,,,,,,0,34,20122,10-26-2015,TOR,ARI,,,,8,11,10,2,5,41,,26,56,19,2,3,34
1,16:52,5v5,ARI,5,W,2,10,5,oc,opr,or,,,,,,,,0,34,20122,10-26-2015,TOR,ARI,,,,8,11,10,2,5,41,,26,56,19,2,3,34
1,15:33,5v5,ARI,48,T,19,,,oc,,,y,,,,,,,0,34,20122,10-26-2015,TOR,ARI,,,,12,19,48,23,26,41,,24,15,40,46,52,34
1,14:33,5v5,ARI,34,W,89,,,opl,,,,,,,,,,0,34,20122,10-26-2015,TOR,ARI,,,,Event Not in PBP or >10 Second Difference,Event Not in PBP or >10 Second Difference,Event Not in PBP or >10 Second Difference,Event Not in PBP or >10 Second Difference,Event Not in PBP or >10 Second Difference,Event Not in PBP or >10 Second Difference,,Event Not in PBP or >10 Second Difference,Event Not in PBP or >10 Second Difference,Event Not in PBP or >10 Second Difference,Event Not in PBP or >10 Second Difference,Event Not in PBP or >10 Second Difference,Event Not in PBP or >10 Second Difference
1,13:30,5v4,ARI,16,W,26,16,11,oc,opr,of,y,y,,y,,,,0,34,20122,10-26-2015,TOR,ARI,,,,11,16,10,23,26,41,,56,40,2,44,34,0
1,12:20,5v5,TOR,47,B,43,44,,or,dc,,y,y,,,,,,-1,41,20122,10-26-2015,TOR,ARI,,,,16,24,89,2,26,41,,43,47,21,36,44,34
1,11:04,5v5,TOR,3,B,26,19,,nc,dl,,,,,,,,,-1,41,20122,10-26-2015,TOR,ARI,,,,8,12,10,23,26,41,,26,56,19,2,3,34
1,10:57,5v5,TOR,2,S,3,,,oc,,,,y,,,,,,-1,41,20122,10-26-2015,TOR,ARI,,,,8,12,10,23,26,41,,26,56,19,2,3,34
1,9:53,5v5,TOR,2,S,21,,,opl,,,,,,,,,,-1,41,20122,10-26-2015,TOR,ARI,,,,Event Not in PBP or >10 Second Difference,Event Not in PBP or >10 Second Difference,Event Not in PBP or >10 Second Difference,Event Not in PBP or >10 Second Difference,Event Not in PBP or >10 Second Difference,Event Not in PBP or >10 Second Difference,,Event Not in PBP or >10 Second Difference,Event Not in PBP or >10 Second Difference,Event Not in PBP or >10 Second Difference,Event Not in PBP or >10 Second Difference,Event Not in PBP or >10 Second Difference,Event Not in PBP or >10 Second Difference
1,9:44,5v5,ARI,89,W,16,24,,oc,oc,,y,y,,,,,,-1,34,20122,10-26-2015,TOR,ARI,,,,16,24,89,4,34,41,,43,47,21,2,3,34
1,9:03,5v4,ARI,10,W,23,,,or,,,,,,,,,,-1,34,20122,10-26-2015,TOR,ARI,,,,11,16,10,23,26,41,,56,40,2,46,34,0
1,7:02,5v5,TOR,3,W,43,,,opr,,,,y,,,,,,-1,41,20122,10-26-2015,TOR,ARI,,,,8,19,89,4,34,41,,43,47,21,2,3,34
1,6:53,5v5,TOR,28,W,33,,,of,,,y,y,,,23,y,y,-1,41,20122,10-26-2015,TOR,ARI,,,,15,32,17,4,34,41,,23,28,33,46,52,34
1,5:55,5v4,ARI,89,W,23,19,,oc,ofp,,y,y,,,,,,0,34,20122,10-26-2015,TOR,ARI,,,,8,19,89,23,26,41,,56,40,2,46,34,0
1,5:03,5v4,ARI,23,W,89,8,19,opl,ol,dsc,y,y,,,,,,0,34,20122,10-26-2015,TOR,ARI,,,,8,19,89,5,23,41,,26,56,44,52,34,0
1,5:01,5v4,ARI,19,W,89,,,oelc,,,y,y,,y,,,,0,34,20122,10-26-2015,TOR,ARI,,,,8,19,89,5,23,41,,26,56,44,52,34,0
1,0:41,5v4,TOR,19,W,15,,,ol,,,,,,,,,,-1,41,20122,10-26-2015,TOR,ARI,,,,15,48,4,34,41,0,,43,15,19,21,3,34
1,0:28,5v4,TOR,43,W,3,43,15,oc,opl,oell,y,,,,,,,-1,41,20122,10-26-2015,TOR,ARI,,,,15,48,4,34,41,0,,43,15,19,21,3,34
2,19:08,5v5,TOR,43,W,3,,,nc,,,,,,,,,,-1,41,20122,10-26-2015,TOR,ARI,,,,8,12,17,5,34,41,,43,15,19,3,44,34
2,18:47,5v5,TOR,26,B,56,,,or,,,,,,,,,,-1,41,20122,10-26-2015,TOR,ARI,,,,16,24,89,5,34,41,,26,47,56,36,44,34
2,18:09,5v5,ARI,23,W,89,,,opl,,,,,,,,,,-1,34,20122,10-26-2015,TOR,ARI,,,,16,24,89,23,26,41,,24,15,40,2,3,34
2,16:59,5v5,TOR,23,W,28,,,oc,,,y,,,,,,,-1,41,20122,10-26-2015,TOR,ARI,,,,12,19,48,2,5,41,,43,47,21,36,44,34
2,16:51,5v5,TOR,23,O,28,33,,oc,ol,,y,y,,,,,,-1,41,20122,10-26-2015,TOR,ARI,,,,15,32,10,4,34,41,,23,28,33,36,44,34
2,13:57,5v5,TOR,15,S,44,,,or,,,,,,,,,,-1,41,20122,10-26-2015,TOR,ARI,,,,8,32,10,2,5,41,,24,15,40,36,44,34
2,13:43,5v5,ARI,8,W,10,,,oc,,,y,y,,,,,,-1,34,20122,10-26-2015,TOR,ARI,,,,8,24,10,4,34,41,,24,15,33,36,44,34
2,13:00,5v5,TOR,2,W,43,21,3,oelc,dl,dc,,,,,,,,-1,41,20122,10-26-2015,TOR,ARI,,,,16,24,89,23,26,41,,43,47,21,2,3,34
2,12:23,5v5,ARI,34,S,24,17,4,orrr,ol,nl,y,y,,y,,,,-1,34,20122,10-26-2015,TOR,ARI,,,,16,24,17,4,34,41,,47,56,19,2,3,34
2,11:16,5v5,ARI,24,W,16,,,dl,,,,,,,,,,-2,34,20122,10-26-2015,TOR,ARI,,,,16,24,89,4,34,41,,24,15,40,36,44,34
2,9:45,5v5,ARI,26,W,10,,,oc,,,,y,,,,,,-2,34,20122,10-26-2015,TOR,ARI,,,,32,10,48,23,26,41,,26,56,19,2,3,34
2,9:10,5v5,TOR,52,S,19,56,,opl,oell,,,,,,,,,-2,41,20122,10-26-2015,TOR,ARI,,,,Event Not in PBP or >10 Second Difference,Event Not in PBP or >10 Second Difference,Event Not in PBP or >10 Second Difference,Event Not in PBP or >10 Second Difference,Event Not in PBP or >10 Second Difference,Event Not in PBP or >10 Second Difference,,Event Not in PBP or >10 Second Difference,Event Not in PBP or >10 Second Difference,Event Not in PBP or >10 Second Difference,Event Not in PBP or >10 Second Difference,Event Not in PBP or >10 Second Difference,Event Not in PBP or >10 Second Difference
2,6:50,5v5,ARI,8,W,32,,,dl,,,y,y,,,,,,-2,34,20122,10-26-2015,TOR,ARI,,,,8,32,10,23,26,41,,26,56,19,2,3,34
2,6:40,5v5,ARI,4,W,19,12,,of,opc,,,y,,,,,,-2,34,20122,10-26-2015,TOR,ARI,,,,12,19,48,4,34,41,,24,15,40,46,52,34
2,6:30,5v5,TOR,40,W,15,,,oc,,,,,,,,,,-2,41,20122,10-26-2015,TOR,ARI,,,,12,19,48,4,34,41,,24,15,40,46,52,34
2,6:06,5v5,TOR,36,O,43,,,ofp,,,,,,,,,,-2,41,20122,10-26-2015,TOR,ARI,,,,12,19,48,4,34,41,,43,47,21,36,44,34
2,4:29,5v5,TOR,23,B,28,,,nr,,,y,y,,,,,,-2,41,20122,10-26-2015,TOR,ARI,,,,16,24,89,23,26,41,,23,28,33,2,3,34
2,2:47,5v5,ARI,26,W,19,,,orrc,,,y,y,,,,,,-2,34,20122,10-26-2015,TOR,ARI,,,,32,19,48,23,26,41,,24,15,40,3,46,34
2,2:13,5v5,ARI,26,O,24,,,ofp,,,,y,,,,,,-2,34,20122,10-26-2015,TOR,ARI,,,,16,24,89,23,26,41,,43,47,21,36,44,34
2,1:35,5v5,ARI,16,O,24,89,23,oelc,or,ol,y,y,,,,,,-2,34,20122,10-26-2015,TOR,ARI,,,,16,24,89,23,26,41,,43,47,21,36,44,34
2,1:26,5v5,ARI,23,W,89,16,,or,oell,,,y,,,,,,-2,34,20122,10-26-2015,TOR,ARI,,,,16,24,89,23,26,41,,43,47,21,36,44,34
2,0:33,5v5,ARI,5,W,48,2,,ol,opr,,,,,,,,,-2,34,20122,10-26-2015,TOR,ARI,,,,12,19,48,2,5,41,,23,56,19,46,52,34
3,18:53,5v5,ARI,8,W,32,,,dr,,,,,,,,,,-2,34,20122,10-26-2015,TOR,ARI,,,,8,32,10,2,5,41,,23,56,15,36,44,34
3,18:07,5v5,TOR,19,W,12,48,12,or,or,or,,,,,,,,-2,41,20122,10-26-2015,TOR,ARI,,,,Event Not in PBP or >10 Second Difference,Event Not in PBP or >10 Second Difference,Event Not in PBP or >10 Second Difference,Event Not in PBP or >10 Second Difference,Event Not in PBP or >10 Second Difference,Event Not in PBP or >10 Second Difference,,Event Not in PBP or >10 Second Difference,Event Not in PBP or >10 Second Difference,Event Not in PBP or >10 Second Difference,Event Not in PBP or >10 Second Difference,Event Not in PBP or >10 Second Difference,Event Not in PBP or >10 Second Difference
3,17:57,5v5,TOR,52,W,33,26,46,dc,dr,dr,,,,,,,,-2,41,20122,10-26-2015,TOR,ARI,,,,12,19,48,4,34,41,,26,19,33,46,52,34
3,17:48,5v5,TOR,46,W,26,,,opl,,,,y,,,,,,-2,41,20122,10-26-2015,TOR,ARI,,,,12,19,48,4,34,41,,26,19,33,46,52,34
3,16:28,5v4,ARI,19,S,23,,,dsc,,,,y,,,,,,-2,34,20122,10-26-2015,TOR,ARI,,,,8,19,89,23,26,41,,56,40,3,44,34,0
3,14:02,5v5,TOR,43,W,26,47,,oelr,or,,y,y,,,,,,-2,41,20122,10-26-2015,TOR,ARI,,,,8,15,17,2,4,41,,26,43,47,36,44,34
3,13:42,5v5,TOR,21,W,43,44,,or,dl,,,,,,,,,-2,41,20122,10-26-2015,TOR,ARI,,,,8,15,17,2,4,41,,43,47,21,36,44,34
3,13:12,4v4,TOR,3,W,2,,,oc,,,,y,,,,,,-2,41,20122,10-26-2015,TOR,ARI,,,,24,89,23,26,41,0,,23,43,2,3,34,0
3,13:03,4v4,ARI,23,W,24,,,or,,,y,y,,,24,y,y,-2,34,20122,10-26-2015,TOR,ARI,,,,24,89,23,26,41,0,,23,43,2,3,34,0
3,11:30,4v4,TOR,36,B,43,3,,nr,dr,,,y,,,,,,-3,41,20122,10-26-2015,TOR,ARI,,,,12,48,23,26,41,0,,23,43,3,36,34,0
3,10:55,5v5,TOR,21,B,43,,,dsr,,,y,y,,y,,,,-3,41,20122,10-26-2015,TOR,ARI,,,,12,19,48,4,34,41,,23,43,21,46,52,34
3,10:35,5v5,TOR,46,W,21,,,opl,,,,y,,,,,,-2,41,20122,10-26-2015,TOR,ARI,,,,12,19,48,2,5,41,,26,19,33,46,52,34
3,10:27,5v5,TOR,26,S,33,,,opl,,,,,,,,,,-2,41,20122,10-26-2015,TOR,ARI,,,,12,19,48,2,5,41,,26,19,33,46,52,34
3,7:40,5v5,TOR,33,W,44,23,44,nr,dc,dl,,,,,,,,-2,41,20122,10-26-2015,TOR,ARI,,,,12,19,48,2,5,41,,23,19,33,46,52,34
3,5:52,5v5,ARI,19,O,48,,,or,,,y,y,,,,,,-2,34,20122,10-26-2015,TOR,ARI,,,,12,19,48,2,5,41,,56,15,21,36,44,34
3,4:05,5v4,TOR,3,W,43,3,43,oc,oc,opl,,,,,,,,-2,41,20122,10-26-2015,TOR,ARI,,,,15,48,2,5,41,0,,43,15,19,21,3,34
3,3:27,6v4,TOR,19,W,44,,,ol,,,y,y,,,,,,-2,41,20122,10-26-2015,TOR,ARI,,,,15,48,2,5,41,0,,24,47,19,28,33,44
3,3:18,6v4,TOR,21,T,43,44,21,or,or,opr,y,y,,,,,,-2,41,20122,10-26-2015,TOR,ARI,,,,15,48,2,5,41,0,,43,15,19,21,3,44
3,3:06,6v4,TOR,44,W,43,,,oelc,,,y,,,,,,,-2,41,20122,10-26-2015,TOR,ARI,,,,15,48,2,5,41,0,,43,15,19,21,3,44
3,2:41,6v4,TOR,15,W,21,43,3,orrc,or,or,y,,,,,,,-2,41,20122,10-26-2015,TOR,ARI,,,,32,48,5,34,41,0,,43,15,19,21,3,44
3,2:26,6v5,TOR,44,W,3,43,3,oc,opr,oc,y,,,y,,,,-2,41,20122,10-26-2015,TOR,ARI,,,,32,12,48,5,34,41,,43,15,19,21,3,44
3,1:55,6v5,TOR,3,W,44,43,,ol,opl,,,,,,,,,-1,41,20122,10-26-2015,TOR,ARI,,,,15,24,89,23,26,41,,43,15,19,21,3,44
3,1:36,6v5,TOR,43,W,44,43,21,oc,opl,oelc,,,,,,,,-1,41,20122,10-26-2015,TOR,ARI,,,,15,24,89,23,26,41,,43,15,19,21,3,44
1,19:20,5v5,ARI,5,w,16,,,opl,,,,,,,,,,0,41,20029,10/10/2015,ARI,PIT,41,29,,16,50,89,2,5,41,,81,87,14,28,58,29
1,19:00,5v5,ARI,10,t,8,5,11,ol,opl,of,,,,,,,,0,41,20029,10/10/2015,ARI,PIT,29,37,,8,11,10,2,5,41,,81,87,14,28,58,29
1,18:38,5v5,ARI,45,w,12,24,,orrc,ol,,y,,,,,,,0,41,20029,10/10/2015,ARI,PIT,,,,24,12,19,34,45,41,,71,57,61,4,8,29
1,18:29,5v5,ARI,19,b,24,12,,or,or,,,y,,,,,,0,41,20029,10/10/2015,ARI,PIT,,,,24,12,19,34,45,41,,71,57,61,4,8,29
1,18:24,5v5,ARI,24,s,12,,,oell,,,,,,,,,,0,41,20029,10/10/2015,ARI,PIT,,,,24,12,19,34,45,41,,71,57,61,4,8,29
1,17:52,4v5,ARI,11,w,5,,,nc,,,,,,,,,,0,41,20029,10/10/2015,ARI,PIT,,,,8,11,2,5,41,0,,71,41,72,61,58,29
1,16:39,5v4,PIT,71,w,3,,,dc,,,,y,,,,,,0,35,20029,10/10/2015,ARI,PIT,,,,8,11,2,5,41,0,,71,72,61,28,58,29
1,15:33,5v5,ARI,89,w,48,34,,dl,dl,,,,,,,,,0,41,20029,10/10/2015,ARI,PIT,,,,16,50,89,2,5,41,,81,87,14,4,8,29
1,14:14,5v5,ARI,34,w,16,11,,orrr,nc,,,y,,,,,,0,41,20029,10/10/2015,ARI,PIT,,,,8,11,10,34,45,41,,13,19,57,4,8,29
1,12:48,5v5,PIT,28,s,58,87,,ol,of,,,,,,,,,0,35,20029,10/10/2015,ARI,PIT,,,,15,17,48,5,23,41,,81,87,14,28,58,29
1,10:36,5v5,PIT,58,w,71,28,71,dc,dl,nf,,y,,,,,,0,35,20029,10/10/2015,ARI,PIT,,,,24,12,19,2,5,41,,71,72,61,28,58,29
1,10:14,5v4,ARI,89,w,50,89,50,ol,oc,opl,,,,,23,y,,0,41,20029,10/10/2015,ARI,PIT,,,,8,50,19,89,23,41,,7,13,28,58,29,0
1,9:56,5v4,ARI,23,w,89,23,89,oc,opr,oc,,,,,,,,0,41,20029,10/10/2015,ARI,PIT,,,,8,50,19,89,23,41,,7,13,28,58,29,0
1,9:48,5v4,ARI,23,s,19,8,19,opr,oelr,or,,y,,,,,,0,41,20029,10/10/2015,ARI,PIT,,,,8,50,19,89,23,41,,7,13,28,58,29,0
1,9:36,5v4,ARI,23,w,89,,,oprrl,,,,y,,,,,,0,41,20029,10/10/2015,ARI,PIT,,,,8,50,19,89,23,41,,7,13,28,58,29,0
1,9:28,5v4,ARI,23,w,11,,,ofp,,,,,,,,,,0,41,20029,10/10/2015,ARI,PIT,,,,8,50,19,89,23,41,,7,13,28,58,29,0
1,9:18,5v4,ARI,26,w,10,16,26,orrc,ol,or,y,y,,,,,,0,41,20029,10/10/2015,ARI,PIT,,,,11,16,10,23,26,41,,11,71,4,12,29,0
1,7:38,5v5,PIT,87,s,28,,,opr,,,,,,,,,,0,35,20029,10/10/2015,ARI,PIT,,,,16,50,89,23,26,41,,81,87,14,28,58,29
1,6:16,5v5,ARI,45,w,24,19,,orrc,oell,,y,y,,,,,,0,41,20029,10/10/2015,ARI,PIT,,,,24,12,19,34,45,41,,71,72,61,3,12,29
1,5:33,5v5,PIT,41,w,4,71,4,opl,nc,dsc,,,,,,,,0,35,20029,10/10/2015,ARI,PIT,,,,8,11,10,34,45,41,,7,11,41,4,8,29
1,5:29,5v5,PIT,7,w,11,,,opr,,,,,,,,,,0,35,20029,10/10/2015,ARI,PIT,,,,8,11,10,34,45,41,,7,11,41,4,8,29
1,5:19,5v5,PIT,41,w,11,28,,nc,nr,,,,,,,,,0,35,20029,10/10/2015,ARI,PIT,,,,8,11,10,34,45,41,,7,11,41,28,58,29
1,5:10,5v5,ARI,26,w,89,16,,opc,dl,,,y,,,,,,0,41,20029,10/10/2015,ARI,PIT,,,,16,50,89,2,26,41,,81,87,14,28,58,29
1,4:59,5v5,ARI,16,w,50,,,of,,,,,,,,,,0,41,20029,10/10/2015,ARI,PIT,,,,16,50,89,2,26,41,,13,19,57,3,12,29
1,4:52,5v5,ARI,26,w,16,50,,orrl,ol,,,,,,,,,0,41,20029,10/10/2015,ARI,PIT,,,,16,50,89,2,26,41,,13,19,57,3,12,29
1,4:22,5v5,PIT,19,w,8,,,opr,,,,y,,,,,,0,35,20029,10/10/2015,ARI,PIT,,,,8,11,10,2,26,41,,13,19,57,4,8,29
1,4:07,5v5,PIT,72,t,4,71,72,ol,oc,or,y,y,,,,,,0,35,20029,10/10/2015,ARI,PIT,,,,24,12,19,2,5,41,,71,72,61,4,8,29
1,3:38,5v5,PIT,41,w,61,71,61,orrl,nr,nc,,,,,,,,0,35,20029,10/10/2015,ARI,PIT,,,,15,19,48,34,45,41,,7,41,61,28,58,29
1,3:29,5v5,PIT,28,w,58,,,opr,,,,,,,,,,0,35,20029,10/10/2015,ARI,PIT,,,,15,19,48,34,45,41,,7,41,61,28,58,29
1,2:37,5v4,PIT,14,w,87,81,58,orrr,orrl,oc,y,y,,,,,,0,35,20029,10/10/2015,ARI,PIT,,,,8,11,26,34,41,0,,81,87,14,57,58,29
1,2:11,5v4,PIT,58,s,81,14,81,opl,opl,ol,,,,,,,,0,35,20029,10/10/2015,ARI,PIT,,,,15,48,2,5,41,0,,81,87,14,57,58,29
1,1:55,5v4,PIT,57,w,81,87,,oc,dsc,,,,,,,,,0,35,20029,10/10/2015,ARI,PIT,,,,8,11,26,34,41,0,,81,87,14,57,58,29
1,1:18,5v4,PIT,72,w,3,,,dc,,,,y,,,,,,0,35,20029,10/10/2015,ARI,PIT,,,,24,12,2,5,41,0,,71,72,61,3,12,29
1,1:13,5v4,PIT,3,s,12,72,,oprrl,opl,,,,,,,,,0,35,20029,10/10/2015,ARI,PIT,,,,24,12,2,5,45,41,,71,72,61,3,12,29
1,1:01,5v5,PIT,72,w,61,12,,oelc,ol,,,,,,,,,0,35,20029,10/10/2015,ARI,PIT,,,,24,12,2,5,45,41,,71,72,61,4,8,29
1,0:55,5v5,PIT,8,s,4,72,,oprrl,oelpc,,,,,,,,,0,35,20029,10/10/2015,ARI,PIT,,,,24,12,2,5,45,41,,71,72,61,4,8,29
1,0:05,5v4,ARI,23,w,89,50,,oprrl,of,,,,,,,,,0,41,20029,10/10/2015,ARI,PIT,,,,8,50,19,89,23,41,,7,87,28,58,29,0
2,19:28,5v4,ARI,23,w,19,23,89,oelc,or,nc,,,,,,,,0,41,20029,10/10/2015,ARI,PIT,,,,8,50,19,89,23,41,,7,13,28,58,29,0
2,19:14,5v4,ARI,89,w,23,89,23,or,oprrl,oprrr,,,,,,,,0,41,20029,10/10/2015,ARI,PIT,,,,8,50,19,89,23,41,,7,13,28,58,29,0
2,18:52,5v4,ARI,89,w,50,23,89,orrl,oprrr,oc,,,,,,,,0,41,20029,10/10/2015,ARI,PIT,,,,Event Not in PBP or >10 Second Difference,Event Not in PBP or >10 Second Difference,Event Not in PBP or >10 Second Difference,Event Not in PBP or >10 Second Difference,Event Not in PBP or >10 Second Difference,Event Not in PBP or >10 Second Difference,,Event Not in PBP or >10 Second Difference,Event Not in PBP or >10 Second Difference,Event Not in PBP or >10 Second Difference,Event Not in PBP or >10 Second Difference,Event Not in PBP or >10 Second Difference,Event Not in PBP or >10 Second Difference
2,18:34,5v4,ARI,11,w,23,,,dsc,,,,,,,,,,0,41,20029,10/10/2015,ARI,PIT,,,,11,16,10,23,26,41,,11,71,4,12,29,0
2,18:29,5v4,ARI,16,w,10,11,,ol,of,,y,y,,,,,,0,41,20029,10/10/2015,ARI,PIT,,,,11,16,10,23,26,41,,11,71,4,12,29,0
2,18:23,5v4,ARI,16,w,26,,,or,,,y,y,,,,,,0,41,20029,10/10/2015,ARI,PIT,,,,11,16,10,23,26,41,,11,71,4,12,29,0
2,18:15,5v4,ARI,26,s,23,26,,oprrl,opc,,,,,,,,,0,41,20029,10/10/2015,ARI,PIT,,,,11,16,10,23,26,41,,11,71,4,12,29,0
2,18:00,5v5,ARI,11,w,16,26,,ol,nr,,,,,,,,,0,41,20029,10/10/2015,ARI,PIT,,,,11,16,10,2,5,41,,11,71,19,4,12,29
2,17:43,5v5,ARI,5,w,11,16,11,opr,oelr,or,,,,,,,,0,41,20029,10/10/2015,ARI,PIT,,,,15,10,48,2,5,41,,11,71,19,4,12,29
2,17:23,5v5,ARI,17,w,23,26,15,ol,opc,of,,,,,,,,0,41,20029,10/10/2015,ARI,PIT,,,,15,17,48,23,26,41,,81,87,14,28,58,29
2,17:17,5v5,ARI,48,s,17,,,opl,,,,y,,,,,,0,41,20029,10/10/2015,ARI,PIT,,,,15,17,48,23,26,41,,81,87,14,28,58,29
2,15:39,5v5,PIT,61,w,72,8,,orrc,nsc,,,y,,,,,,0,35,20029,10/10/2015,ARI,PIT,,,,16,50,89,2,5,41,,71,72,61,28,58,29
2,15:32,5v5,ARI,16,w,50,,,dr,,,,,,,,,,0,41,20029,10/10/2015,ARI,PIT,,,,16,50,89,2,5,41,,71,72,61,28,58,29
2,15:14,5v5,PIT,7,s,28,41,11,opl,oc,dl,,,,,,,,0,35,20029,10/10/2015,ARI,PIT,,,,Event Not in PBP or >10 Second Difference,Event Not in PBP or >10 Second Difference,Event Not in PBP or >10 Second Difference,Event Not in PBP or >10 Second Difference,Event Not in PBP or >10 Second Difference,Event Not in PBP or >10 Second Difference,,Event Not in PBP or >10 Second Difference,Event Not in PBP or >10 Second Difference,Event Not in PBP or >10 Second Difference,Event Not in PBP or >10 Second Difference,Event Not in PBP or >10 Second Difference,Event Not in PBP or >10 Second Difference
2,15:00,5v5,ARI,8,w,10,11,,oelc,oc,,y,y,,y,,,,0,41,20029,10/10/2015,ARI,PIT,,,,8,11,10,23,26,41,,7,11,41,28,58,29
2,14:11,5v5,PIT,58,w,14,,,dc,,,,,,,,,,0,35,20029,10/10/2015,ARI,PIT,,,,16,50,89,23,26,41,,81,87,14,28,58,29
2,12:36,5v5,ARI,48,w,17,15,,oelr,or,,y,y,,,48,y,y,0,41,20029,10/10/2015,ARI,PIT,,,,15,17,48,2,5,41,,71,72,61,3,12,29
2,12:00,5v5,ARI,5,w,24,19,,orrl,ol,,,,,,,,,1,41,20029,10/10/2015,ARI,PIT,,,,24,12,19,2,5,41,,7,11,41,28,58,29
2,11:32,5v4,ARI,16,w,89,23,16,orrl,oprrr,opr,y,,,,,,,1,41,20029,10/10/2015,ARI,PIT,,,,11,16,10,89,23,41,,13,19,4,8,29,0
2,10:43,5v4,ARI,23,w,89,8,,oprrc,opr,,,y,,,,,,1,41,20029,10/10/2015,ARI,PIT,,,,11,16,10,89,23,41,,13,19,4,8,29,0
2,10:37,5v4,ARI,10,w,89,10,,oc,opr,,,,,,,,,1,41,20029,10/10/2015,ARI,PIT,,,,11,16,10,89,23,41,,13,19,4,8,29,0
2,9:19,5v5,ARI,8,s,26,,,dsl,,,,,,,,,,1,41,20029,10/10/2015,ARI,PIT,,,,8,50,19,2,5,41,,81,87,14,12,28,29
2,9:06,5v5,PIT,14,s,87,14,,ol,nl,,,,,,,,,1,35,20029,10/10/2015,ARI,PIT,,,,8,50,17,2,5,41,,81,87,14,8,12,29
2,8:20,5v5,PIT,58,w,58,71,4,oc,nl,dc,y,y,,,,,,1,35,20029,10/10/2015,ARI,PIT,,,,15,17,48,2,45,41,,71,72,61,4,58,29
2,7:49,4v4,PIT,57,w,71,,,nc,,,y,,,,,,,1,35,20029,10/10/2015,ARI,PIT,,,,12,48,2,5,41,0,,71,57,28,58,29,0
2,5:55,5v4,PIT,72,w,71,41,71,ol,oc,of,y,y,,,,,,1,35,20029,10/10/2015,ARI,PIT,,,,8,11,2,5,41,0,,71,19,41,72,58,29
2,3:38,5v4,PIT,71,s,81,,,orrc,,,,,,,,,,1,35,20029,10/10/2015,ARI,PIT,,,,15,48,2,5,41,0,,71,81,87,72,58,29
2,1:55,4v5,ARI,8,w,11,8,,oc,nc,,,y,,,,,,1,41,20029,10/10/2015,ARI,PIT,,,,8,11,2,5,41,0,,13,14,57,3,28,29
2,0:45,5v5,PIT,8,w,19,61,,nc,dc,,y,y,,,,,,1,35,20029,10/10/2015,ARI,PIT,,,,16,12,89,2,5,41,,7,19,57,4,8,29
2,0:11,5v5,PIT,28,w,71,,,dsl,,,,y,,,,,,1,35,20029,10/10/2015,ARI,PIT,,,,11,24,19,2,26,41,,71,72,57,12,28,29
3,19:55,5v5,ARI,23,w,50,,,nf,,,,,,,,,,1,41,20029,10/10/2015,ARI,PIT,,,,16,50,89,23,26,41,,81,87,14,28,58,29
3,19:22,5v5,PIT,14,w,81,,,ol,,,,,,,,,,1,35,20029,10/10/2015,ARI,PIT,,,,16,50,89,23,26,41,,81,87,14,3,12,29
3,18:55,5v5,ARI,8,a,11,8,,ol,ol,,y,y,,,,,,1,41,20029,10/10/2015,ARI,PIT,,,,8,11,10,2,5,41,,71,72,57,3,12,29
3,18:28,4v4,PIT,28,w,58,,,dc,,,,,,,,,,1,35,20029,10/10/2015,ARI,PIT,,,,Event Not in PBP or >10 Second Difference,Event Not in PBP or >10 Second Difference,Event Not in PBP or >10 Second Difference,Event Not in PBP or >10 Second Difference,Event Not in PBP or >10 Second Difference,Event Not in PBP or >10 Second Difference,,Event Not in PBP or >10 Second Difference,Event Not in PBP or >10 Second Difference,Event Not in PBP or >10 Second Difference,Event Not in PBP or >10 Second Difference,Event Not in PBP or >10 Second Difference,Event Not in PBP or >10 Second Difference
3,18:22,4v4,PIT,28,w,58,19,,opr,opr,,,,,,,,,1,35,20029,10/10/2015,ARI,PIT,,,,12,19,2,26,41,0,,13,19,28,58,29,0
3,18:16,4v4,ARI,12,w,2,19,,nl,nc,,,,,,,,,1,41,20029,10/10/2015,ARI,PIT,,,,12,19,2,26,41,0,,13,19,28,58,29,0
3,18:05,4v4,ARI,19,t,12,19,,oc,oelc,,y,y,,,,,,1,41,20029,10/10/2015,ARI,PIT,,,,12,19,23,26,41,0,,13,19,28,58,29,0
3,18:01,4v4,ARI,23,w,50,,,of,,,,y,,,,,,1,41,20029,10/10/2015,ARI,PIT,,,,50,89,23,26,41,0,,81,87,3,4,29,0
3,17:17,4v4,ARI,50,w,89,,,orrl,,,,,,,,,,1,41,20029,10/10/2015,ARI,PIT,,,,50,89,5,23,41,0,,81,87,8,58,29,0
3,17:13,4v4,ARI,8,w,11,,,of,,,,,,,,,,1,41,20029,10/10/2015,ARI,PIT,,,,50,89,5,23,41,0,,81,87,8,58,29,0
3,16:47,4v4,PIT,8,w,58,14,71,oprrr,opc,oelr,,,,,,,,1,35,20029,10/10/2015,ARI,PIT,,,,8,11,2,5,41,0,,71,14,8,58,29,0
3,16:02,5v5,PIT,3,w,41,7,11,oelpl,oc,ol,,,,,,,,1,35,20029,10/10/2015,ARI,PIT,,,,15,17,48,5,34,41,,7,11,41,3,28,29
3,15:56,5v5,PIT,41,s,28,7,,opr,oelc,,,y,,,7,y,,1,35,20029,10/10/2015,ARI,PIT,,,,15,17,48,5,34,41,,7,11,41,3,28,29
3,15:16,5v5,PIT,19,w,61,,,oelc,,,y,y,,,,,,1,35,20029,10/10/2015,ARI,PIT,,,,24,12,19,34,45,41,,13,19,61,4,12,29
3,15:13,5v5,PIT,17,s,13,61,,opc,ol,,,y,,,61,,,1,35,20029,10/10/2015,ARI,PIT,,,,24,12,19,34,45,41,,13,19,61,4,12,29
3,13:40,5v5,ARI,8,w,23,,,dsc,,,,,,,,,,1,41,20029,10/10/2015,ARI,PIT,,,,8,11,10,23,26,41,,81,87,14,4,8,29
3,13:33,5v5,PIT,81,w,87,14,,oc,nl,,y,y,,,,,,1,35,20029,10/10/2015,ARI,PIT,,,,8,11,10,23,26,41,,81,87,14,4,8,29
3,13:31,5v5,PIT,8,w,14,81,,oc,oelc,,y,,,,8,,,1,35,20029,10/10/2015,ARI,PIT,,,,8,11,10,23,26,41,,81,87,14,4,8,29
3,13:10,5v5,ARI,8,w,10,11,,orrl,dl,,y,y,,,,,,1,41,20029,10/10/2015,ARI,PIT,,,,8,12,10,34,45,41,,81,87,14,4,8,29
3,12:39,5v5,ARI,45,w,24,12,,opr,oelc,,,,,,,,,1,41,20029,10/10/2015,ARI,PIT,,,,24,12,19,34,45,41,,11,81,87,4,8,29
3,12:27,5v5,ARI,24,b,19,12,,ol,oelc,,,,,,,,,1,41,20029,10/10/2015,ARI,PIT,,,,24,12,19,34,45,41,,11,81,87,4,8,29
3,11:59,5v5,PIT,3,s,7,41,,oprrr,oelc,,,y,,,,,,1,35,20029,10/10/2015,ARI,PIT,,,,12,19,48,34,45,41,,7,19,41,3,12,29
3,11:19,5v5,PIT,13,s,61,28,58,orrc,nl,nc,y,y,,,,,,1,35,20029,10/10/2015,ARI,PIT,,,,15,16,17,2,5,41,,13,19,61,28,58,29
3,10:57,5v5,PIT,28,s,58,,,dc,,,,,,,28,y,,1,35,20029,10/10/2015,ARI,PIT,,,,16,50,89,2,5,41,,13,19,61,28,58,29
3,10:35,5v5,PIT,72,w,4,,,dsc,,,,,,,,,,1,35,20029,10/10/2015,ARI,PIT,,,,16,50,89,23,26,41,,71,72,57,4,8,29
3,10:26,5v5,PIT,72,w,57,71,72,oelc,ol,ol,y,y,,,,,,1,35,20029,10/10/2015,ARI,PIT,,,,16,50,89,23,26,41,,71,72,57,4,8,29
3,10:07,5v5,ARI,89,w,16,23,,oelc,nl,,,,,,,,,1,41,20029,10/10/2015,ARI,PIT,,,,11,16,89,2,5,41,,71,81,57,4,8,29
3,9:44,5v5,ARI,5,w,8,11,8,opr,ol,ol,,y,,,10,y,,1,41,20029,10/10/2015,ARI,PIT,,,,8,11,10,2,5,41,,81,87,14,3,12,29
3,9:12,5v5,ARI,12,w,19,,,oell,,,,,,,,,,1,41,20029,10/10/2015,ARI,PIT,,,,24,12,19,34,45,41,,87,41,14,28,58,29
3,7:38,5v5,PIT,13,b,19,61,,oell,oelc,,y,y,,,,,,1,35,20029,10/10/2015,ARI,PIT,,,,16,50,89,2,5,41,,13,19,61,3,12,29
3,7:30,5v5,ARI,89,w,50,,,dsl,,,y,y,,,,,,1,41,20029,10/10/2015,ARI,PIT,,,,16,50,89,2,5,41,,13,19,61,3,12,29
3,7:13,5v5,ARI,11,w,10,11,8,ol,ol,ol,y,y,,,,,,1,41,20029,10/10/2015,ARI,PIT,,,,8,11,10,2,5,41,,71,72,57,28,58,29
3,6:30,5v5,ARI,23,s,16,89,,opl,oell,,,,,,,,,1,41,20029,10/10/2015,ARI,PIT,,,,16,50,89,23,26,41,,81,87,14,3,12,29
3,6:22,5v5,ARI,12,b,16,,,orrr,,,y,y,,,,,,1,41,20029,10/10/2015,ARI,PIT,,,,16,12,89,23,26,41,,81,87,14,3,12,29
3,5:10,5v5,ARI,11,t,10,11,8,or,oc,dl,y,y,,,8,,,1,41,20029,10/10/2015,ARI,PIT,,,,8,11,10,2,5,41,,71,72,57,28,58,29
3,3:52,5v5,PIT,13,w,4,,,dl,,,,,,,,,,1,35,20029,10/10/2015,ARI,PIT,,,,24,12,19,34,45,41,,13,19,61,4,8,29
3,3:14,5v4,ARI,26,w,50,,,of,,,,,,,,,,1,41,20029,10/10/2015,ARI,PIT,,,,Event Not in PBP or >10 Second Difference,Event Not in PBP or >10 Second Difference,Event Not in PBP or >10 Second Difference,Event Not in PBP or >10 Second Difference,Event Not in PBP or >10 Second Difference,Event Not in PBP or >10 Second Difference,,Event Not in PBP or >10 Second Difference,Event Not in PBP or >10 Second Difference,Event Not in PBP or >10 Second Difference,Event Not in PBP or >10 Second Difference,Event Not in PBP or >10 Second Difference,Event Not in PBP or >10 Second Difference
3,1:56,5v4,ARI,45,w,5,89,16,orrr,or,or,,y,,,,,,1,41,20029,10/10/2015,ARI,PIT,,,,11,16,89,5,45,41,,7,11,4,12,29,0
3,1:20,5v4,ARI,89,w,23,89,11,orrc,opl,oell,,,,,,,,1,41,20029,10/10/2015,ARI,PIT,,,,11,16,89,23,45,41,,7,11,28,58,29,0
1,19:43,5v5,ARI,8,W,24,,,dl,,,,y,,,,,,0,41,20109,24-Oct-15,OTT,ARI,41,29,,8,24,89,23,26,29,,7,27,61,5,46,41
1,19:33,5v5,ARI,26,W,89,,,opl,,,,,,,,,,0,41,20109,24-Oct-15,OTT,ARI,,,,8,24,89,23,26,29,,7,27,61,5,46,41
1,19:06,5v5,OTT,9,b,61,,,oell,,,y,,,,,,,0,29,20109,24-Oct-15,OTT,ARI,,,,8,24,89,23,26,29,,93,61,9,65,74,41
1,18:59,5v5,OTT,9,t,65,93,,or,opr,,,,,,,,,0,29,20109,24-Oct-15,OTT,ARI,,,,8,24,89,23,26,29,,93,6,9,65,74,41
1,18:46,5v5,OTT,6,w,65,74,,dsr,dr,,,y,,,,,,0,29,20109,24-Oct-15,OTT,ARI,,,,11,16,10,2,5,29,,93,6,9,65,74,41
1,17:54,5v4,OTT,6,W,65,6,,oc,opr,,,y,,,,,,0,29,20109,24-Oct-15,OTT,ARI,,,,12,48,4,34,29,0,,7,6,61,9,65,41
1,17:42,5v4,OTT,6,S,61,65,,ol,ol,,,y,,,,,,0,29,20109,24-Oct-15,OTT,ARI,,,,12,48,4,34,29,0,,7,6,61,9,65,41
1,16:37,5v5,OTT,7,W,61,65,,orrc,nc,,y,y,1 on 0,,,,,0,29,20109,24-Oct-15,OTT,ARI,,,,11,16,5,23,26,29,,7,6,61,2,65,41
1,14:37,5v5,ARI,8,w,4,34,,nc,nc,,,,,,,,,0,41,20109,24-Oct-15,OTT,ARI,,,,8,24,89,23,26,29,,10,15,25,2,5,41
1,14:29,5v5,ARI,23,W,8,,,opr,,,,,,,,,,0,41,20109,24-Oct-15,OTT,ARI,,,,8,24,89,23,26,29,,10,15,25,2,5,41
1,14:09,5v5,ARI,23,W,89,,,oc,,,,y,,,,,,0,41,20109,24-Oct-15,OTT,ARI,,,,8,24,89,23,26,29,,10,15,25,2,5,41
1,13:47,5v5,ARI,48,W,19,,,oelc,,,y,y,,,,,,0,41,20109,24-Oct-15,OTT,ARI,,,,12,19,48,2,5,29,,93,6,9,65,74,41
1,13:06,5v5,ARI,12,W,19,,,oelc,,,y,y,,,,,,0,41,20109,24-Oct-15,OTT,ARI,,,,16,12,19,23,26,29,,93,6,9,65,74,41
1,12:13,5v5,OTT,27,W,7,45,,or,or,,,y,,,,,,0,29,20109,24-Oct-15,OTT,ARI,,,,11,16,10,2,5,29,,7,27,61,2,45,41
1,11:28,5v5,OTT,89,W,46,,,oc,,,,y,,,,,,0,29,20109,24-Oct-15,OTT,ARI,,,,15,28,89,4,34,29,,44,90,89,5,46,41
1,9:48,5v5,OTT,9,W,2,65,,dsl,dr,,,,,,,,,0,29,20109,24-Oct-15,OTT,ARI,,,,12,19,48,23,26,29,,93,6,9,2,45,41
1,9:38,5v5,OTT,6,W,9,6,45,opr,or,or,,,,,,,,0,29,20109,24-Oct-15,OTT,ARI,,,,12,19,48,23,26,29,,93,6,9,2,45,41
1,7:21,5v5,ARI,19,w,23,48,,ol,opc,,,,,,,,,0,41,20109,24-Oct-15,OTT,ARI,,,,12,19,48,23,26,29,,44,90,89,65,74,41
1,5:52,5v5,ARI,34,W,10,16,11,oc,oc,of,,y,,,,,,0,41,20109,24-Oct-15,OTT,ARI,,,,11,16,10,4,34,29,,7,10,61,5,46,41
1,4:18,5v5,ARI,12,W,48,,,oc,,,,y,,,,,,0,41,20109,24-Oct-15,OTT,ARI,,,,12,19,48,2,5,29,,93,6,9,2,45,41
1,3:57,5v5,ARI,5,W,12,,,or,,,,y,,,,,,0,41,20109,24-Oct-15,OTT,ARI,,,,12,19,48,2,5,29,,10,93,6,5,46,41
1,3:34,5v5,OTT,5,W,93,10,,nc,dl,,,y,,,,,,0,29,20109,24-Oct-15,OTT,ARI,,,,15,17,28,2,5,29,,10,15,25,5,46,41
1,3:09,5v5,OTT,15,W,10,,,nc,,,,y,,,,,,0,29,20109,24-Oct-15,OTT,ARI,,,,15,17,28,4,34,29,,10,15,25,46,65,41
1,1:57,5v5,ARI,8,t,24,23,,orrl,ol,,y,,,,,,,0,41,20109,24-Oct-15,OTT,ARI,,,,8,24,89,23,26,29,,7,61,89,65,74,41
1,1:51,5v5,OTT,7,W,65,89,,nr,dr,,,,,,,,,0,29,20109,24-Oct-15,OTT,ARI,,,,8,24,89,23,26,29,,7,27,61,2,65,41
1,1:38,5v5,ARI,89,b,23,89,,nl,dc,,y,y,,y,,,,0,41,20109,24-Oct-15,OTT,ARI,,,,8,24,89,23,26,29,,7,27,61,2,65,41
2,19:32,5v5,OTT,90,W,65,,,nl,,,,y,,,,,,-1,29,20109,24-Oct-15,OTT,ARI,,,,12,19,48,2,5,29,,44,90,89,65,74,41
2,19:16,5v5,OTT,44,w,89,65,,nl,dc,,,y,,,,,,-1,29,20109,24-Oct-15,OTT,ARI,,,,12,19,48,2,5,29,,44,90,89,2,65,41
2,19:00,5v5,OTT,6,W,45,,,dsc,,,,y,,,,,,-1,29,20109,24-Oct-15,OTT,ARI,,,,11,16,10,23,26,29,,7,6,61,2,45,41
2,18:52,5v5,OTT,45,W,61,,,opr,,,,,,,,,,-1,29,20109,24-Oct-15,OTT,ARI,,,,11,16,10,23,26,29,,7,6,61,2,45,41
2,17:47,5v5,OTT,93,W,65,,,dsc,,,,y,,,,,,-1,29,20109,24-Oct-15,OTT,ARI,,,,8,24,89,4,5,29,,15,93,25,65,74,41
2,17:26,5v5,OTT,65,w,93,,,ofp,,,,,,,,,,-1,29,20109,24-Oct-15,OTT,ARI,,,,8,24,89,2,5,29,,93,61,9,65,74,41
2,17:18,5v5,OTT,65,S,9,,,opr,,,,y,,,,,,-1,29,20109,24-Oct-15,OTT,ARI,,,,8,24,89,2,5,29,,93,61,9,65,74,41
2,17:13,5v5,OTT,45,S,44,,,ofp,,,,,,,,,,-1,29,20109,24-Oct-15,OTT,ARI,,,,12,19,48,23,26,29,,44,90,89,2,45,41
2,15:58,5v5,OTT,15,W,61,,,oc,,,,,,,,,,-1,29,20109,24-Oct-15,OTT,ARI,,,,11,16,10,4,34,29,,7,15,61,5,46,41
2,15:10,5v4,OTT,93,S,65,93,,dsc,dc,,,,,,,,,-1,29,20109,24-Oct-15,OTT,ARI,,,,8,12,2,5,29,0,,10,93,90,45,65,41
2,14:37,5v4,OTT,6,W,61,65,,orrc,oc,,y,,,,,,,-1,29,20109,24-Oct-15,OTT,ARI,,,,15,48,4,34,29,0,,7,6,61,9,65,41
2,14:12,5v4,OTT,6,b,7,61,,orrl,ol,,y,y,,,,,,-1,29,20109,24-Oct-15,OTT,ARI,,,,15,48,4,34,29,0,,7,6,61,9,65,41
2,12:19,4v5,OTT,15,S,46,,,dc,,,,,,,,,,-1,29,20109,24-Oct-15,OTT,ARI,,,,8,19,89,23,26,29,,15,44,46,74,41,0
2,11:04,5v5,ARI,89,W,19,,,dc,,,,y,2 on 1,,,,,-1,41,20109,24-Oct-15,OTT,ARI,,,,8,17,89,2,5,29,,7,61,9,2,65,41
2,10:46,5v5,OTT,45,W,10,,,opr,,,,y,,,,,,-1,29,20109,24-Oct-15,OTT,ARI,,,,12,17,89,2,5,29,,10,15,9,2,45,41
2,10:17,5v5,ARI,12,W,48,17,,oc,nr,,,y,,,,,,-1,41,20109,24-Oct-15,OTT,ARI,,,,12,17,48,5,34,29,,10,44,25,2,45,41
2,9:41,5v5,OTT,44,W,90,,,orrl,,,,y,,,,,,-1,29,20109,24-Oct-15,OTT,ARI,,,,11,16,10,4,34,29,,44,90,89,5,46,41
2,8:39,5v5,OTT,45,S,2,15,,nl,nf,,,y,,,,,,-1,29,20109,24-Oct-15,OTT,ARI,,,,15,17,28,2,5,29,,10,15,25,2,45,41
2,7:49,5v5,ARI,89,W,10,89,4,ol,nc,dr,,y,3 on 2,,,,,-1,41,20109,24-Oct-15,OTT,ARI,,,,16,24,89,4,34,29,,10,93,9,5,46,41
2,7:36,5v5,OTT,6,w,93,,,nl,,,y,y,,,9,y,,-1,29,20109,24-Oct-15,OTT,ARI,,,,16,24,89,23,26,29,,93,6,9,5,46,41
2,6:47,5v4,OTT,6,S,65,61,,oc,ol,,,,,,,,,-1,29,20109,24-Oct-15,OTT,ARI,,,,8,12,2,5,29,0,,7,6,61,9,65,41
2,4:49,5v5,ARI,4,S,10,11,,opr,oelr,,,y,,,,,,-1,41,20109,24-Oct-15,OTT,ARI,,,,8,11,10,4,34,29,,44,25,89,5,46,41
2,3:35,5v5,ARI,26,W,24,23,26,opc,ol,or,,y,,,,,,-1,41,20109,24-Oct-15,OTT,ARI,,,,24,48,89,23,26,29,,7,6,61,2,45,41
2,2:42,5v5,ARI,19,W,12,48,24,oc,nl,dl,,y,,,,,,-1,41,20109,24-Oct-15,OTT,ARI,,,,12,19,48,5,34,29,,15,93,9,2,45,41
2,2:25,5v5,ARI,23,S,5,,,or,,,,,,,,,,-1,41,20109,24-Oct-15,OTT,ARI,,,,8,11,10,5,23,29,,44,90,89,65,74,41
2,1:49,5v5,OTT,5,W,6,61,7,orrl,ol,nc,y,y,,y,,,,-1,29,20109,24-Oct-15,OTT,ARI,,,,24,48,89,23,26,29,,7,6,61,5,46,41
2,0:31,5v5,OTT,45,W,7,,,oelpr,,,,y,,,,,,0,29,20109,24-Oct-15,OTT,ARI,,,,8,11,10,5,23,29,,7,6,61,2,45,41
3,18:33,5v5,ARI,16,W,24,4,,oc,dsr,,,,,,,,,0,41,20109,24-Oct-15,OTT,ARI,,,,16,24,89,4,34,29,,44,90,89,65,74,41
3,18:10,5v5,OTT,65,w,44,,,opr,,,,,,,,,,0,29,20109,24-Oct-15,OTT,ARI,,,,16,24,89,4,34,29,,44,90,89,65,74,41
3,17:37,5v5,OTT,2,W,65,44,,or,opr,,,y,,,,,,0,29,20109,24-Oct-15,OTT,ARI,,,,16,12,89,4,34,29,,44,90,9,2,65,41
3,17:23,5v5,OTT,2,S,6,,,oelpc,,,,,,,,,,0,29,20109,24-Oct-15,OTT,ARI,,,,12,19,48,23,26,29,,93,6,9,2,45,41
3,17:21,5v5,OTT,93,t,45,,,,,,,y,,,,,,0,29,20109,24-Oct-15,OTT,ARI,,,,12,19,48,23,26,29,,93,6,9,2,45,41
3,15:51,5v4,ARI,26,S,11,10,23,oelrrc,ol,oc,y,y,,,,,,0,41,20109,24-Oct-15,OTT,ARI,,,,11,16,10,23,26,29,,93,90,5,46,41,0
3,15:38,5v4,ARI,16,t,14,23,11,or,ol,opl,,y,,,,,,0,41,20109,24-Oct-15,OTT,ARI,,,,11,16,10,23,26,29,,93,90,5,46,41,0
3,15:08,5v4,ARI,89,W,23,89,6,ol,or,opr,,,,,,,,0,41,20109,24-Oct-15,OTT,ARI,,,,8,19,89,5,23,29,,15,9,65,74,41,0
3,15:04,5v4,ARI,5,W,89,,,ol ,,,,y,,,,,,0,41,20109,24-Oct-15,OTT,ARI,,,,8,19,89,5,23,29,,15,9,65,74,41,0
3,14:48,5v5,ARI,8,W,89,,,ol,,,,y,,,,,,0,41,20109,24-Oct-15,OTT,ARI,,,,8,19,89,5,34,29,,7,9,2,65,74,41
3,14:40,5v5,ARI,34,S,28,15,,opc,of,,,y,,,,,,0,41,20109,24-Oct-15,OTT,ARI,,,,15,17,28,4,34,29,,7,6,61,2,45,41
3,13:25,5v5,OTT,61,W,7,,,of,,,,y,,,7,y,,0,29,20109,24-Oct-15,OTT,ARI,,,,15,12,19,2,5,29,,7,6,61,65,74,41
3,11:49,5v5,OTT,44,W,5,,,nc,,,,,,,,,,0,29,20109,24-Oct-15,OTT,ARI,,,,16,24,89,2,5,29,,44,90,89,5,46,41
3,11:42,5v5,OTT,89,t,90,,,or,,,,,,,,,,0,29,20109,24-Oct-15,OTT,ARI,,,,16,24,89,2,5,29,,44,90,89,5,46,41
3,11:09,5v5,ARI,4,W,10,,,orrc,,,,,,,,,,0,41,20109,24-Oct-15,OTT,ARI,,,,8,11,10,4,34,29,,93,6,9,2,45,41
3,9:30,5v5,ARI,12,W,4,,,dr,,,,,,,,,,0,41,20109,24-Oct-15,OTT,ARI,,,,8,12,19,4,34,29,,7,6,61,2,5,41
3,9:15,5v5,OTT,7,t,65,,,or,,,,y,,,,,,0,29,20109,24-Oct-15,OTT,ARI,,,,8,11,10,23,26,29,,7,6,61,65,74,41
3,7:36,5v5,OTT,93,t,46,93,,ol,ofp,,,,,,,,,0,29,20109,24-Oct-15,OTT,ARI,,,,15,12,19,2,5,29,,93,61,9,5,46,41
3,6:57,5v5,ARI,5,S,19,,,opr,,,,y,,,,,,0,41,20109,24-Oct-15,OTT,ARI,,,,12,19,48,2,5,29,,93,61,9,5,46,41
3,6:45,5v5,ARI,23,W,15,,,ofp,,,,y,,,,,,0,41,20109,24-Oct-15,OTT,ARI,,,,8,15,10,23,26,29,,7,6,90,2,45,41
3,6:37,5v5,ARI,26,S,23,,,ol,,,,y,,,,,,0,41,20109,24-Oct-15,OTT,ARI,,,,8,15,10,23,26,29,,7,6,90,2,45,41
3,6:15,5v5,OTT,93,W,61,65,,nr,dsc,,,,,,,,,0,29,20109,24-Oct-15,OTT,ARI,,,,16,24,89,23,26,29,,93,61,9,65,74,41
3,5:31,5v5,ARI,48,t,34,19,,ol,oc,,,,,,12,y,y,0,41,20109,24-Oct-15,OTT,ARI,,,,12,19,48,4,34,29,,10,15,25,5,46,41
3,3:57,5v5,OTT,46,o,90,44,,opl,ol,,,,,,,,,-2,29,20109,24-Oct-15,OTT,ARI,,,,12,19,48,4,34,29,,44,90,89,5,46,41
3,2:01,5v6,ARI,89,W,26,24,,nc,nl,,,y,,y,,,,-2,41,20109,24-Oct-15,OTT,ARI,,,,16,24,89,4,34,29,,7,93,6,61,5,46
3,1:34,5v5,OTT,44,W,89,74,,nl,dc,,,,,,,,,-3,29,20109,24-Oct-15,OTT,ARI,,,,12,19,48,23,26,29,,44,25,89,45,74,41
3,0:19,5v5,OTT,10,w,5,,,opr,,,,,,,,,,-3,29,20109,24-Oct-15,OTT,ARI,,,,16,24,89,2,4,29,,10,93,25,5,46,41
1,19:31,5v5,ARI,10,b,8,,,oelc,,,y,y,,,,,,0,35,20377,12/3/2015,DET,ARI,35,41,,8,11,10,2,26,41,,13,43,56,52,65,35
1,19:21,5v5,ARI,11,a,10,8,,oelc,ol,,y,y,,,,,,0,35,20377,12/3/2015,DET,ARI,,29,,8,11,10,2,26,41,,13,43,56,52,65,35
1,16:46,5v5,ARI,23,w,11,,,ofp,,,,y,,,,,,0,35,20377,12/3/2015,DET,ARI,,,,8,11,10,23,26,41,,13,43,56,52,65,35
1,16:00,5v5,DET,15,o,21,55,,ol,ol,,y,,,,,,,0,41,20377,12/3/2015,DET,ARI,,,,11,16,89,26,34,41,,14,15,21,25,55,35
1,15:55,5v5,DET,21,o,55,15,14,ol,opl,oell,y,,,,,,,0,41,20377,12/3/2015,DET,ARI,,,,11,16,89,26,34,41,,14,15,21,25,55,35
1,15:40,5v5,DET,15,w,25,55,,nsr,nl,,,y,,,,,,0,41,20377,12/3/2015,DET,ARI,,,,16,50,89,26,34,41,,14,15,21,25,55,35
1,15:26,5v5,ARI,16,w,89,50,16,ol,nr,dl,y,y,,,,,,0,35,20377,12/3/2015,DET,ARI,,,,16,50,89,2,5,41,,15,21,20,25,55,35
1,15:15,5v5,ARI,2,w,12,24,,opl,of,,,,,,,,,0,35,20377,12/3/2015,DET,ARI,,,,24,37,12,2,5,41,,15,21,20,25,55,35
1,13:26,5v4,DET,40,w,55,40,14,ol,opl,oc,,y,,,14,,,0,41,20377,12/3/2015,DET,ARI,,,,15,48,2,5,41,0,,14,71,8,40,55,35
1,13:23,5v4,DET,17,r,,,,,,,,,,,,,,0,41,20377,12/3/2015,DET,ARI,,,,15,48,2,5,41,0,,14,71,8,40,55,35
1,13:09,5v4,DET,55,o,40,55,71,ol,oc,opr,,y,,,,,,0,41,20377,12/3/2015,DET,ARI,,,,15,48,2,5,41,0,,14,71,8,40,55,35
1,12:31,5v4,DET,71,w,55,14,40,oc,ol,oc,y,,,,,,,0,41,20377,12/3/2015,DET,ARI,,,,50,12,4,34,41,0,,14,71,8,40,55,35
1,11:16,5v5,DET,65,o,25,,,oelc,,,y,y,,,,,,0,41,20377,12/3/2015,DET,ARI,,,,8,11,10,4,34,41,,13,15,21,25,65,35
1,11:12,5v5,DET,52,o,52,41,,opl,ofp,,,y,,,,,,0,41,20377,12/3/2015,DET,ARI,,,,16,50,89,23,26,41,,41,43,20,52,65,35
1,10:57,5v5,DET,43,w,20,43,,dsr,dc,,,y,,,,,,0,41,20377,12/3/2015,DET,ARI,,,,16,50,89,23,26,41,,41,43,20,52,65,35
1,10:52,5v5,DET,43,t,52,41,,ol,opl,,y,y,,,,,,0,41,20377,12/3/2015,DET,ARI,,,,16,50,89,23,26,41,,41,43,20,52,65,35
1,10:05,5v5,ARI,2,s,37,14,5,opr,or,nr,,,,,,,,0,35,20377,12/3/2015,DET,ARI,,,,15,17,48,2,4,41,,71,8,40,2,47,35
1,9:43,5v5,DET,40,s,71,,,oelc,,,y,y,,,,,,0,41,20377,12/3/2015,DET,ARI,,,,8,11,10,4,34,41,,71,8,40,25,55,35
1,7:53,5v5,DET,65,o,41,,,opl,,,,y,,,,,,0,41,20377,12/3/2015,DET,ARI,,,,15,24,12,23,26,41,,21,41,71,52,65,35
1,7:30,5v5,DET,8,b,71,,,ol,,,y,y,,y,,,,0,41,20377,12/3/2015,DET,ARI,,,,24,37,12,23,26,41,,71,8,40,52,65,35
1,7:12,5v5,DET,14,w,25,40,,oc,dc,,,,,,,,,1,41,20377,12/3/2015,DET,ARI,,,,8,11,10,2,5,41,,14,8,40,25,55,35
1,6:53,5v5,ARI,34,s,10,8,11,opl,ol,dl,,,,,,,,1,35,20377,12/3/2015,DET,ARI,,,,8,11,10,5,34,41,,14,8,40,25,55,35
1,6:22,6v5,DET,65,w,52,21,,nr,dc,,y,,,,,,,1,41,20377,12/3/2015,DET,ARI,,,,Event Not in PBP or >10 Second Difference,Event Not in PBP or >10 Second Difference,Event Not in PBP or >10 Second Difference,Event Not in PBP or >10 Second Difference,Event Not in PBP or >10 Second Difference,Event Not in PBP or >10 Second Difference,,Event Not in PBP or >10 Second Difference,Event Not in PBP or >10 Second Difference,Event Not in PBP or >10 Second Difference,Event Not in PBP or >10 Second Difference,Event Not in PBP or >10 Second Difference,Event Not in PBP or >10 Second Difference
1,5:27,5v4,DET,17,t,25,13,,oc,opl,,y,,,,,,,1,41,20377,12/3/2015,DET,ARI,,,,15,48,2,5,41,0,,13,15,17,21,25,35
1,5:18,5v4,DET,25,o,21,25,13,opc,oc,opl,,,,,,,,1,41,20377,12/3/2015,DET,ARI,,,,15,48,2,5,41,0,,13,15,17,21,25,35
1,4:35,5v4,DET,55,w,71,40,55,or,or,opc,,,,,,,,1,41,20377,12/3/2015,DET,ARI,,,,24,12,4,34,41,0,,14,71,8,40,55,35
1,3:00,5v5,ARI,4,w,34,11,,opl,opl,,,y,,,8,y,,1,35,20377,12/3/2015,DET,ARI,,,,8,11,10,4,34,41,,13,21,71,2,47,35
1,2:21,5v5,ARI,12,a,23,12,37,ol,opc,or,y,y,,,,,,1,35,20377,12/3/2015,DET,ARI,,,,37,12,17,23,26,41,,14,8,40,2,47,35
1,0:42,5v5,DET,55,w,21,55,21,oc,ol,opl,y,y,,y,,,,1,41,20377,12/3/2015,DET,ARI,,,,11,16,89,4,34,41,,13,21,71,25,55,35
1,0:24,5v5,DET,14,w,43,25,,dr,dr,,,y,,y,,,,2,41,20377,12/3/2015,DET,ARI,,,,15,17,48,23,26,41,,14,43,40,25,55,35
2,19:34,5v4,ARI,23,w,10,89,23,opr,or,opl,,,,,,,,3,35,20377,12/3/2015,DET,ARI,,,,8,11,10,89,23,29,,41,43,52,65,35,0
2,19:30,5v4,ARI,89,w,8,,,orrc,,,y,,,,,,,3,35,20377,12/3/2015,DET,ARI,,,,8,11,10,89,23,29,,41,43,52,65,35,0
2,18:17,5v4,ARI,23,w,10,16,,orrc,or,,y,,,,,,,3,35,20377,12/3/2015,DET,ARI,,,,8,11,10,23,26,29,,41,43,47,65,35,0
2,17:31,5v5,DET,25,w,13,,,opr,,,,,,,52,y,,3,29,20377,12/3/2015,DET,ARI,,,,15,17,48,2,5,29,,13,71,40,25,52,35
2,17:14,5v5,DET,21,o,15,14,,ol,oelr,,y,y,,,14,,,3,29,20377,12/3/2015,DET,ARI,,,,16,50,89,4,34,29,,14,15,21,47,55,35
2,16:25,5v5,DET,8,w,17,,,dsl,,,y,y,1 on 0,,41,y,,3,29,20377,12/3/2015,DET,ARI,,,,37,12,17,23,26,29,,17,41,8,25,65,35
2,16:12,5v5,DET,8,w,17,,,or,,,y,y,,,,,,3,29,20377,12/3/2015,DET,ARI,,,,37,12,10,23,26,29,,17,41,8,25,52,35
2,16:01,5v5,DET,40,w,13,71,,orrc,ol,,y,y,,,,,,3,29,20377,12/3/2015,DET,ARI,,,,8,11,10,2,5,29,,13,71,40,47,52,35
2,15:19,5v5,DET,13,b,40,13,52,nr,dc,dl,,,,,,,,3,29,20377,12/3/2015,DET,ARI,,,,11,16,89,4,34,29,,13,71,40,25,55,35
2,14:08,5v5,ARI,48,w,17,48,,oelc,oelc,,y,y,,y,,,,3,35,20377,12/3/2015,DET,ARI,,,,15,17,48,23,26,29,,15,21,41,47,65,35
2,13:52,5v5,DET,2,s,41,,,opl,,,,,,,,,,2,29,20377,12/3/2015,DET,ARI,,,,24,37,12,2,5,29,,41,43,8,2,47,35
2,12:42,5v5,DET,65,o,52,13,52,opc,opr,or,,y,,y,,,,2,29,20377,12/3/2015,DET,ARI,,,,8,11,10,2,5,29,,13,17,71,52,65,35
2,11:35,5v5,ARI,26,w,15,,,nc,,,,y,,,,,,3,35,20377,12/3/2015,DET,ARI,,,,15,17,48,23,26,29,,41,43,8,2,47,35
2,9:52,5v5,ARI,8,w,10,,,nsc,,,y,y,,,,,,3,35,20377,12/3/2015,DET,ARI,,,,8,11,10,4,34,29,,14,17,21,25,55,35
2,8:42,5v4,DET,55,o,14,40,,opl,oelr,,,,,,,,,3,29,20377,12/3/2015,DET,ARI,,,,Event Not in PBP or >10 Second Difference,Event Not in PBP or >10 Second Difference,Event Not in PBP or >10 Second Difference,Event Not in PBP or >10 Second Difference,Event Not in PBP or >10 Second Difference,Event Not in PBP or >10 Second Difference,,Event Not in PBP or >10 Second Difference,Event Not in PBP or >10 Second Difference,Event Not in PBP or >10 Second Difference,Event Not in PBP or >10 Second Difference,Event Not in PBP or >10 Second Difference,Event Not in PBP or >10 Second Difference
2,6:12,5v5,ARI,10,w,50,,,oc,,,y,,,,,,,3,35,20377,12/3/2015,DET,ARI,,,,16,50,10,2,5,29,,41,43,8,52,65,35
2,5:18,5v5,DET,52,o,65,,,opl,,,,y,,,,,,3,29,20377,12/3/2015,DET,ARI,,,,11,48,89,5,34,29,,13,14,21,52,65,35
2,5:09,5v5,ARI,8,b,23,,,dsl,,,y,y,1 on 0,,,,,3,35,20377,12/3/2015,DET,ARI,,,,8,11,89,23,26,29,,13,71,40,52,65,35
2,4:40,5v5,DET,13,w,40,,,nc,,,,,,,,,,3,29,20377,12/3/2015,DET,ARI,,,,8,11,89,23,26,29,,13,71,40,2,47,35
2,4:15,5v5,DET,25,w,15,,,opr,,,,,,,,,,3,29,20377,12/3/2015,DET,ARI,,,,24,37,12,2,5,29,,14,15,21,25,55,35
2,4:09,5v5,DET,15,w,21,25,55,oelr,or,opl,,,,,,,,3,29,20377,12/3/2015,DET,ARI,,,,24,37,12,2,5,29,,14,15,21,25,55,35
2,4:00,5v5,ARI,16,b,10,16,,ol,nl,,y,y,,,,,,3,35,20377,12/3/2015,DET,ARI,,,,16,50,10,4,34,29,,17,41,8,2,47,35
2,2:55,5v5,ARI,15,o,17,26,,or,or,,y,y,,,,,,3,35,20377,12/3/2015,DET,ARI,,,,15,17,48,23,26,29,,13,71,40,2,25,35
2,2:07,5v5,DET,15,w,55,,,ol,,,y,y,,,71,,,3,29,20377,12/3/2015,DET,ARI,,,,11,48,89,23,26,29,,15,21,71,25,55,35
2,1:36,5v5,ARI,5,w,89,8,,opc,ol,,,y,,,,,,3,35,20377,12/3/2015,DET,ARI,,,,8,11,89,2,5,29,,14,15,21,25,55,35
2,0:30,5v5,DET,8,t,13,40,,oc,opl,,y,y,,,,,,3,29,20377,12/3/2015,DET,ARI,,,,24,37,12,23,26,29,,13,8,40,2,47,35
2,0:01,5v5,DET,40,s,17,8,,nc,nl,,,y,,,,,,3,29,20377,12/3/2015,DET,ARI,,,,24,37,12,23,26,29,,13,8,40,2,47,35
3,19:23,5v5,DET,40,w,71,25,,ol,dsl,,y,y,,,,,,3,29,20377,12/3/2015,DET,ARI,,,,16,50,10,2,26,29,,15,71,40,25,55,35
3,17:57,5v5,ARI,12,b,24,37,26,nc,dc,dl,y,y,,,,,,3,35,20377,12/3/2015,DET,ARI,,,,24,37,12,23,26,29,,41,43,8,52,65,35
3,15:02,5v5,ARI,23,w,15,,,opr,,,,,,,,,,4,35,20377,12/3/2015,DET,ARI,,,,15,17,48,23,26,29,,17,41,43,2,47,35
3,13:15,5v5,ARI,89,b,11,8,,nc,dl,,,y,,,,,,4,35,20377,12/3/2015,DET,ARI,,,,8,11,89,2,5,29,,14,15,21,52,65,35
3,13:01,5v5,ARI,8,o,11,,,oell,,,,y,,,,,,4,35,20377,12/3/2015,DET,ARI,,,,8,11,89,2,5,29,,14,15,21,2,47,35
3,11:32,5v5,DET,47,t,40,71,13,orrc,oc,ol,y,,,,,,,4,29,20377,12/3/2015,DET,ARI,,,,16,50,10,23,26,29,,13,71,40,2,47,35
3,11:17,5v5,DET,2,w,71,47,2,opc,or,opc,,y,,,13,,,4,29,20377,12/3/2015,DET,ARI,,,,16,50,10,23,26,29,,13,71,40,2,47,35
3,10:47,5v5,DET,43,w,8,55,2,nc,dr,dc,,y,,,,,,4,29,20377,12/3/2015,DET,ARI,,,,15,17,48,4,34,29,,17,43,8,25,55,35
3,9:38,5v5,DET,65,o,21,47,,opl,nc,,,y,,,,,,4,29,20377,12/3/2015,DET,ARI,,,,24,37,12,2,5,29,,14,15,21,47,65,35
3,9:07,5v5,DET,71,o,40,71,40,ol,opr,or,,,,,,,,4,29,20377,12/3/2015,DET,ARI,,,,8,11,89,23,26,29,,13,71,40,2,47,35
3,8:05,5v5,DET,17,w,8,,,ol,,,y,,,,,,,4,29,20377,12/3/2015,DET,ARI,,,,16,50,10,4,34,29,,17,41,8,52,65,35
3,7:50,5v4,DET,8,t,55,71,55,oc,opl,opr,y,,,,,,,4,29,20377,12/3/2015,DET,ARI,,,,15,48,2,5,29,0,,14,71,8,40,55,35
3,7:46,5v4,DET,14,o,8,40,,oelc,oelr,,y,y,,,,,,4,29,20377,12/3/2015,DET,ARI,,,,15,48,2,5,29,0,,14,71,8,40,55,35
3,7:37,5v4,DET,8,t,40,14,55,oelr,or,opc,y,,,,,,,,29,20377,12/3/2015,DET,ARI,,,,15,48,2,5,29,0,,14,71,8,40,55,35
3,7:06,5v4,DET,71,w,55,40,,oc,opr,,y,,,,,,,4,29,20377,12/3/2015,DET,ARI,,,,15,48,5,34,29,0,,14,71,8,40,55,35
3,6:55,5v4,DET,40,s,55,,,oc,,,,y,,,,,,4,29,20377,12/3/2015,DET,ARI,,,,15,48,5,34,29,0,,14,71,8,40,55,35
3,6:42,5v4,DET,40,w,71,55,40,orrl,oc,opr,y,y,,,,,,4,29,20377,12/3/2015,DET,ARI,,,,15,48,5,34,29,0,,14,71,8,40,55,35
3,5:25,5v5,DET,41,w,8,2,,nr,dsc,,,y,,,,,,4,29,20377,12/3/2015,DET,ARI,,,,8,11,89,23,26,29,,41,43,8,2,47,35
3,5:19,5v5,DET,2,o,8,,,opl,,,,,,,,,,4,29,20377,12/3/2015,DET,ARI,,,,8,11,89,23,26,29,,41,43,8,2,47,35
3,4:25,5v5,DET,2,s,40,,,opc,,,,,,,,,,4,29,20377,12/3/2015,DET,ARI,,,,16,50,10,4,34,29,,13,71,40,2,47,35
3,3:10,5v5,DET,21,w,14,17,52,nc,dc,dc,,,,,,,,4,29,20377,12/3/2015,DET,ARI,,,,15,17,48,2,5,29,,14,17,21,2,47,35
3,2:55,5v5,ARI,26,w,48,2,15,nc,dl,nl,,,,,,,,4,35,20377,12/3/2015,DET,ARI,,,,37,17,48,23,26,29,,41,43,8,2,47,35
3,2:11,5v5,DET,17,w,71,,,orrc,,,y,,,,17,y,,4,29,20377,12/3/2015,DET,ARI,,,,16,50,10,4,34,29,,15,17,71,2,47,35
3,1:32,5v5,ARI,16,w,50,,,of,,,,y,,,,,,4,35,20377,12/3/2015,DET,ARI,,,,16,50,10,23,26,29,,41,43,8,52,65,35
3,0:55,5v5,ARI,12,w,23,26,,dsl,dc,,,y,,,,,,4,35,20377,12/3/2015,DET,ARI,,,,24,37,12,2,5,29,,14,17,21,2,47,35
3,0:46,5v5,DET,21,w,14,,,nc,,,,y,,,,,,4,29,20377,12/3/2015,DET,ARI,,,,24,37,12,2,5,29,,14,17,21,2,52,35
3,0:38,5v5,ARI,37,w,24,37,,or,dsr,,,y,,,,,,4,35,20377,12/3/2015,DET,ARI,,,,24,37,12,2,5,29,,14,17,21,2,52,35
3,0:07,5v5,ARI,4,w,17,,,opc,,,,y,,,,,,4,35,20377,12/3/2015,DET,ARI,,,,15,17,48,4,34,29,,15,41,43,2,65,35
1,17:11,5v5,BUF,9,o,23,,,oell,,,,,,,,,,0,41,20381,12/4/2015,BUF,ARI,31,41,,11,16,89,2,45,41,,23,90,9,4,55,31
1,16:25,5v5,ARI,48,b,12,24,,ol,nr,,y,y,,,,,,0,31,20381,12/4/2015,BUF,ARI,,,,24,12,48,4,34,41,,15,12,88,25,47,31
1,16:18,5v5,ARI,4,o,24,,,opr,,,,y,,,,,,0,31,20381,12/4/2015,BUF,ARI,,,,24,12,48,4,34,41,,15,12,88,25,47,31
1,16:18,5v5,ARI,24,w,12,,,oc,,,y,,,,,,,0,31,20381,12/4/2015,BUF,ARI,,,,24,12,48,4,34,41,,15,12,88,25,47,31
1,16:05,5v5,BUF,15,w,12,55,15,dr,dc,df,y,y,,,15,y,,0,41,20381,12/4/2015,BUF,ARI,,,,8,50,10,23,26,41,,15,12,88,4,55,31
1,15:47,5v5,BUF,29,w,28,,,ofp,,,,,,,,,,0,41,20381,12/4/2015,BUF,ARI,,,,8,50,10,23,26,41,,28,22,26,29,46,31
1,15:09,5v4,BUF,46,o,88,9,90,opr,ol,oc,,,,,,,,0,41,20381,12/4/2015,BUF,ARI,,,,15,48,4,34,41,0,,90,12,9,88,46,31
1,14:07,5v4,BUF,26,o,28,,,ol,,,y,y,,,,,,0,41,20381,12/4/2015,BUF,ARI,,,,24,12,2,26,41,0,,15,23,28,26,55,31
1,14:02,5v4,BUF,55,w,12,,,opc,,,,,,,,,,0,41,20381,12/4/2015,BUF,ARI,,,,24,12,2,26,41,0,,15,23,28,26,55,31
1,13:44,5v4,BUF,12,o,9,12,,oelc,or,,y,,,,,,,0,41,20381,12/4/2015,BUF,ARI,,,,Event Not in PBP or >10 Second Difference,Event Not in PBP or >10 Second Difference,Event Not in PBP or >10 Second Difference,Event Not in PBP or >10 Second Difference,Event Not in PBP or >10 Second Difference,Event Not in PBP or >10 Second Difference,,Event Not in PBP or >10 Second Difference,Event Not in PBP or >10 Second Difference,Event Not in PBP or >10 Second Difference,Event Not in PBP or >10 Second Difference,Event Not in PBP or >10 Second Difference,Event Not in PBP or >10 Second Difference
1,13:14,5v5,BUF,47,s,90,12,,opr,oc,,,y,,,,,,0,41,20381,12/4/2015,BUF,ARI,,,,8,50,10,23,26,41,,90,12,9,4,47,31
1,13:06,5v5,BUF,4,w,9,,,opr,,,,y,,,,,,0,41,20381,12/4/2015,BUF,ARI,,,,8,50,10,23,26,41,,90,12,9,4,47,31
1,12:22,5v5,ARI,26,s,23,89,,opl,opr,,,,,,,,,0,31,20381,12/4/2015,BUF,ARI,,,,11,16,89,23,26,41,,17,44,82,25,47,31
1,12:11,5v5,ARI,11,w,89,,,oelc,,,y,y,,,,,,0,31,20381,12/4/2015,BUF,ARI,,,,11,16,89,23,26,41,,17,44,82,25,47,31
1,11:21,5v5,BUF,28,o,26,,,ol,,,,,,,,,,0,41,20381,12/4/2015,BUF,ARI,,,,15,17,28,2,45,41,,28,22,26,25,55,31
1,10:00,5v5,BUF,9,w,47,25,90,dc,dl,dc,,,,,,,,0,41,20381,12/4/2015,BUF,ARI,,,,Event Not in PBP or >10 Second Difference,Event Not in PBP or >10 Second Difference,Event Not in PBP or >10 Second Difference,Event Not in PBP or >10 Second Difference,Event Not in PBP or >10 Second Difference,Event Not in PBP or >10 Second Difference,,Event Not in PBP or >10 Second Difference,Event Not in PBP or >10 Second Difference,Event Not in PBP or >10 Second Difference,Event Not in PBP or >10 Second Difference,Event Not in PBP or >10 Second Difference,Event Not in PBP or >10 Second Difference
1,8:15,5v5,ARI,23,w,12,,,opr,,,,y,,,,,,0,31,20381,12/4/2015,BUF,ARI,,,,24,12,48,23,26,41,,17,44,82,29,46,31
1,8:00,5v5,ARI,16,b,11,,,ofp,,,,,,,,,,0,31,20381,12/4/2015,BUF,ARI,,,,11,16,89,23,26,41,,23,90,9,4,55,31
1,7:59,5v5,ARI,26,o,89,11,,or,oelc,,,,,,16,y,,0,31,20381,12/4/2015,BUF,ARI,,,,11,16,89,23,26,41,,23,90,9,4,55,31
1,7:45,5v5,ARI,11,w,26,,,dsc,,,,,,,,,,0,31,20381,12/4/2015,BUF,ARI,,,,8,11,89,23,26,41,,23,90,9,4,55,31
1,5:32,5v5,ARI,16,b,11,,,dsc,,,y,y,1 on 0,y,,,,0,31,20381,12/4/2015,BUF,ARI,,,,11,16,89,2,45,41,,90,44,82,29,46,31
1,4:59,5v5,BUF,23,b,55,,,nc,,,,y,,,,,,-1,41,20381,12/4/2015,BUF,ARI,,,,8,50,10,23,26,41,,23,90,9,25,55,31
1,2:29,5v5,ARI,11,w,16,,,oc,,,y,,,,,,,-1,31,20381,12/4/2015,BUF,ARI,,,,11,16,89,4,34,41,,17,44,82,4,55,31
1,2:18,5v5,ARI,4,s,16,34,,oell,ol,,,y,,,,,,-1,31,20381,12/4/2015,BUF,ARI,,,,11,16,89,4,34,41,,17,44,82,4,55,31
1,0:10,5v5,BUF,47,w,9,90,,opc,ofp,,,y,,,,,,-1,41,20381,12/4/2015,BUF,ARI,,,,11,16,89,4,34,41,,23,90,9,25,47,31
2,18:25,5v5,ARI,2,w,24,,,opr,,,,,,,,,,-1,31,20381,12/4/2015,BUF,ARI,,,,24,12,48,2,45,41,,15,12,88,25,47,31
2,18:21,5v5,ARI,48,o,12,,,oell,,,,,,,,,,-1,31,20381,12/4/2015,BUF,ARI,,,,24,12,48,2,45,41,,15,12,88,25,47,31
2,17:03,5v5,ARI,10,w,45,,,dsr,,,,,,,,,,-1,31,20381,12/4/2015,BUF,ARI,,,,8,50,10,2,45,41,,17,44,82,4,55,31
2,17:01,5v5,ARI,4,s,15,,,ofp,,,,y,,,,,,-1,31,20381,12/4/2015,BUF,ARI,,,,15,17,28,4,34,41,,17,44,82,25,47,31
2,15:19,5v5,ARI,16,w,89,23,26,orrc,dsl,dsr,y,,,,,,,-1,31,20381,12/4/2015,BUF,ARI,,,,11,16,89,2,45,41,,15,23,9,4,55,31
2,14:58,5v5,ARI,12,w,2,45,,dsl,dsc,,,y,,,,,,-1,31,20381,12/4/2015,BUF,ARI,,,,24,12,48,2,45,41,,15,12,88,29,46,31
2,14:31,5v5,BUF,28,o,29,,,opl,,,,y,,,,,,-1,41,20381,12/4/2015,BUF,ARI,,,,24,12,48,2,45,41,,28,12,88,29,46,31
2,14:23,5v5,ARI,8,w,10,26,50,nr,dr,df,,y,,,,,,-1,31,20381,12/4/2015,BUF,ARI,,,,8,50,10,23,26,41,,28,22,26,25,47,31
2,14:11,5v5,BUF,28,w,26,,,nc,,,,y,,,,,,-1,41,20381,12/4/2015,BUF,ARI,,,,8,50,10,23,26,41,,28,22,26,25,47,31
2,13:59,5v5,BUF,25,s,22,26,22,opr,or,or,,,,,,,,-1,41,20381,12/4/2015,BUF,ARI,,,,8,50,10,23,26,41,,28,22,26,25,47,31
2,12:50,5v5,BUF,9,o,23,4,90,ol,ol,ofp,y,,,,,,,-1,41,20381,12/4/2015,BUF,ARI,,,,11,16,89,23,26,41,,23,90,9,4,55,31
2,11:58,5v5,ARI,48,w,12,24,,oc,dr,,,y,,,,,,0,31,20381,12/4/2015,BUF,ARI,,,,24,12,48,26,34,41,,15,12,22,25,47,31
2,11:14,5v5,BUF,26,o,22,55,28,oelc,or,opr,y,y,,,,,,0,41,20381,12/4/2015,BUF,ARI,,,,8,50,10,26,34,41,,28,22,26,4,55,31
2,11:02,5v5,BUF,28,w,26,,,opr,,,,y,,,,,,0,41,20381,12/4/2015,BUF,ARI,,,,8,50,10,26,34,41,,28,22,26,4,55,31
2,9:42,5v4,ARI,89,w,50,16,,opc,ol,,,,,,,,,0,31,20381,12/4/2015,BUF,ARI,,,,16,50,17,89,23,41,,28,9,4,55,31,0
2,8:51,5v5,ARI,12,w,45,12,,oc,opr,,y,,,,,,,0,31,20381,12/4/2015,BUF,ARI,,,,24,12,48,26,45,41,,90,9,22,29,47,31
2,8:44,5v5,BUF,22,w,9,,,dsc,,,y,y,1 on 0,,,,,0,41,20381,12/4/2015,BUF,ARI,,,,24,12,48,26,45,41,,90,9,22,25,29,31
2,8:22,5v5,BUF,23,o,9,23,90,orrl,nc,dl,y,,,,,,,0,41,20381,12/4/2015,BUF,ARI,,,,24,12,48,2,45,41,,23,90,9,25,29,31
2,7:56,5v5,BUF,88,s,46,,,nsc,,,,y,,,,,,0,41,20381,12/4/2015,BUF,ARI,,,,16,24,12,2,45,41,,15,23,88,4,46,31
2,6:53,5v5,BUF,9,a,90,,,nc,,,y,,,,,,,0,41,20381,12/4/2015,BUF,ARI,,,,11,16,89,23,45,41,,15,23,9,25,47,31
2,6:44,5v5,BUF,25,w,9,,,opc,,,,y,,,9,y,,0,41,20381,12/4/2015,BUF,ARI,,,,11,16,89,23,45,41,,15,23,9,25,47,31
2,6:27,5v5,BUF,88,o,15,88,25,ol,nc,dsl,y,y,,y,,,,0,41,20381,12/4/2015,BUF,ARI,,,,8,11,10,23,26,41,,15,12,88,25,47,31
2,4:48,5v5,ARI,23,w,17,,,opl,,,,y,,,,,,1,31,20381,12/4/2015,BUF,ARI,,,,15,17,28,23,26,41,,17,44,82,29,46,31
2,1:46,5v4,ARI,89,w,23,89,16,oc,ol,opr,,y,,,,,,1,31,20381,12/4/2015,BUF,ARI,,,,11,16,10,89,23,41,,17,90,4,55,31,0
2,1:35,5v4,ARI,23,w,10,,,orrl,,,y,y,,,,,,1,31,20381,12/4/2015,BUF,ARI,,,,11,16,10,89,23,41,,15,28,4,55,31,0
3,19:28,5v5,BUF,9,w,23,,,oell,,,y,,,,,,,1,41,20381,12/4/2015,BUF,ARI,,,,11,16,89,23,26,41,,23,90,9,4,55,31
3,18:37,5v5,BUF,22,w,28,,,opc,,,,,,,,,,1,41,20381,12/4/2015,BUF,ARI,,,,24,12,48,4,34,41,,28,22,26,25,47,31
3,18:09,5v5,ARI,23,w,26,,,nr,,,,y,,,,,,1,31,20381,12/4/2015,BUF,ARI,,,,15,17,48,23,26,41,,28,44,82,25,47,31
3,17:47,5v4,ARI,23,w,8,23,11,opr,oc,ofp,,,,,,,,1,31,20381,12/4/2015,BUF,ARI,,,,8,11,10,89,23,41,,17,90,4,55,31,0
3,16:26,5v4,ARI,26,w,23,50,16,oc,opl,ol,,y,,,,,,2,31,20381,12/4/2015,BUF,ARI,,,,16,50,89,23,26,41,,28,90,29,47,31,0
3,16:21,5v4,ARI,26,w,16,,,or,,,,y,,,,,,2,31,20381,12/4/2015,BUF,ARI,,,,16,50,89,23,26,41,,28,90,29,47,31,0
3,14:04,5v5,BUF,23,s,55,4,,nc,dl,,,y,,,,,,2,41,20381,12/4/2015,BUF,ARI,,,,15,17,28,23,26,41,,23,22,26,4,55,31
3,13:45,5v5,BUF,90,w,25,82,,oc,opc,,,y,,,,,,2,41,20381,12/4/2015,BUF,ARI,,,,8,50,10,2,45,41,,90,9,82,25,47,31
3,11:24,5v5,BUF,28,o,22,55,,oc,or,,y,y,,,,,,1,41,20381,12/4/2015,BUF,ARI,,,,12,17,48,4,34,41,,28,22,26,4,55,31
3,9:31,5v5,BUF,90,b,23,90,23,or,oc,nr,y,y,,,,,,1,41,20381,12/4/2015,BUF,ARI,,,,12,17,48,4,23,41,,23,90,9,29,46,31
3,9:25,5v5,BUF,29,w,23,,,opc,,,,y,,,,,,1,41,20381,12/4/2015,BUF,ARI,,,,12,17,48,4,23,41,,23,90,9,29,46,31
3,9:15,5v5,BUF,23,w,9,46,,ol,nc,,y,y,,,,,,1,41,20381,12/4/2015,BUF,ARI,,,,12,17,48,4,23,41,,23,90,9,4,46,31
3,8:26,5v5,ARI,50,o,8,26,,opl,nl,,,,,,,,,1,31,20381,12/4/2015,BUF,ARI,,,,8,50,10,4,23,41,,17,44,82,4,47,31
3,8:16,5v5,BUF,82,w,44,17,,oelc,ol,,y,y,,y,,,,1,41,20381,12/4/2015,BUF,ARI,,,,8,50,10,4,23,41,,17,44,82,25,47,31
3,7:16,5v5,BUF,47,o,90,,,oc,,,,,,,,,,2,41,20381,12/4/2015,BUF,ARI,,,,8,50,10,23,26,41,,23,90,9,25,47,31
3,6:51,5v5,ARI,16,o,11,89,,ol,nr,,y,,,,,,,2,31,20381,12/4/2015,BUF,ARI,,,,11,16,89,2,45,41,,28,22,26,4,55,31
3,2:07,5v5,BUF,28,o,15,,,oc,,,,y,,,15,y,,2,41,20381,12/4/2015,BUF,ARI,,,,11,16,89,2,26,41,,15,28,12,4,55,31
3,0:52,5v6,BUF,9,w,46,90,,dsr,nc,,,y,,y,,,,2,41,20381,12/4/2015,BUF,ARI,,,,16,50,12,17,23,45,,23,90,9,29,46,31
1,18:52,5v5,WPG,55,w,27,26,,oell,oelc,,y,,,,,,,0,35,20737,1/26/2016,WPG,ARI,30,35,,8,50,89,2,26,35,,55,26,27,39,57,30
1,18:30,5v4,WPG,27,w,57,27,57,or,opr,oc,,,,,,,,0,35,20737,1/26/2016,WPG,ARI,,29,,15,48,5,44,35,0,,55,26,27,33,57,30
1,16:50,5v4,WPG,33,s,57,,,opl,,,,,,,,,,0,35,20737,1/26/2016,WPG,ARI,,,,8,11,5,44,35,0,,55,26,27,33,57,30
1,14:52,5v5,WPG,55,w,26,16,,ol,nc,,y,y,,,,,,0,35,20737,1/26/2016,WPG,ARI,,,,12,19,48,2,26,35,,55,26,27,39,57,30
1,14:34,5v5,WPG,57,s,27,55,,opr,oelc,,,y,,,27,,,0,35,20737,1/26/2016,WPG,ARI,,,,12,19,48,2,26,35,,55,26,27,39,57,30
1,14:31,5v5,WPG,57,r,,,,,,,y,y,,,,,,0,35,20737,1/26/2016,WPG,ARI,,,,12,19,48,2,26,35,,55,26,27,39,57,30
1,14:18,5v4,WPG,18,w,16,,,or,,,y,,,,,,,0,35,20737,1/26/2016,WPG,ARI,,,,8,15,5,23,35,0,,18,12,16,8,39,30
1,13:48,5v4,WPG,39,s,12,,,opl,,,,y,,,,,,0,35,20737,1/26/2016,WPG,ARI,,,,12,19,5,23,35,0,,18,12,16,8,39,30
1,13:05,5v4,WPG,33,t,26,57,26,or,oc,opr,y,y,,y,27,y,y,0,35,20737,1/26/2016,WPG,ARI,,,,15,48,2,44,35,0,,55,26,27,33,57,30
1,12:30,5v5,ARI,23,w,8,,,opl,,,,,,,50,,,1,30,20737,1/26/2016,WPG,ARI,,,,8,50,89,5,23,35,,18,12,16,39,57,30
1,12:26,5v5,ARI,89,r,,,,,,,y,y,,,,,,1,30,20737,1/26/2016,WPG,ARI,,,,8,50,89,5,23,35,,18,12,16,39,57,30
1,12:01,5v5,ARI,23,w,89,8,,oelpr,oelr,,,y,,,,,,1,30,20737,1/26/2016,WPG,ARI,,,,8,50,89,23,44,35,,18,12,16,39,57,30
1,10:06,5v5,WPG,9,w,26,7,9,or,dr,dl,y,,,,,,,1,35,20737,1/26/2016,WPG,ARI,,,,15,24,38,2,44,35,,9,15,26,5,7,30
1,8:09,5v5,WPG,8,o,27,,,oc,,,,y,,,,,,1,35,20737,1/26/2016,WPG,ARI,,,,8,11,89,5,23,35,,6,40,27,8,33,30
1,6:07,5v5,WPG,27,o,26,55,39,orrc,nl,dl,y,y,,y,,,,1,35,20737,1/26/2016,WPG,ARI,,,,12,19,48,26,44,35,,55,26,27,39,57,30
1,5:51,5v5,WPG,40,o,22,40,,orrc,oc,,y,y,,,,,,2,35,20737,1/26/2016,WPG,ARI,,,,11,16,10,2,26,35,,6,22,40,39,57,30
1,4:15,5v5,WPG,18,w,16,33,,nc,dsc,,,y,,,,,,2,35,20737,1/26/2016,WPG,ARI,,,,15,24,38,5,23,35,,18,12,16,5,7,30
1,2:17,5v5,ARI,12,b,19,44,28,or,dsr,dl,y,y,,,,,,2,30,20737,1/26/2016,WPG,ARI,,,,12,19,48,5,23,35,,6,22,40,8,33,30
1,1:21,5v5,ARI,11,w,16,,,ol,,,y,y,,,,,,2,30,20737,1/26/2016,WPG,ARI,,,,11,16,10,2,26,35,,55,12,27,8,33,30
1,1:15,5v5,ARI,11,t,16,,,or,,,y,y,,,,,,2,30,20737,1/26/2016,WPG,ARI,,,,11,16,10,2,26,35,,55,12,27,8,33,30
1,0:10,5v4,ARI,23,w,89,50,89,oc,opl,opc,y,,,,,,,2,30,20737,1/26/2016,WPG,ARI,,,,Event Not in PBP or >10 Second Difference,Event Not in PBP or >10 Second Difference,Event Not in PBP or >10 Second Difference,Event Not in PBP or >10 Second Difference,Event Not in PBP or >10 Second Difference,Event Not in PBP or >10 Second Difference,,Event Not in PBP or >10 Second Difference,Event Not in PBP or >10 Second Difference,Event Not in PBP or >10 Second Difference,Event Not in PBP or >10 Second Difference,Event Not in PBP or >10 Second Difference,Event Not in PBP or >10 Second Difference
2,19:41,5v4,ARI,19,w,89,50,23,nc,nc,dr,,,,,19,y,,2,30,20737,1/26/2016,WPG,ARI,,,,8,50,19,89,23,35,,12,26,5,8,30,0
2,18:22,5v4,ARI,26,w,5,26,16,opl,opc,oelpr,,,,,,,,2,30,20737,1/26/2016,WPG,ARI,,,,11,16,10,5,26,35,,6,22,27,5,8,30
2,18:15,5v5,WPG,27,w,22,,,dr,,,y,y,,,,,,2,35,20737,1/26/2016,WPG,ARI,,,,11,16,10,5,26,35,,6,22,27,5,8,30
2,17:49,5v5,WPG,26,t,7,27,,or,opl,,y,,,,,,,2,35,20737,1/26/2016,WPG,ARI,,,,12,19,48,2,26,35,,55,26,27,5,7,30
2,16:22,5v5,WPG,8,s,33,14,,opr,oelpr,,,,,,,,,2,35,20737,1/26/2016,WPG,ARI,,,,15,24,38,5,23,35,,18,14,16,8,33,30
2,16:14,5v5,WPG,12,w,18,,,ol,,,y,y,,,,,,2,35,20737,1/26/2016,WPG,ARI,,,,15,24,38,5,23,35,,18,12,16,8,33,30
2,15:38,5v5,WPG,57,w,26,55,,opc,of,,,y,,,,,,2,35,20737,1/26/2016,WPG,ARI,,,,11,16,10,2,26,35,,55,26,27,39,57,30
2,15:17,5v5,ARI,16,w,2,,,opl,,,,,,,,,,2,30,20737,1/26/2016,WPG,ARI,,,,11,16,10,2,26,35,,55,26,27,39,57,30
2,14:39,5v5,ARI,50,o,89,,,oell,,,,,,,,,,2,30,20737,1/26/2016,WPG,ARI,,,,8,50,89,28,44,35,,6,40,27,33,57,30
2,14:12,5v5,ARI,8,w,89,44,,nl,dc,,,,,,,,,2,30,20737,1/26/2016,WPG,ARI,,,,8,50,89,23,44,35,,6,22,40,8,33,30
2,12:25,5v5,WPG,27,b,55,27,,nr,dr,,y,,,,,,,3,35,20737,1/26/2016,WPG,ARI,,,,11,16,10,26,44,35,,55,26,27,39,57,30
2,11:13,5v5,WPG,7,o,40,,,oelc,,,y,,,,,,,3,35,20737,1/26/2016,WPG,ARI,,,,15,24,38,5,23,35,,6,22,40,5,7,30
2,10:16,5v5,WPG,18,w,16,8,18,nl,dl,dc,y,y,,,,,,3,35,20737,1/26/2016,WPG,ARI,,,,12,19,48,26,44,35,,18,12,16,8,33,30
2,10:10,5v5,WPG,57,w,55,,,ofp,,,,,,,,,,3,35,20737,1/26/2016,WPG,ARI,,,,11,16,10,2,28,35,,55,26,27,39,57,30
2,10:05,5v5,WPG,27,t,55,,,oelc,,,y,,,,,,,3,35,20737,1/26/2016,WPG,ARI,,,,11,16,10,2,28,35,,55,26,27,39,57,30
2,9:36,5v5,WPG,26,w,55,26,39,orrc,orrc,oelrrl,y,y,,,,,,3,35,20737,1/26/2016,WPG,ARI,,,,11,16,10,2,28,35,,55,26,27,39,57,30
2,8:58,5v5,ARI,50,w,10,23,,oelr,dsl,,y,y,,,,,,3,30,20737,1/26/2016,WPG,ARI,,,,16,50,10,28,44,35,,18,12,16,39,57,30
2,8:44,5v5,ARI,8,o,50,26,,oelc,or,,y,,,,,,,3,30,20737,1/26/2016,WPG,ARI,,,,8,50,89,26,44,35,,55,26,27,8,33,30
2,8:17,5v5,WPG,55,w,26,55,26,oc,ol,nc,y,y,,,,,,3,35,20737,1/26/2016,WPG,ARI,,,,8,50,89,28,44,35,,55,26,27,8,33,30
2,7:24,5v5,ARI,38,w,24,,,dc,,,,y,,,,,,3,30,20737,1/26/2016,WPG,ARI,,,,15,24,38,5,23,35,,6,22,40,5,7,30
2,7:15,5v5,ARI,48,o,12,5,,ol,or,,y,,,,,,,3,30,20737,1/26/2016,WPG,ARI,,,,12,19,48,5,23,35,,18,12,16,5,7,30
2,7:05,5v5,ARI,19,w,23,,,nl,,,,y,,,,,,3,30,20737,1/26/2016,WPG,ARI,,,,12,19,48,5,23,35,,18,12,16,5,7,30
2,5:29,5v5,WPG,27,w,26,27,,ol,oell,,y,y,,y,,,,3,35,20737,1/26/2016,WPG,ARI,,,,11,16,89,26,44,35,,55,26,27,8,33,30
2,3:56,5v5,ARI,23,w,15,,,oelc,,,,,,,,,,3,30,20737,1/26/2016,WPG,ARI,,,,15,24,50,38,5,23,,18,12,16,5,7,30
2,3:40,5v4,ARI,11,w,10,89,,oc,ol,,,y,,,,,,3,30,20737,1/26/2016,WPG,ARI,,,,11,16,10,89,23,35,,18,16,5,8,30,0
2,2:28,5v3,ARI,5,w,11,50,89,opc,ol,opl,,,,,,,,3,30,20737,1/26/2016,WPG,ARI,,,,11,50,89,5,23,35,,16,33,57,30,0,0
2,2:17,3v5,WPG,33,w,57,,,dsc,,,y,y,1 on 0,y,,,,3,35,20737,1/26/2016,WPG,ARI,,,,11,50,89,5,23,35,,16,33,57,30,0,0
2,1:54,5v3,ARI,10,o,5,16,5,orrc,opl,ol,y,,,,,,,4,30,20737,1/26/2016,WPG,ARI,,,,11,16,10,5,26,35,,6,33,39,30,0,0
2,1:45,5v4,ARI,5,o,11,,,opr,,,,,,,16,,,4,30,20737,1/26/2016,WPG,ARI,,,,11,16,10,5,26,35,,6,7,33,39,30,0
2,1:37,5v5,ARI,26,o,23,,,or,,,,,,,,,,4,30,20737,1/26/2016,WPG,ARI,,,,11,16,10,23,26,35,,6,7,8,33,39,30
2,1:23,5v5,ARI,10,w,23,,,nsl,,,y,y,1 on 0,,,,,4,30,20737,1/26/2016,WPG,ARI,,,,11,16,10,23,26,35,,6,12,16,33,57,30
2,0:04,5v5,WPG,26,w,57,,,dc,,,,,,,,,,4,35,20737,1/26/2016,WPG,ARI,,,,15,24,38,26,44,35,,55,26,27,7,57,30
3,18:07,5v5,ARI,38,w,28,24,,opr,oelr,,,y,,,,,,4,30,20737,1/26/2016,WPG,ARI,,,,15,24,38,2,28,29,,6,22,40,5,8,30
3,17:23,5v5,WPG,15,w,39,,,nc,,,,y,,,,,,4,29,20737,1/26/2016,WPG,ARI,,,,8,50,89,26,44,29,,9,14,15,39,57,30
3,17:18,5v5,WPG,18,t,57,16,,oc,opr,,y,y,,,,,,4,29,20737,1/26/2016,WPG,ARI,,,,12,19,48,5,23,29,,18,12,16,39,57,30
3,16:22,5v5,WPG,55,o,16,12,,oelpc,oell,,,y,,,,,,4,29,20737,1/26/2016,WPG,ARI,,,,11,16,19,5,23,29,,55,12,16,7,33,30
3,15:18,5v5,WPG,6,b,40,,,nl,,,y,y,,,6,,,4,29,20737,1/26/2016,WPG,ARI,,,,15,24,38,2,28,29,,6,22,40,5,8,30
3,15:12,5v5,WPG,40,r,,,,,,,y,,,,,,,4,29,20737,1/26/2016,WPG,ARI,,,,15,24,38,2,28,29,,6,22,40,5,8,30
3,14:33,5v5,WPG,9,w,5,7,5,dsl,dr,dl,,y,,,,,,4,29,20737,1/26/2016,WPG,ARI,,,,8,50,89,26,44,29,,9,14,15,39,57,30
3,13:58,5v4,ARI,16,s,86,,,oc,,,,,,,,,,4,30,20737,1/26/2016,WPG,ARI,,,,11,16,10,89,23,29,,18,16,5,8,30,0
3,12:45,5v4,ARI,26,w,5,,,opc,,,,y,,,,,,4,30,20737,1/26/2016,WPG,ARI,,,,8,50,19,5,26,29,,6,22,5,8,30,0
3,12:37,5v4,ARI,5,w,26,8,19,opl,opl,oell,,,,,,,,4,30,20737,1/26/2016,WPG,ARI,,,,8,50,19,5,26,29,,6,22,5,8,30,0
3,11:05,5v4,WPG,33,t,27,55,57,oc,ol,opl,y,,,,,,,4,29,20737,1/26/2016,WPG,ARI,,,,12,19,5,44,29,0,,55,26,27,33,57,30
3,10:58,5v4,WPG,55,w,27,26,,orrr,or,,y,y,,,,,,4,29,20737,1/26/2016,WPG,ARI,,,,12,19,5,44,29,0,,55,26,27,33,57,30
3,7:59,5v5,ARI,28,o,2,,,opc,,,,,,,,,,4,30,20737,1/26/2016,WPG,ARI,,,,12,19,48,2,28,29,,9,14,15,7,33,30
3,7:46,5v5,ARI,19,w,48,,,oelr,,,y,,,,,,,4,30,20737,1/26/2016,WPG,ARI,,,,12,19,48,2,28,29,,9,14,15,7,33,30
3,6:06,5v5,WPG,18,b,16,5,7,nl,dl,dr,y,y,,,12,y,,4,29,20737,1/26/2016,WPG,ARI,,,,8,50,89,26,44,29,,18,12,16,5,8,30
3,4:19,5v4,WPG,8,o,39,55,,oc,opr,,,y,,,26,y,,4,29,20737,1/26/2016,WPG,ARI,,,,15,48,5,44,29,0,,55,26,27,8,39,30
3,4:02,5v4,WPG,39,w,26,55,8,oelrrc,ol,oc,y,,,,,,,4,29,20737,1/26/2016,WPG,ARI,,,,15,50,48,5,44,29,,55,26,27,8,39,30
3,3:11,5v5,ARI,26,w,16,,,oc,,,y,y,,,,,,4,30,20737,1/26/2016,WPG,ARI,,,,11,16,10,23,26,29,,6,22,40,7,33,30
3,3:00,5v5,ARI,23,w,16,10,,orrr,or,,y,y,,,,,,4,30,20737,1/26/2016,WPG,ARI,,,,11,16,10,23,26,29,,6,22,40,7,33,30
3,1:31,5v5,ARI,44,s,24,,,oc,,,,,,,,,,4,30,20737,1/26/2016,WPG,ARI,,,,15,24,38,26,44,29,,6,22,40,5,8,30
3,0:17,5v5,ARI,10,o,11,,,orrc,,,y,y,,y,,,,4,30,20737,1/26/2016,WPG,ARI,,,,11,16,10,2,28,29,,6,22,40,39,57,30
1,19:06,5v5,ARI,2,w,89,12,48,ol,oelc,or,,y,,,,,,0,50,20550,12/29/2015,ARI,CHI,29,50,,12,19,48,2,26,29,,15,72,88,7,57,50
1,18:39,5v5,CHI,24,w,11,52,,nr,dr,,,,,,,,,0,29,20550,12/29/2015,ARI,CHI,35,33,,8,9,10,4,34,29,,11,24,86,32,52,50
1,17:56,5v5,CHI,72,w,88,,,or,,,y,,,,,,,0,29,20550,12/29/2015,ARI,CHI,,,,12,19,48,23,26,29,,15,72,88,7,52,50
1,17:51,5v5,CHI,88,w,72,88,,oelc,oelr,,,,,,,,,0,29,20550,12/29/2015,ARI,CHI,,,,12,19,48,23,26,29,,15,72,88,32,52,50
1,17:25,5v5,CHI,52,w,29,28,,opl,oelc,,,,,,,,,0,29,20550,12/29/2015,ARI,CHI,,,,24,76,22,4,34,29,,28,70,29,32,52,50
1,15:34,5v5,ARI,4,o,10,9,8,or,dl,dc,,,,,,,,0,50,20550,12/29/2015,ARI,CHI,,,,8,9,10,4,34,29,,15,72,88,7,57,50
1,14:39,4v5,ARI,19,o,12,,,orrc,,,y,y,2 on 1,,,,,0,50,20550,12/29/2015,ARI,CHI,,,,12,19,2,26,29,0,,19,65,81,86,52,50
1,13:39,5v4,CHI,2,o,88,81,,ol,nr,,y,y,,y,,,,0,29,20550,12/29/2015,ARI,CHI,,,,8,50,2,26,29,0,,19,81,88,2,4,50
1,12:31,5v4,CHI,2,t,88,7,72,or,oc,opl,y,,,,,,,-1,29,20550,12/29/2015,ARI,CHI,,,,24,48,2,26,29,0,,15,72,88,2,7,50
1,12:24,5v4,CHI,15,t,7,88,15,oc,opr,oelc,y,y,,y,,,,-1,29,20550,12/29/2015,ARI,CHI,,,,24,48,2,26,29,0,,15,72,88,2,7,50
1,11:48,5v5,ARI,2,w,8,76,,opl,of,,,y,,,,,,-2,50,20550,12/29/2015,ARI,CHI,,,,8,76,22,2,26,29,,11,24,86,7,57,50
1,11:34,5v4,ARI,19,t,23,8,23,oc,oc,or,y,y,,,,,,-2,50,20550,12/29/2015,ARI,CHI,,,,8,50,19,89,23,29,,11,15,2,4,50,0
1,10:52,5v4,ARI,8,w,23,89,,or,ol,,,y,,,19,y,,-2,50,20550,12/29/2015,ARI,CHI,,,,8,50,19,89,23,29,,19,81,2,4,50,0
1,9:42,5v5,ARI,19,w,23,,,dc,,,,y,,y,,,,-2,50,20550,12/29/2015,ARI,CHI,,,,24,12,19,2,23,29,,19,72,86,7,57,50
1,8:38,5v5,CHI,2,o,70,28,,opl,oell,,,,,,,,,-1,29,20550,12/29/2015,ARI,CHI,,,,16,50,89,26,34,29,,28,70,29,2,4,50
1,8:03,5v5,ARI,23,s,22,,,oc,,,,,,,23,,,-1,50,20550,12/29/2015,ARI,CHI,,,,16,76,22,4,23,29,,28,70,29,2,4,50
1,7:53,5v5,ARI,4,o,23,22,76,oelc,oell,oelc,y,y,,y,,,,-1,50,20550,12/29/2015,ARI,CHI,,,,8,76,22,4,23,29,,28,70,29,2,4,50
1,6:05,5v5,ARI,50,s,89,4,16,opr,dc,nl,,y,,,,,,0,50,20550,12/29/2015,ARI,CHI,,,,16,50,89,4,23,29,,19,65,81,4,52,50
1,5:27,5v5,CHI,72,w,2,88,72,nc,nl,nc,y,y,,,,,,0,29,20550,12/29/2015,ARI,CHI,,,,16,50,89,2,26,29,,15,72,88,2,4,50
1,4:57,5v4,ARI,89,w,23,89,,or,ol,,,y,,,,,,0,50,20550,12/29/2015,ARI,CHI,,,,8,50,19,89,23,29,,11,15,7,57,50,0
1,4:18,5v4,ARI,19,w,89,23,,dc,dr,,,,,,,,,0,50,20550,12/29/2015,ARI,CHI,,,,16,19,48,89,23,29,,19,81,2,52,50,0
1,3:53,5v4,ARI,23,s,26,,,or,,,,,,,,,,0,50,20550,12/29/2015,ARI,CHI,,,,16,9,48,23,26,29,,11,15,2,52,50,0
1,3:40,5v4,ARI,48,t,26,9,,oc,opl,,y,,,,,,,0,50,20550,12/29/2015,ARI,CHI,,,,16,9,48,23,26,29,,11,15,2,52,50,0
1,3:19,5v4,ARI,89,s,50,8,50,opc,ol,nl,,y,,,,,,0,50,20550,12/29/2015,ARI,CHI,,,,8,50,19,89,23,29,,19,81,7,57,50,0
1,3:15,5v4,ARI,26,s,2,76,,ol,of,,,y,,,,,,0,50,20550,12/29/2015,ARI,CHI,,,,24,76,22,2,26,29,,11,15,2,32,50,0
1,3:09,5v5,ARI,4,o,22,,,ofp,,,,,,,,,,0,50,20550,12/29/2015,ARI,CHI,,,,8,76,22,4,34,29,,11,24,86,2,4,50
1,2:18,5v5,CHI,7,w,57,,,opc,,,,,,,,,,0,29,20550,12/29/2015,ARI,CHI,,,,12,19,48,2,26,29,,15,72,88,7,57,50
1,0:52,5v4,CHI,72,w,7,2,7,oc,opr,oc,y,y,,y,,,,0,29,20550,12/29/2015,ARI,CHI,,,,24,48,2,26,29,0,,15,72,88,2,7,50
2,18:43,5v5,ARI,50,b,16,35,,ol,dc,,y,y,,,,,,-1,50,20550,12/29/2015,ARI,CHI,,,,0,16,50,89,2,26,,15,72,88,7,57,50
2,18:00,5v5,CHI,11,w,86,24,2,oc,dr,dc,,y,,y,,,,-1,35,20550,12/29/2015,ARI,CHI,,,,0,8,76,22,5,23,,11,70,86,32,52,50
2,17:07,5v5,CHI,81,w,19,,,or,,,y,y,,,,,,-2,35,20550,12/29/2015,ARI,CHI,,,,0,12,19,48,5,23,,19,65,81,32,52,50
2,16:58,5v5,CHI,19,w,65,19,,ol,of,,,y,,,,,,-2,35,20550,12/29/2015,ARI,CHI,,,,0,12,19,48,5,23,,19,65,81,7,57,50
2,16:30,5v5,ARI,19,t,5,48,,oc,opr,,,,,,,,,-2,50,20550,12/29/2015,ARI,CHI,,,,0,12,19,48,5,23,,19,65,81,7,57,50
2,15:42,5v5,CHI,15,w,88,52,2,or,oc,opc,,y,,,,,,-2,35,20550,12/29/2015,ARI,CHI,,,,0,12,19,48,5,23,,15,72,88,2,52,50
2,15:26,5v5,CHI,52,o,72,88,72,orrc,ol,ol,y,,,,,,,-2,35,20550,12/29/2015,ARI,CHI,,,,0,12,19,48,5,23,,15,72,88,2,52,50
2,14:32,5v5,ARI,16,b,89,2,50,ol,oc,ofp,y,,,,,,,-2,50,20550,12/29/2015,ARI,CHI,,,,0,16,50,89,2,26,,11,24,86,4,7,50
2,14:28,5v5,ARI,16,t,26,50,,or,opr,,y,,,,,,,-2,50,20550,12/29/2015,ARI,CHI,,,,0,16,50,89,2,26,,11,24,86,4,7,50
2,13:35,5v4,ARI,89,w,50,,,ofp,,,,,,,,,,-2,50,20550,12/29/2015,ARI,CHI,,,,0,8,50,19,89,23,,19,81,7,57,50,0
2,13:30,5v4,ARI,19,t,23,89,23,oc,oc,ol,y,y,,,,,,-2,50,20550,12/29/2015,ARI,CHI,,,,0,8,50,19,89,23,,19,81,7,57,50,0
2,12:59,5v4,ARI,23,w,19,,,opr,,,,,,,,,,-2,50,20550,12/29/2015,ARI,CHI,,,,0,8,50,19,89,23,,11,15,2,4,50,0
2,12:20,4v4,ARI,26,w,2,12,,oc,opl,,,y,,,,,,-2,50,20550,12/29/2015,ARI,CHI,,,,0,16,12,2,26,35,,19,81,7,57,50,0
2,12:06,4v4,CHI,57,w,19,7,,or,dr,,y,,,,,,,-2,35,20550,12/29/2015,ARI,CHI,,,,0,16,12,2,4,35,,19,81,7,57,50,0
2,11:38,5v4,CHI,19,b,88,52,72,or,oc,opl,,y,,,,,,-2,35,20550,12/29/2015,ARI,CHI,,,,0,24,48,2,4,35,,19,72,88,2,52,50
2,11:27,5v4,CHI,72,w,15,88,7,orrc,or,oc,y,y,,,,,,-2,35,20550,12/29/2015,ARI,CHI,,,,0,8,50,4,34,35,,15,72,88,2,7,50
2,11:20,5v4,CHI,2,w,88,2,15,ol,oc,of,y,y,,,,,,-2,35,20550,12/29/2015,ARI,CHI,,,,0,8,50,4,34,35,,15,72,88,2,7,50
2,10:45,5v5,ARI,8,t,23,34,,ol,nl,,y,y,,,,,,-2,50,20550,12/29/2015,ARI,CHI,,,,0,8,50,4,23,34,,15,72,88,2,7,50
2,10:23,5v4,ARI,23,w,26,23,9,or,oc,of,,,,,,,,-2,50,20550,12/29/2015,ARI,CHI,,,,Event Not in PBP or >10 Second Difference,Event Not in PBP or >10 Second Difference,Event Not in PBP or >10 Second Difference,Event Not in PBP or >10 Second Difference,Event Not in PBP or >10 Second Difference,Event Not in PBP or >10 Second Difference,,Event Not in PBP or >10 Second Difference,Event Not in PBP or >10 Second Difference,Event Not in PBP or >10 Second Difference,Event Not in PBP or >10 Second Difference,Event Not in PBP or >10 Second Difference,Event Not in PBP or >10 Second Difference
2,9:48,4v5,CHI,81,w,19,,,oelc,,,,y,,,,,,-2,35,20550,12/29/2015,ARI,CHI,,,,0,16,9,10,23,26,,19,81,7,57,50,0
2,9:06,5v5,ARI,19,t,5,89,8,oc,oc,opl,y,y,,,,,,-2,50,20550,12/29/2015,ARI,CHI,,,,0,8,50,19,89,5,,11,15,7,57,50,0
2,8:54,5v4,ARI,89,w,23,89,23,oc,oc,or,,y,,,,,,-2,50,20550,12/29/2015,ARI,CHI,,,,0,8,50,19,89,23,,19,81,2,4,50,0
2,7:59,5v5,ARI,26,s,76,,,oelc,,,,,,,,,,-2,50,20550,12/29/2015,ARI,CHI,,,,0,76,22,48,2,26,,70,72,88,7,57,50
2,7:44,5v5,ARI,22,w,2,,,dc,,,,,,,,,,-2,50,20550,12/29/2015,ARI,CHI,,,,0,76,22,48,2,26,,88,24,29,7,57,50
2,7:26,5v5,ARI,24,w,34,,,nl,,,,y,,,,,,-2,50,20550,12/29/2015,ARI,CHI,,,,0,24,12,19,4,34,,24,29,86,7,57,50
2,7:03,5v5,ARI,4,w,12,24,,oelc,or,,y,y,,,,,,-2,50,20550,12/29/2015,ARI,CHI,,,,0,24,12,19,4,34,,24,29,86,7,57,50
2,6:12,5v5,CHI,88,w,65,52,,orrc,oc,,y,y,,y,,,,-2,35,20550,12/29/2015,ARI,CHI,,,,0,16,50,89,5,34,,15,65,88,32,52,50
2,5:38,5v5,CHI,15,o,72,88,15,oelc,or,or,y,,,,,,,-3,35,20550,12/29/2015,ARI,CHI,,,,0,16,50,89,4,34,,15,72,88,2,4,50
2,4:30,5v5,CHI,32,w,11,,,oelpc,,,,y,,,,,,-3,35,20550,12/29/2015,ARI,CHI,,,,0,8,76,22,2,26,,11,24,86,32,52,50
2,2:48,5v5,CHI,88,w,32,15,,oc,opr,,,,,,,,,-3,35,20550,12/29/2015,ARI,CHI,,,,0,9,10,48,5,23,,15,65,88,32,52,50
2,2:28,5v5,CHI,88,b,15,32,,nr,dr,,y,,,,,,,-3,35,20550,12/29/2015,ARI,CHI,,,,0,12,19,48,5,23,,15,72,88,32,52,50
2,2:17,5v5,ARI,19,w,24,4,12,or,nc,nf,,,,,,,,-3,50,20550,12/29/2015,ARI,CHI,,,,0,24,12,19,4,34,,28,70,29,32,52,50
2,1:31,5v5,ARI,16,w,89,50,23,oc,oc,nr,y,y,,,16,y,,-3,50,20550,12/29/2015,ARI,CHI,,,,0,16,50,89,5,23,,15,72,88,32,52,50
2,0:17,5v5,ARI,2,w,10,24,,oelpc,or,,,y,,,,,,-3,50,20550,12/29/2015,ARI,CHI,,,,0,8,9,10,2,26,,15,72,88,7,57,50
3,19:33,5v5,ARI,48,w,5,23,12,dr,dc,nf,,,,,,,,-3,50,20550,12/29/2015,ARI,CHI,,,,12,19,48,5,23,35,,19,65,81,7,57,50
3,17:34,5v5,ARI,76,w,24,23,,dl,dl,,y,,,,,,,-3,50,20550,12/29/2015,ARI,CHI,,,,24,76,89,5,23,35,,28,70,29,32,52,50
3,16:48,5v5,ARI,4,w,2,24,2,ol,ol,nc,,,,,,,,-3,50,20550,12/29/2015,ARI,CHI,,,,24,12,22,2,4,35,,19,65,81,2,4,50
3,16:29,5v5,ARI,4,s,19,,,ofp,,,,,,,,,,-3,50,20550,12/29/2015,ARI,CHI,,,,24,12,22,2,4,35,,19,65,81,2,4,50
3,15:56,5v5,ARI,5,w,12,23,19,oc,ol,oc,,y,,,19,y,,-3,50,20550,12/29/2015,ARI,CHI,,,,12,19,48,5,23,35,,15,72,88,7,57,50
3,15:40,5v5,ARI,23,w,12,,,or,,,,,,,,,,-3,50,20550,12/29/2015,ARI,CHI,,,,12,19,48,5,23,35,,15,72,88,7,57,50
3,14:57,5v5,CHI,11,w,86,11,32,oc,nc,nr,y,y,,y,,,,-3,35,20550,12/29/2015,ARI,CHI,,,,8,50,89,2,26,35,,11,24,86,32,52,50
3,13:53,5v5,CHI,81,o,65,52,81,ol,ol,opl,,,,,,,,-4,35,20550,12/29/2015,ARI,CHI,,,,16,76,22,4,34,35,,19,65,81,32,52,50
3,13:17,5v5,ARI,76,w,16,4,,ol,dc,,,,,,,,,-4,50,20550,12/29/2015,ARI,CHI,,,,16,76,22,5,23,35,,19,72,81,32,52,50
3,13:10,5v5,CHI,19,w,32,,,oc,,,y,y,,,,,,-4,35,20550,12/29/2015,ARI,CHI,,,,24,76,22,5,23,35,,19,72,88,32,57,50
3,12:43,5v4,ARI,19,w,23,8,23,oc,or,oc,y,y,,y,,,,-4,50,20550,12/29/2015,ARI,CHI,,,,8,50,19,89,23,35,,11,15,2,4,50,0
3,12:08,5v5,ARI,89,s,50,,,oelc,,,,,,,,,,-3,50,20550,12/29/2015,ARI,CHI,,,,8,50,89,5,23,35,,11,24,86,32,52,50
3,8:19,5v4,ARI,19,w,23,,,or,,,,y,,,,,,-3,50,20550,12/29/2015,ARI,CHI,,,,8,50,19,89,23,35,,11,15,2,4,50,0
3,7:48,5v4,ARI,10,w,23,89,10,oc,oc,opl,,y,,,,,,-3,50,20550,12/29/2015,ARI,CHI,,,,16,9,10,89,23,35,,19,81,7,57,50,0
3,7:35,5v4,ARI,9,t,16,89,,oc,opr,,y,,,,,,,-3,50,20550,12/29/2015,ARI,CHI,,,,16,9,10,89,23,35,,19,81,7,57,50,0
3,7:23,5v4,ARI,89,w,23,16,,ol,oc,,,,,,,,,-3,50,20550,12/29/2015,ARI,CHI,,,,16,9,10,89,23,35,,19,81,7,57,50,0
3,7:07,5v4,ARI,16,w,26,10,,oc,oelc,,y,,,,,,,-3,50,20550,12/29/2015,ARI,CHI,,,,16,9,10,23,26,35,,19,81,7,57,50,0
3,6:57,5v5,ARI,5,w,8,26,50,ol,oc,ofp,,y,,y,,,,-3,50,20550,12/29/2015,ARI,CHI,,,,8,50,19,5,26,35,,11,15,29,2,4,50
3,5:33,5v5,ARI,48,w,19,26,,oc,dc,,,y,,,,,,-2,50,20550,12/29/2015,ARI,CHI,,,,12,19,48,23,26,35,,19,65,81,32,52,50
3,5:30,5v5,ARI,16,w,19,,,ofp,,,,y,,,,,,-2,50,20550,12/29/2015,ARI,CHI,,,,16,12,19,5,23,35,,19,65,81,2,4,50
3,5:19,5v5,CHI,81,w,65,4,2,dl,dc,dc,,y,,,,,,-2,35,20550,12/29/2015,ARI,CHI,,,,16,12,19,5,23,35,,19,65,81,2,4,50
3,3:59,5v5,CHI,72,w,7,57,24,oc,opc,ol,,y,,,,,,-2,35,20550,12/29/2015,ARI,CHI,,,,8,50,89,4,26,35,,72,88,24,7,57,50
3,2:25,6v5,ARI,8,w,4,26,,oc,ol,,,,,,,,,-2,50,20550,12/29/2015,ARI,CHI,,,,8,50,10,89,4,26,,19,65,81,2,4,50
3,1:53,6v4,ARI,89,t,26,8,26,oc,opr,or,y,y,,,50,y,,-2,50,20550,12/29/2015,ARI,CHI,,,,8,50,19,89,23,26,,11,15,2,4,50,0
3,1:39,4v6,CHI,19,w,86,,,nl,,,,y,,y,,,,-2,35,20550,12/29/2015,ARI,CHI,,,,8,16,50,19,89,26,,19,86,2,4,50,0
3,0:28,5v3,ARI,19,o,89,8,89,orrc,oc,oc,y,y,,y,,,,-3,50,20550,12/29/2015,ARI,CHI,,,,8,50,19,89,26,35,,24,4,7,50,0,0
3,0:09,5v4,ARI,89,w,8,26,,or,or,,,,,,,,,-2,50,20550,12/29/2015,ARI,CHI,,,,8,50,19,89,26,35,,19,81,32,52,50,0
