Period,Time,Strength,Team,Shooter,Shot Type?,A1,A2,A3,A1 Zone,A2 Zone,A3 Zone,SC?,SOG?,Oddman,G?,RB,RB SOG?,RB G?,Home Score State,Goalie,Game ID,Date,Home:,Away: ,Home Goalies,Away Goalies,Kings,F,F,F,D,D,G/Extra Attacker,Opp,F,F,F,D,D,G/Extra Attacker
1,18:56,5v5,S.J,8,t,61,88,8,or,opl,opc,y,y,,,,,,0,32,20004,10/08/2015,L.A,S.J,32,31,,11,12,17,10,55,32,,8,19,27,44,61,31
1,18:52,5v5,S.J,48,w,57,,,of,,,,,,,,,,0,32,20004,10/08/2015,L.A,S.J,1,32,,11,12,17,10,55,32,,8,19,27,44,61,31
1,18:12,5v5,L.A,21,t,23,8,23,or,or,oelpr,y,y,,y,,,,0,31,20004,10/08/2015,L.A,S.J,,,,21,22,23,8,27,32,,48,57,83,4,80,31
1,17:51,5v5,L.A,6,w,8,71,,oc,opr,,,,,,,,,1,31,20004,10/08/2015,L.A,S.J,,,,15,71,17,6,8,32,,50,57,89,7,88,31
1,17:25,5v5,L.A,73,w,55,,,nl,,,,,,,,,,1,31,20004,10/08/2015,L.A,S.J,,,,73,77,70,10,55,32,,12,39,42,44,61,31
1,16:12,5v5,S.J,27,b,19,,,dl,,,,y,,,,,,1,32,20004,10/08/2015,L.A,S.J,,,,11,12,17,2,27,32,,8,19,27,7,88,31
1,15:57,5v5,S.J,83,w,48,8,48,nc,dr,dc,,y,3 on 2,,,,,1,32,20004,10/08/2015,L.A,S.J,,,,21,12,17,2,27,32,,48,57,83,4,80,31
1,15:00,5v5,S.J,44,w,50,,,ofp,,,,y,,,,,,1,32,20004,10/08/2015,L.A,S.J,,,,15,71,77,10,55,32,,8,50,89,44,61,31
1,14:27,5v5,S.J,12,w,39,88,7,orrr,dsr,dl,y,y,1 on 0,,,,,1,32,20004,10/08/2015,L.A,S.J,,,,73,77,70,6,8,32,,12,39,42,7,88,31
1,14:13,5v5,S.J,88,o,12,,,oelpr,,,,,,,,,,1,32,20004,10/08/2015,L.A,S.J,,,,73,77,70,6,8,32,,12,39,42,7,88,31
1,13:43,5v5,L.A,10,w,11,12,55,ol,nr,dc,,,,,,,,1,31,20004,10/08/2015,L.A,S.J,,,,11,12,17,10,55,32,,8,19,27,44,61,31
1,12:52,5v5,S.J,83,w,57,48,,ol,ol,,,y,,,,,,1,32,20004,10/08/2015,L.A,S.J,,,,21,22,23,6,8,32,,48,57,83,4,80,31
1,12:47,5v5,S.J,4,o,83,,,opl,,,,,,,,,,1,32,20004,10/08/2015,L.A,S.J,,,,21,22,23,6,8,32,,48,57,83,4,80,31
1,12:32,5v5,L.A,6,w,22,8,32,dr,dc,dc,,y,,,,,,1,31,20004,10/08/2015,L.A,S.J,,,,21,22,23,6,8,32,,12,48,42,4,80,31
1,11:52,5v5,S.J,39,o,42,39,12,ol,ol,oell,,y,,,,,,1,32,20004,10/08/2015,L.A,S.J,,,,15,71,70,10,55,32,,12,39,42,7,88,31
1,11:11,5v5,L.A,27,w,77,73,27,nc,dr,dc,,y,,,,,,1,31,20004,10/08/2015,L.A,S.J,,,,73,77,70,2,27,32,,50,57,89,44,61,31
1,10:19,5v5,S.J,19,w,7,,,dr,,,y,y,3 on 1,y,,,,1,32,20004,10/08/2015,L.A,S.J,,,,11,12,17,6,8,32,,8,19,27,7,88,31
1,9:39,5v5,L.A,23,w,21,,,dr,,,,,,,,,,0,31,20004,10/08/2015,L.A,S.J,,,,21,22,23,10,55,32,,48,57,83,4,80,31
1,9:09,5v5,L.A,77,o,73,8,77,or,oc,ofp,,,,,,,,0,31,20004,10/08/2015,L.A,S.J,,,,73,77,70,6,8,32,,12,39,42,44,88,31
1,8:05,5v4,L.A,77,o,12,8,10,or,or,opl,y,,,,,,,0,31,20004,10/08/2015,L.A,S.J,,,,11,77,12,8,10,32,,57,83,44,61,31,0
1,7:52,5v4,L.A,10,s,11,10,,opl,ol,,,y,,,,,,0,31,20004,10/08/2015,L.A,S.J,,,,11,77,12,8,10,32,,57,83,44,61,31,0
1,7:05,5v4,L.A,11,w,23,10,11,nc,dc,nf,y,y,,,,,,0,31,20004,10/08/2015,L.A,S.J,,,,11,23,10,55,32,0,,12,39,44,61,31,0
1,6:58,5v4,L.A,10,o,11,,,oc,,,,y,,,,,,0,31,20004,10/08/2015,L.A,S.J,,,,11,23,10,55,32,0,,12,39,44,61,31,0
1,5:37,4v5,S.J,8,w,19,80,,ol,ol,,y,,,,,,,0,32,20004,10/08/2015,L.A,S.J,,,,73,70,6,8,32,0,,8,19,57,80,88,31
1,4:36,5v5,S.J,4,o,83,48,,opl,ol,,,,,,,,,0,32,20004,10/08/2015,L.A,S.J,,,,21,22,13,2,27,32,,48,18,83,4,61,31
1,4:09,5v4,S.J,8,t,88,10,8,ol,opr,ofp,y,y,,y,,,,0,32,20004,10/08/2015,L.A,S.J,,,,11,23,10,55,32,0,,8,12,19,39,88,31
1,3:11,5v5,S.J,39,w,12,42,39,ol,nl,dl,,,,,,,,-1,32,20004,10/08/2015,L.A,S.J,,,,11,12,17,6,8,32,,12,39,42,7,88,31
1,3:03,5v5,S.J,12,w,39,,,or,,,,,,,,,,-1,32,20004,10/08/2015,L.A,S.J,,,,11,12,17,6,8,32,,12,39,42,7,88,31
1,0:07,5v4,S.J,12,w,8,,,ofp,,,,,,,,,,-1,32,20004,10/08/2015,L.A,S.J,,,,11,23,6,8,32,0,,8,12,19,39,88,31
2,17:13,4v5,S.J,44,w,57,,,or,,,,,,,,,,-1,32,20004,10/08/2015,L.A,S.J,,,,11,77,12,8,10,32,,57,83,44,61,31,0
2,16:04,5v4,L.A,6,w,73,27,6,oc,or,opl,,,,,,,,-1,31,20004,10/08/2015,L.A,S.J,,,,73,17,23,6,27,32,,39,42,44,61,31,0
2,15:48,5v5,L.A,22,w,12,,,ol,,,y,,,,,,,-1,31,20004,10/08/2015,L.A,S.J,,,,Event Not in PBP or >10 Second Difference,Event Not in PBP or >10 Second Difference,Event Not in PBP or >10 Second Difference,Event Not in PBP or >10 Second Difference,Event Not in PBP or >10 Second Difference,Event Not in PBP or >10 Second Difference,,Event Not in PBP or >10 Second Difference,Event Not in PBP or >10 Second Difference,Event Not in PBP or >10 Second Difference,Event Not in PBP or >10 Second Difference,Event Not in PBP or >10 Second Difference,Event Not in PBP or >10 Second Difference
2,15:40,5v5,L.A,2,s,13,21,,opc,ol,,,,,,,,,-1,31,20004,10/08/2015,L.A,S.J,,,,Event Not in PBP or >10 Second Difference,Event Not in PBP or >10 Second Difference,Event Not in PBP or >10 Second Difference,Event Not in PBP or >10 Second Difference,Event Not in PBP or >10 Second Difference,Event Not in PBP or >10 Second Difference,,Event Not in PBP or >10 Second Difference,Event Not in PBP or >10 Second Difference,Event Not in PBP or >10 Second Difference,Event Not in PBP or >10 Second Difference,Event Not in PBP or >10 Second Difference,Event Not in PBP or >10 Second Difference
2,15:27,5v5,L.A,21,a,22,13,,oelr,or,,y,y,,,,,,-1,31,20004,10/08/2015,L.A,S.J,,,,21,22,13,2,55,32,,50,42,4,44,61,31
2,15:20,5v5,L.A,13,o,21,,,oc,,,y,,,,,,,-1,31,20004,10/08/2015,L.A,S.J,,,,21,22,13,2,55,32,,50,42,4,44,61,31
2,15:11,5v5,L.A,22,w,21,,,or,,,,,,,,,,-1,31,20004,10/08/2015,L.A,S.J,,,,21,22,13,2,55,32,,50,42,4,44,61,31
2,14:00,5v5,S.J,88,o,19,8,,oc,opc,,,,,,,,,-1,32,20004,10/08/2015,L.A,S.J,,,,11,12,17,6,8,32,,8,19,27,7,88,31
2,13:55,5v5,S.J,88,w,8,,,opl,,,,y,,y,,,,-1,32,20004,10/08/2015,L.A,S.J,,,,11,12,17,6,8,32,,8,19,27,7,88,31
2,13:02,5v5,S.J,18,o,50,89,,or,,,,y,,,,,,-2,32,20004,10/08/2015,L.A,S.J,,,,73,77,70,2,27,32,,50,89,18,7,88,31
2,12:44,5v4,S.J,8,w,19,,,oc,,,y,y,,,,,,-2,32,20004,10/08/2015,L.A,S.J,,,,22,70,6,8,32,0,,8,12,19,39,88,31
2,12:16,5v4,S.J,88,w,8,39,12,opc,ol,nl,,,,,,,,-2,32,20004,10/08/2015,L.A,S.J,,,,11,23,2,55,32,0,,8,12,19,39,88,31
2,11:59,5v4,S.J,88,w,19,,,or,,,,y,,,,,,-2,32,20004,10/08/2015,L.A,S.J,,,,11,23,2,55,32,0,,8,12,19,39,88,31
2,11:46,5v4,S.J,48,t,44,57,44,oc,opr,oc,y,y,,y,,,,-2,32,20004,10/08/2015,L.A,S.J,,,,73,77,6,8,32,0,,48,57,42,44,80,31
2,11:30,5v5,S.J,4,w,50,,,ofp,,,,,,,,,,-3,32,20004,10/08/2015,L.A,S.J,,,,15,71,13,2,27,32,,50,89,18,4,80,31
2,10:28,5v5,S.J,12,w,88,,,or,,,,,,,,,,-3,32,20004,10/08/2015,L.A,S.J,,,,Event Not in PBP or >10 Second Difference,Event Not in PBP or >10 Second Difference,Event Not in PBP or >10 Second Difference,Event Not in PBP or >10 Second Difference,Event Not in PBP or >10 Second Difference,Event Not in PBP or >10 Second Difference,,Event Not in PBP or >10 Second Difference,Event Not in PBP or >10 Second Difference,Event Not in PBP or >10 Second Difference,Event Not in PBP or >10 Second Difference,Event Not in PBP or >10 Second Difference,Event Not in PBP or >10 Second Difference
2,10:18,5v5,S.J,42,w,12,,,nsr,,,,y,,,,,,-3,32,20004,10/08/2015,L.A,S.J,,,,11,71,13,2,27,32,,12,39,42,7,88,31
2,8:01,5v4,L.A,17,w,73,6,17,ol,ol,ol,,,,,,,,-3,31,20004,10/08/2015,L.A,S.J,,,,73,17,23,6,27,32,,8,12,4,61,31,0
2,7:25,5v4,L.A,6,w,27,73,17,opl,opl,ol,,,,,,,,-3,31,20004,10/08/2015,L.A,S.J,,,,73,17,23,6,27,32,,8,12,4,61,31,0
2,7:05,5v4,L.A,11,o,77,10,27,orrc,nc,dc,y,,2 on 1,,,,,-3,31,20004,10/08/2015,L.A,S.J,,,,11,77,12,8,10,32,,57,83,7,88,31,0
2,6:25,5v4,L.A,12,o,77,10,12,oelc,nc,dl,y,y,,,,,,-3,31,20004,10/08/2015,L.A,S.J,,,,21,77,12,8,10,32,,39,42,7,88,31,0
2,5:42,5v5,L.A,55,o,21,17,21,oelpc,oelc,oell,,y,,,,,,-3,31,20004,10/08/2015,L.A,S.J,,,,21,17,23,2,55,32,,48,57,89,4,61,31
2,2:35,5v5,L.A,70,w,8,,,nc,,,,,,,,,,-3,31,20004,10/08/2015,L.A,S.J,,,,21,73,70,10,55,32,,50,89,18,44,61,31
2,1:57,5v4,L.A,77,w,8,10,77,oc,opc,opl,,,,,,,,-3,31,20004,10/08/2015,L.A,S.J,,,,Event Not in PBP or >10 Second Difference,Event Not in PBP or >10 Second Difference,Event Not in PBP or >10 Second Difference,Event Not in PBP or >10 Second Difference,Event Not in PBP or >10 Second Difference,Event Not in PBP or >10 Second Difference,,Event Not in PBP or >10 Second Difference,Event Not in PBP or >10 Second Difference,Event Not in PBP or >10 Second Difference,Event Not in PBP or >10 Second Difference,Event Not in PBP or >10 Second Difference,Event Not in PBP or >10 Second Difference
2,1:22,5v4,L.A,11,w,8,11,12,or,opr,oell,,y,,,77,,,-3,31,20004,10/08/2015,L.A,S.J,,,,11,77,12,8,10,32,,39,42,44,61,31,0
2,0:32,5v4,L.A,73,o,17,23,17,orrl,oc,nl,y,y,,,,,,-3,31,20004,10/08/2015,L.A,S.J,,,,73,17,23,6,27,32,,12,57,7,88,31,0
3,19:37,5v5,S.J,88,w,19,27,7,nl,dl,dl,,y,,,,,,-3,32,20004,10/08/2015,L.A,S.J,,,,0,21,22,23,6,8,,8,19,27,7,88,31
3,18:23,5v5,S.J,48,w,61,44,,dc,dr,,,,,,,,,-3,32,20004,10/08/2015,L.A,S.J,,,,0,73,77,70,2,27,,48,57,83,7,88,31
3,18:14,5v5,S.J,7,w,57,48,,ol,oelc,,,,,,,,,-3,32,20004,10/08/2015,L.A,S.J,,,,0,73,77,70,2,27,,48,57,83,7,88,31
3,17:45,5v5,L.A,71,w,15,6,,ol,nl,,,y,,,,,,-3,31,20004,10/08/2015,L.A,S.J,,,,0,15,71,13,6,8,,50,57,83,4,80,31
3,16:44,5v5,S.J,27,o,19,8,,or,oelc,,y,,,,,,,-3,32,20004,10/08/2015,L.A,S.J,,,,0,21,22,23,10,55,,8,19,27,44,61,31
3,16:40,5v5,S.J,8,o,19,,,or,,,,y,,,,,,-3,32,20004,10/08/2015,L.A,S.J,,,,0,21,22,23,10,55,,8,19,27,44,61,31
3,16:32,5v5,S.J,44,o,19,,,ol,,,,,,,,,,-3,32,20004,10/08/2015,L.A,S.J,,,,0,21,22,23,10,55,,8,19,27,44,61,31
3,15:47,5v5,L.A,17,o,11,17,8,ol,ol,dsl,,,,,,,,-4,31,20004,10/08/2015,L.A,S.J,,,,Event Not in PBP or >10 Second Difference,Event Not in PBP or >10 Second Difference,Event Not in PBP or >10 Second Difference,Event Not in PBP or >10 Second Difference,Event Not in PBP or >10 Second Difference,Event Not in PBP or >10 Second Difference,,Event Not in PBP or >10 Second Difference,Event Not in PBP or >10 Second Difference,Event Not in PBP or >10 Second Difference,Event Not in PBP or >10 Second Difference,Event Not in PBP or >10 Second Difference,Event Not in PBP or >10 Second Difference
3,15:30,5v5,L.A,8,w,6,8,,dl,dr,,,,,,,,,-4,31,20004,10/08/2015,L.A,S.J,,,,0,73,77,70,8,27,,48,57,83,4,80,31
3,15:07,5v5,L.A,77,w,70,,,nc,,,,,,,,,,-4,31,20004,10/08/2015,L.A,S.J,,,,0,73,77,70,2,27,,48,57,83,4,61,31
3,14:58,5v5,S.J,2,s,27,71,,opl,opl,,,,,,,,,-4,32,20004,10/08/2015,L.A,S.J,,,,0,15,71,13,2,27,,50,89,18,44,61,31
3,14:37,5v4,S.J,12,w,39,19,,oelr,oelc,,y,y,,,,,,-4,32,20004,10/08/2015,L.A,S.J,,,,0,11,23,6,8,32,,8,12,19,39,88,31
3,14:00,5v4,S.J,8,t,12,19,88,ol,or,oc,y,y,,,,,,-4,32,20004,10/08/2015,L.A,S.J,,,,0,11,23,6,8,32,,8,12,19,39,88,31
3,12:51,5v4,S.J,44,s,80,57,42,opr,oelpr,or,y,,,,,,,-4,32,20004,10/08/2015,L.A,S.J,,,,0,22,70,27,55,32,,48,57,42,44,80,31
3,12:12,5v4,S.J,12,o,19,,,or,,,,y,,,8,,,-4,32,20004,10/08/2015,L.A,S.J,,,,0,11,23,6,8,32,,8,12,19,44,88,31
3,12:04,5v4,S.J,88,o,8,19,,opc,or,,,,,,,,,-4,32,20004,10/08/2015,L.A,S.J,,,,0,11,23,6,8,32,,8,12,19,44,88,31
3,11:47,5v4,S.J,39,b,19,,,or,,,y,y,,,,,,-4,32,20004,10/08/2015,L.A,S.J,,,,0,73,77,27,55,32,,48,57,42,7,80,31
3,11:42,5v4,S.J,80,o,42,,,ofp,,,,,,,,,,-4,32,20004,10/08/2015,L.A,S.J,,,,0,73,77,27,55,32,,48,57,42,7,80,31
3,9:54,5v5,S.J,61,w,19,,,opc,,,,,,,,,,-4,32,20004,10/08/2015,L.A,S.J,,,,0,11,12,17,6,8,,8,19,27,4,61,31
3,9:47,5v5,S.J,4,w,19,27,,opr,or,,,,,,,,,-4,32,20004,10/08/2015,L.A,S.J,,,,0,11,12,17,6,8,,8,19,27,4,61,31
3,9:15,5v5,S.J,42,w,39,42,,orrc,nc,,y,y,3 on 2,,,,,-4,32,20004,10/08/2015,L.A,S.J,,,,0,73,77,17,2,6,,12,39,42,7,88,31
3,8:34,5v4,S.J,39,s,88,8,39,opr,oc,opl,,,,,,,,-4,32,20004,10/08/2015,L.A,S.J,,,,0,22,70,6,8,32,,8,12,19,39,88,31
3,8:22,5v4,S.J,88,w,8,39,88,opc,opl,opr,,,,,,,,-4,32,20004,10/08/2015,L.A,S.J,,,,0,22,70,6,8,32,,8,12,19,39,88,31
3,8:08,5v4,S.J,39,w,8,19,,orrc,ol,,y,y,,,,,,-4,32,20004,10/08/2015,L.A,S.J,,,,0,22,70,6,8,32,,8,12,19,39,88,31
3,7:24,5v4,S.J,44,w,42,57,80,or,nr,dc,,y,,,,,,-4,32,20004,10/08/2015,L.A,S.J,,,,0,71,13,2,55,32,,48,57,42,44,80,31
3,7:14,5v4,S.J,48,w,42,31,,or,dsc,,y,,,,,,,-4,32,20004,10/08/2015,L.A,S.J,,,,0,71,13,2,55,32,,48,57,42,44,80,31
3,6:53,4v5,L.A,77,w,73,8,,dsr,dc,,y,y,,,,,,-4,31,20004,10/08/2015,L.A,S.J,,,,0,73,77,8,55,32,,48,57,42,44,80,31
3,6:09,5v5,L.A,27,w,21,,,opl,,,,,,,,,,-4,31,20004,10/08/2015,L.A,S.J,,,,0,21,71,13,10,27,,50,89,18,7,61,31
3,5:45,5v5,L.A,71,w,21,,,ol,,,,,,,,,,-4,31,20004,10/08/2015,L.A,S.J,,,,Event Not in PBP or >10 Second Difference,Event Not in PBP or >10 Second Difference,Event Not in PBP or >10 Second Difference,Event Not in PBP or >10 Second Difference,Event Not in PBP or >10 Second Difference,Event Not in PBP or >10 Second Difference,,Event Not in PBP or >10 Second Difference,Event Not in PBP or >10 Second Difference,Event Not in PBP or >10 Second Difference,Event Not in PBP or >10 Second Difference,Event Not in PBP or >10 Second Difference,Event Not in PBP or >10 Second Difference
3,5:26,5v5,L.A,27,o,21,12,27,oelpl,ol,ol,,,,,,,,-4,31,20004,10/08/2015,L.A,S.J,,,,0,21,71,13,2,27,,48,57,83,4,80,31
3,4:13,5v5,L.A,23,w,11,,,dl,,,,y,,,,,,-4,31,20004,10/08/2015,L.A,S.J,,,,0,11,17,23,6,10,,50,89,18,44,61,31
3,3:16,5v3,L.A,8,o,12,10,8,oelr,oelc,oc,,y,,,,,,-4,31,20004,10/08/2015,L.A,S.J,,,,0,11,77,12,8,10,,50,4,61,31,0,0
3,2:59,5v3,L.A,10,o,11,10,8,orrc,oc,opl,y,y,,,,,,-4,31,20004,10/08/2015,L.A,S.J,,,,0,11,77,12,8,10,,50,4,61,31,0,0
3,2:43,5v3,L.A,10,o,8,10,11,oprrc,opc,opr,y,y,,,,,,-4,31,20004,10/08/2015,L.A,S.J,,,,Event Not in PBP or >10 Second Difference,Event Not in PBP or >10 Second Difference,Event Not in PBP or >10 Second Difference,Event Not in PBP or >10 Second Difference,Event Not in PBP or >10 Second Difference,Event Not in PBP or >10 Second Difference,,Event Not in PBP or >10 Second Difference,Event Not in PBP or >10 Second Difference,Event Not in PBP or >10 Second Difference,Event Not in PBP or >10 Second Difference,Event Not in PBP or >10 Second Difference,Event Not in PBP or >10 Second Difference
3,1:55,5v4,L.A,11,o,77,11,10,oc,ol,oc,y,,,,,,,-4,31,20004,10/08/2015,L.A,S.J,,,,0,11,77,12,8,10,,18,83,7,88,31,0
1,16:59,5v5,L.A,23,w,12,3,,oc,nr,,y,y,,,,,,0,30,20045,10/13/2015,L.A,VAN,32,30,,11,12,23,3,8,32,,33,14,22,2,44,30
1,16:53,5v5,L.A,17,s,10,77,,oc,ofp,,,,,,,,,0,30,20045,10/13/2015,L.A,VAN,,32,,73,77,17,6,10,32,,53,17,47,8,23,30
1,15:54,5v5,VAN,27,w,18,,,opl,,,,,,,,,,0,32,20045,10/13/2015,L.A,VAN,,,,21,22,70,2,27,32,,21,15,18,5,27,30
1,15:29,5v5,L.A,27,o,21,,,opr,,,,,,,,,,0,30,20045,10/13/2015,L.A,VAN,,,,21,22,70,2,27,32,,21,15,18,5,27,30
1,14:19,5v5,VAN,22,w,33,2,,orrl,dsl,,,,,,,,,0,32,20045,10/13/2015,L.A,VAN,,,,77,12,23,3,8,32,,33,36,22,8,23,30
1,12:54,5v5,VAN,18,w,23,8,,dsl,dr,,y,y,,,,,,0,32,20045,10/13/2015,L.A,VAN,,,,11,71,13,2,27,32,,21,15,18,8,23,30
1,12:47,5v5,VAN,22,w,14,,,oc,,,,y,,,,,,0,32,20045,10/13/2015,L.A,VAN,,,,11,12,23,3,8,32,,33,14,22,2,44,30
1,12:17,5v5,VAN,44,w,33,22,,opr,oelc,,,,,,,,,0,32,20045,10/13/2015,L.A,VAN,,,,11,12,23,3,8,32,,33,14,22,2,44,30
1,9:52,5v5,L.A,3,w,8,3,28,or,oc,or,,y,,,,,,0,30,20045,10/13/2015,L.A,VAN,,,,15,71,13,3,8,32,,21,15,18,2,44,30
1,9:37,5v5,L.A,15,w,13,15,3,nl,dc,dc,,,,,,,,0,30,20045,10/13/2015,L.A,VAN,,,,15,71,13,3,8,32,,21,15,18,2,5,30
1,7:03,5v5,VAN,17,s,53,23,9,nc,dc,dr,,y,,,,,,0,32,20045,10/13/2015,L.A,VAN,,,,73,77,17,3,8,32,,53,17,9,5,23,30
1,6:02,5v5,L.A,13,o,6,,,ol,,,,,,,,,,0,30,20045,10/13/2015,L.A,VAN,,,,11,71,13,6,10,32,,21,15,18,5,27,30
1,5:49,5v5,L.A,6,w,11,,,opl,,,,,,,13,,,0,30,20045,10/13/2015,L.A,VAN,,,,11,71,13,6,10,32,,21,15,18,5,27,30
1,5:20,5v5,L.A,23,w,12,6,,dl,dl,,,y,,,,,,0,30,20045,10/13/2015,L.A,VAN,,,,11,12,23,3,8,32,,33,14,22,8,23,30
1,5:18,5v5,L.A,12,w,11,,,of,,,y,y,,,,,,0,30,20045,10/13/2015,L.A,VAN,,,,11,12,23,3,8,32,,33,14,22,8,23,30
1,4:51,5v5,VAN,22,w,33,,,nc,,,,y,3 on 2,,,,,0,32,20045,10/13/2015,L.A,VAN,,,,11,12,23,3,8,32,,33,14,22,8,23,30
1,4:47,5v5,VAN,47,w,2,24,,ol,of,,y,y,,,,,,0,32,20045,10/13/2015,L.A,VAN,,,,21,22,70,6,10,32,,24,36,47,2,44,30
1,4:00,5v5,L.A,10,w,77,73,,opr,oc,,,,,,,,,0,30,20045,10/13/2015,L.A,VAN,,,,73,77,17,6,10,32,,53,17,9,8,23,30
1,3:16,5v5,L.A,71,w,13,27,15,nl,dl,dr,,,,,,,,0,30,20045,10/13/2015,L.A,VAN,,,,15,71,13,2,27,32,,21,15,18,5,27,30
1,2:56,5v5,VAN,15,w,18,5,,dr,dr,,y,y,3 on 1,,,,,0,32,20045,10/13/2015,L.A,VAN,,,,15,71,13,2,27,32,,21,15,18,2,44,30
1,2:41,5v5,VAN,22,o,33,22,,ol,oelr,,y,y,,,,,,0,32,20045,10/13/2015,L.A,VAN,,,,11,12,23,3,8,32,,33,14,22,2,44,30
1,2:15,5v5,L.A,11,w,3,23,,ol,opl,,y,y,,,,,,0,30,20045,10/13/2015,L.A,VAN,,,,11,12,23,3,8,32,,33,14,22,2,44,30
1,1:01,5v5,VAN,17,o,9,53,5,oelc,or,dsc,,y,,,,,,0,32,20045,10/13/2015,L.A,VAN,,,,73,77,17,2,27,32,,53,17,9,5,27,30
1,0:58,5v5,VAN,5,w,9,,,opl,,,,,,,,,,0,32,20045,10/13/2015,L.A,VAN,,,,73,77,17,2,27,32,,53,17,9,5,27,30
2,19:33,5v5,L.A,11,w,3,8,,ol,oelpc,,,,,,,,,0,30,20045,10/13/2015,L.A,VAN,,,,11,12,23,3,8,32,,33,14,22,8,23,30
2,19:13,5v5,L.A,6,w,10,,,oc,,,,,,,,,,0,30,20045,10/13/2015,L.A,VAN,,,,73,77,17,6,10,32,,53,17,9,2,44,30
2,19:03,5v5,VAN,9,o,53,,,oelc,,,y,y,,,,,,0,32,20045,10/13/2015,L.A,VAN,,,,73,77,17,6,10,32,,53,17,9,2,44,30
2,17:35,5v5,VAN,23,o,18,,,opl,,,y,y,,,,,,0,32,20045,10/13/2015,L.A,VAN,,,,21,22,70,2,27,32,,21,15,18,8,23,30
2,17:09,5v5,VAN,24,w,47,23,,or,dr,,y,y,,,,,,0,32,20045,10/13/2015,L.A,VAN,,,,15,71,13,2,3,32,,24,36,47,8,23,30
2,16:34,5v4,VAN,17,o,33,21,17,orrc,or,dl,y,,,,,,,0,32,20045,10/13/2015,L.A,VAN,,,,11,23,3,8,32,0,,21,33,17,22,23,30
2,15:10,5v4,VAN,47,s,8,,,orrr,,,y,y,,,,,,0,32,20045,10/13/2015,L.A,VAN,,,,77,13,6,10,32,0,,53,14,47,8,27,30
2,14:47,5v5,VAN,24,o,9,44,,orrl,oc,,y,y,,y,,,,0,32,20045,10/13/2015,L.A,VAN,,,,15,71,13,6,10,32,,24,36,9,2,44,30
2,14:15,5v5,VAN,15,s,21,,,ol,,,,,,,,,,-1,32,20045,10/13/2015,L.A,VAN,,,,11,12,23,2,27,32,,21,15,18,8,23,30
2,13:17,5v4,VAN,23,w,33,22,17,opr,oelc,oell,,,,,,,,-1,32,20045,10/13/2015,L.A,VAN,,,,Event Not in PBP or >10 Second Difference,Event Not in PBP or >10 Second Difference,Event Not in PBP or >10 Second Difference,Event Not in PBP or >10 Second Difference,Event Not in PBP or >10 Second Difference,Event Not in PBP or >10 Second Difference,,Event Not in PBP or >10 Second Difference,Event Not in PBP or >10 Second Difference,Event Not in PBP or >10 Second Difference,Event Not in PBP or >10 Second Difference,Event Not in PBP or >10 Second Difference,Event Not in PBP or >10 Second Difference
2,12:05,5v3,VAN,23,w,21,23,17,ol,oc,opl,,,,,,,,-1,32,20045,10/13/2015,L.A,VAN,,,,22,10,27,32,0,0,,21,33,17,22,23,30
2,11:59,5v3,VAN,17,o,22,33,17,orrc,oelr,ol,y,,,,,,,-1,32,20045,10/13/2015,L.A,VAN,,,,22,10,27,32,0,0,,21,33,17,22,23,30
2,10:09,5v5,L.A,71,w,21,,,or,,,,y,,,,,,-1,30,20045,10/13/2015,L.A,VAN,,,,Event Not in PBP or >10 Second Difference,Event Not in PBP or >10 Second Difference,Event Not in PBP or >10 Second Difference,Event Not in PBP or >10 Second Difference,Event Not in PBP or >10 Second Difference,Event Not in PBP or >10 Second Difference,,Event Not in PBP or >10 Second Difference,Event Not in PBP or >10 Second Difference,Event Not in PBP or >10 Second Difference,Event Not in PBP or >10 Second Difference,Event Not in PBP or >10 Second Difference,Event Not in PBP or >10 Second Difference
2,8:38,5v5,VAN,14,w,33,23,,dl,dl,,y,y,,,8,,,-1,32,20045,10/13/2015,L.A,VAN,,,,73,77,17,6,10,32,,33,14,22,8,23,30
2,7:28,5v5,L.A,6,w,11,,,ol,,,,,,,,,,-1,30,20045,10/13/2015,L.A,VAN,,,,11,12,23,6,10,32,,21,15,18,5,27,30
2,7:18,5v5,L.A,12,o,6,10,,ol,opr,,,,,,,,,-1,30,20045,10/13/2015,L.A,VAN,,,,11,12,23,6,10,32,,21,15,18,5,27,30
2,6:37,5v5,VAN,23,s,33,14,,oprrr,oelr,,,y,,y,,,,-1,32,20045,10/13/2015,L.A,VAN,,,,11,22,70,6,10,32,,33,14,22,8,23,30
2,6:10,5v5,L.A,73,w,77,,,of,,,,,,,,,,-2,30,20045,10/13/2015,L.A,VAN,,,,73,77,17,8,27,32,,24,36,47,2,44,30
2,6:04,5v5,L.A,27,s,27,73,,or,opr,,,,,,,,,-2,30,20045,10/13/2015,L.A,VAN,,,,73,77,17,8,27,32,,24,36,47,2,44,30
2,5:54,5v5,L.A,77,w,73,27,,opl,ol,,,y,,,,,,-2,30,20045,10/13/2015,L.A,VAN,,,,73,77,17,8,27,32,,24,36,47,2,44,30
2,5:37,5v5,VAN,33,b,22,33,,oelr,oelr,,y,y,,,22,y,,-2,32,20045,10/13/2015,L.A,VAN,,,,73,77,17,8,27,32,,33,36,22,8,23,30
2,5:24,5v5,VAN,14,w,22,,,oelr,,,y,y,,,,,,-2,32,20045,10/13/2015,L.A,VAN,,,,73,77,17,8,27,32,,33,14,22,8,23,30
2,4:27,5v5,L.A,6,w,15,,,of,,,,y,,,,,,-2,30,20045,10/13/2015,L.A,VAN,,,,15,71,13,6,10,32,,21,15,36,2,44,30
2,4:09,5v4,VAN,33,t,23,21,,oc,opl,,,,,,,,,-2,32,20045,10/13/2015,L.A,VAN,,,,11,77,3,8,32,0,,21,33,17,22,23,30
2,3:24,5v4,VAN,17,w,33,23,33,orrc,oc,or,y,y,,,,,,-2,32,20045,10/13/2015,L.A,VAN,,,,73,77,3,8,32,0,,21,33,17,22,23,30
2,3:14,5v4,VAN,53,o,47,8,,ol,ol,,y,,,,,,,-2,32,20045,10/13/2015,L.A,VAN,,,,11,22,6,27,32,0,,53,14,47,8,27,30
2,2:28,5v4,VAN,23,o,27,23,14,ol,or,opr,,,,,,,,-2,32,20045,10/13/2015,L.A,VAN,,,,21,70,3,8,32,0,,53,14,47,23,27,30
2,1:53,5v5,VAN,36,w,23,,,dsl,,,y,y,1 on 0,,,,,-2,32,20045,10/13/2015,L.A,VAN,,,,73,77,70,3,8,32,,24,36,9,5,23,30
2,1:17,5v5,VAN,21,w,33,,,orrl,,,y,,,,,,,-2,32,20045,10/13/2015,L.A,VAN,,,,11,12,23,3,8,32,,21,33,22,8,23,30
2,0:59,5v5,VAN,22,w,8,23,8,or,ol,or,,,,,,,,-2,32,20045,10/13/2015,L.A,VAN,,,,Event Not in PBP or >10 Second Difference,Event Not in PBP or >10 Second Difference,Event Not in PBP or >10 Second Difference,Event Not in PBP or >10 Second Difference,Event Not in PBP or >10 Second Difference,Event Not in PBP or >10 Second Difference,,Event Not in PBP or >10 Second Difference,Event Not in PBP or >10 Second Difference,Event Not in PBP or >10 Second Difference,Event Not in PBP or >10 Second Difference,Event Not in PBP or >10 Second Difference,Event Not in PBP or >10 Second Difference
2,0:33,5v5,L.A,6,o,23,10,,oelc,oc,,y,,,,,,,-2,30,20045,10/13/2015,L.A,VAN,,,,21,23,70,6,27,32,,53,17,36,5,27,30
2,0:02,5v5,L.A,27,o,6,21,70,opl,orrr,or,,,,,,,,-2,30,20045,10/13/2015,L.A,VAN,,,,21,22,70,6,27,32,,53,17,36,5,27,30
3,19:44,5v5,L.A,23,w,11,3,,dl,dl,,,,,,,,,-2,30,20045,10/13/2015,L.A,VAN,,,,11,12,23,3,8,32,,33,14,22,8,23,30
3,19:37,5v5,L.A,8,w,3,11,12,ol,opl,ol,,,,,,,,-2,30,20045,10/13/2015,L.A,VAN,,,,11,12,23,3,8,32,,33,14,22,8,23,30
3,19:31,5v5,L.A,12,w,23,3,,ol,ol,,y,y,,,8,,,-2,30,20045,10/13/2015,L.A,VAN,,,,11,12,23,3,8,32,,33,14,22,8,23,30
3,18:02,5v5,L.A,21,w,70,3,27,ol,dsl,dr,,,,,,,,-2,30,20045,10/13/2015,L.A,VAN,,,,21,22,70,6,27,32,,33,14,22,8,23,30
3,16:50,5v5,L.A,8,w,11,,,ofp,,,,,,,,,,-2,30,20045,10/13/2015,L.A,VAN,,,,11,12,23,3,8,32,,21,15,36,8,23,30
3,15:12,4v5,VAN,53,w,36,,,orrl,,,y,y,2 on 1,,,,,-2,32,20045,10/13/2015,L.A,VAN,,,,11,77,12,8,27,32,,53,36,8,23,30,0
3,14:47,5v4,L.A,27,s,8,,,or,,,,y,,,,,,-2,30,20045,10/13/2015,L.A,VAN,,,,11,77,12,8,27,32,,53,36,8,23,30,0
3,13:28,5v5,L.A,8,s,70,10,70,oprrl,ol,oelpl,,,,,,,,-2,30,20045,10/13/2015,L.A,VAN,,,,21,22,70,8,10,32,,24,9,14,27,44,30
3,12:00,5v4,L.A,11,w,8,11,,oc,opl,,y,y,,,,,,-2,30,20045,10/13/2015,L.A,VAN,,,,11,77,12,8,27,32,,21,14,2,5,30,0
3,11:33,5v4,L.A,10,s,6,73,6,or,ol,oc,,,,,,,,-2,30,20045,10/13/2015,L.A,VAN,,,,Event Not in PBP or >10 Second Difference,Event Not in PBP or >10 Second Difference,Event Not in PBP or >10 Second Difference,Event Not in PBP or >10 Second Difference,Event Not in PBP or >10 Second Difference,Event Not in PBP or >10 Second Difference,,Event Not in PBP or >10 Second Difference,Event Not in PBP or >10 Second Difference,Event Not in PBP or >10 Second Difference,Event Not in PBP or >10 Second Difference,Event Not in PBP or >10 Second Difference,Event Not in PBP or >10 Second Difference
3,11:09,5v4,L.A,10,o,6,73,,ol,opl,,,,,,,,,-2,30,20045,10/13/2015,L.A,VAN,,,,73,17,23,6,10,32,,53,36,8,23,30,0
3,11:01,5v4,L.A,6,w,73,23,,opl,ol,,,,,,,,,-2,30,20045,10/13/2015,L.A,VAN,,,,73,17,23,6,10,32,,53,36,8,23,30,0
3,10:12,5v4,L.A,27,w,11,,,opl,,,,,,,,,,-2,30,20045,10/13/2015,L.A,VAN,,,,Event Not in PBP or >10 Second Difference,Event Not in PBP or >10 Second Difference,Event Not in PBP or >10 Second Difference,Event Not in PBP or >10 Second Difference,Event Not in PBP or >10 Second Difference,Event Not in PBP or >10 Second Difference,,Event Not in PBP or >10 Second Difference,Event Not in PBP or >10 Second Difference,Event Not in PBP or >10 Second Difference,Event Not in PBP or >10 Second Difference,Event Not in PBP or >10 Second Difference,Event Not in PBP or >10 Second Difference
3,8:31,5v5,L.A,22,w,8,70,,nc,dl,,,,,,,,,-2,30,20045,10/13/2015,L.A,VAN,,,,21,22,70,3,8,32,,33,17,22,27,44,30
3,8:06,5v5,L.A,70,w,6,3,,orrc,dr,,y,y,,,,,,-2,30,20045,10/13/2015,L.A,VAN,,,,21,22,70,3,8,32,,15,24,36,5,27,30
3,7:31,5v5,L.A,71,w,27,,,oc,,,,,,,,,,-2,30,20045,10/13/2015,L.A,VAN,,,,15,71,13,6,27,32,,53,17,9,8,23,30
3,4:30,5v5,L.A,27,s,8,,,oc,,,,,,,,,,-2,30,20045,10/13/2015,L.A,VAN,,,,21,22,70,8,27,32,,21,33,22,2,44,30
3,3:18,5v5,L.A,11,o,23,,,oelc,,,y,y,,,,,,-2,30,20045,10/13/2015,L.A,VAN,,,,73,77,17,70,8,27,,15,24,36,5,27,30
3,3:13,6v5,L.A,27,s,77,,,ofp,,,,,,,,,,-2,30,20045,10/13/2015,L.A,VAN,,,,73,77,17,70,8,27,,15,24,36,5,27,30
3,2:39,5v6,VAN,15,w,36,,,nc,,,,y,,y,,,,-2,32,20045,10/13/2015,L.A,VAN,,,,73,77,17,70,8,27,,15,24,36,23,27,30
3,1:30,5v5,VAN,17,w,5,,,dc,,,,y,,,,,,-3,32,20045,10/13/2015,L.A,VAN,,,,21,22,71,2,27,32,,53,17,14,5,27,30
3,1:13,5v5,VAN,36,s,23,36,24,ol,opl,of,,y,,,,,,-3,32,20045,10/13/2015,L.A,VAN,,,,21,22,71,2,27,32,,15,24,36,8,23,30
1,19:12,5v5,S.J,61,w,19,83,,nl,nl,,,y,,,,,,0,1,20099,10/22/2015,S.J,L.A,31,1,,11,12,23,6,27,1,,8,19,83,44,61,31
1,19:02,5v5,S.J,83,t,61,8,19,or,opc,of,,,,,,,,0,1,20099,10/22/2015,S.J,L.A,32,32,,21,22,70,3,8,1,,8,19,83,41,80,31
1,18:22,5v5,S.J,61,o,57,,,opr,,,,y,,,,,,0,1,20099,10/22/2015,S.J,L.A,,,,21,22,70,3,8,1,,50,57,89,44,61,31
1,18:03,5v5,S.J,57,w,50,89,44,nc,dl,dc,,y,,,,,,0,1,20099,10/22/2015,S.J,L.A,,,,21,12,70,5,10,1,,50,57,89,44,61,31
1,17:49,5v5,L.A,12,w,11,,,oc,,,y,,,,,,,0,31,20099,10/22/2015,S.J,L.A,,,,11,12,23,5,10,1,,50,57,89,44,61,31
1,17:39,5v5,L.A,23,t,10,,,ol,,,y,y,,,,,,0,31,20099,10/22/2015,S.J,L.A,,,,11,12,23,10,27,1,,50,57,89,44,61,31
1,16:53,5v5,L.A,77,w,71,,,or,,,,,,,,,,0,31,20099,10/22/2015,S.J,L.A,,,,71,77,17,3,8,1,,12,48,18,41,88,31
1,16:29,5v5,L.A,77,w,73,17,3,nc,dl,dc,,y,,,,,,0,31,20099,10/22/2015,S.J,L.A,,,,73,77,17,3,8,1,,12,48,42,44,61,31
1,15:45,5v5,L.A,27,w,21,,,ofp,,,,,,,,,,0,31,20099,10/22/2015,S.J,L.A,,,,21,22,70,6,27,1,,50,57,89,41,80,31
1,13:49,5v5,L.A,73,s,77,,,ol,,,,,,,,,,0,31,20099,10/22/2015,S.J,L.A,,,,73,77,17,5,10,1,,38,18,11,4,88,31
1,13:27,5v5,L.A,10,w,5,10,,or,dl,,,y,,,,,,0,31,20099,10/22/2015,S.J,L.A,,,,73,77,17,5,10,1,,38,42,11,4,88,31
1,13:18,5v5,L.A,73,t,10,,,ol,,,y,,,,,,,0,31,20099,10/22/2015,S.J,L.A,,,,73,77,17,5,10,1,,38,42,11,4,88,31
1,13:07,5v5,S.J,42,w,12,7,88,nl,ol,or,y,,,,,,,0,1,20099,10/22/2015,S.J,L.A,,,,73,77,17,6,27,1,,12,48,42,4,88,31
1,12:47,5v5,S.J,42,w,12,,,or,,,y,y,,,,,,0,1,20099,10/22/2015,S.J,L.A,,,,73,77,17,6,27,1,,12,48,42,4,88,31
1,12:41,5v5,S.J,83,t,41,8,,oc,ofp,,y,y,,,8,y,,0,1,20099,10/22/2015,S.J,L.A,,,,15,71,13,3,8,1,,8,19,83,41,80,31
1,11:55,5v5,L.A,23,w,70,3,8,nl,dl,dr,,y,,,,,,0,31,20099,10/22/2015,S.J,L.A,,,,11,12,23,5,10,1,,50,57,89,44,61,31
1,11:28,5v5,L.A,12,w,5,12,,nc,dl,,,,,,,,,0,31,20099,10/22/2015,S.J,L.A,,,,11,12,23,5,10,1,,50,57,89,44,61,31
1,9:11,5v5,L.A,11,o,23,11,,orrl,dr,,y,,,,,,,0,31,20099,10/22/2015,S.J,L.A,,,,11,12,23,3,8,1,,8,19,83,44,61,31
1,8:45,5v5,L.A,8,w,3,,,dr,,,,y,,,,,,0,31,20099,10/22/2015,S.J,L.A,,,,77,17,23,6,8,1,,50,57,83,44,61,31
1,8:34,5v5,S.J,50,w,89,,,oc,,,y,y,,,,,,0,1,20099,10/22/2015,S.J,L.A,,,,73,77,17,6,27,1,,50,57,89,4,88,31
1,8:24,5v5,L.A,73,w,27,77,,dsl,df,,y,y,,y,,,,0,31,20099,10/22/2015,S.J,L.A,,,,73,77,17,6,27,1,,50,57,89,4,88,31
1,7:46,5v5,S.J,19,w,8,80,41,nsr,dr,dl,y,y,,,,,,-1,1,20099,10/22/2015,S.J,L.A,,,,15,71,13,5,10,1,,8,19,83,41,80,31
1,7:42,5v4,S.J,88,w,8,,,ofp,,,,y,,,,,,-1,1,20099,10/22/2015,S.J,L.A,,,,11,23,3,8,1,0,,8,12,19,80,88,31
1,7:19,5v4,S.J,80,o,88,8,19,opr,opc,or,,y,,,,,,-1,1,20099,10/22/2015,S.J,L.A,,,,11,23,3,8,1,0,,8,12,19,80,88,31
1,6:42,4v5,L.A,6,o,77,,,opl,,,,,,,,,,-1,31,20099,10/22/2015,S.J,L.A,,,,77,70,6,27,1,0,,8,12,19,80,88,31
1,5:41,5v5,S.J,83,b,44,19,8,oc,opr,or,y,y,,,,,,-1,1,20099,10/22/2015,S.J,L.A,,,,15,71,13,3,8,1,,8,19,83,44,61,31
1,5:16,5v5,S.J,8,w,19,,,or,,,y,,,,,,,-1,1,20099,10/22/2015,S.J,L.A,,,,21,22,70,3,8,1,,8,19,83,41,80,31
1,5:08,5v5,S.J,61,w,57,,,ofp,,,,,,,,,,-1,1,20099,10/22/2015,S.J,L.A,,,,11,12,23,6,27,1,,50,57,89,44,61,31
1,3:45,5v4,S.J,88,w,8,,,ofp,,,,y,,,,,,-1,1,20099,10/22/2015,S.J,L.A,,,,11,77,3,8,1,0,,8,12,19,80,88,31
1,3:37,5v4,S.J,8,t,88,8,,or,opr,,y,,,,,,,-1,1,20099,10/22/2015,S.J,L.A,,,,11,77,3,8,1,0,,8,12,19,80,88,31
1,3:21,5v4,S.J,8,o,19,88,80,or,oelr,opl,y,y,,,,,,-1,1,20099,10/22/2015,S.J,L.A,,,,11,77,3,8,1,0,,8,12,19,80,88,31
1,0:28,5v4,L.A,17,t,10,77,17,oc,opr,dr,y,y,,y,,,,-1,31,20099,10/22/2015,S.J,L.A,,,,73,77,17,10,27,1,,42,83,44,61,31,0
1,0:10,5v5,S.J,88,w,48,42,,opc,of,,,y,,,,,,-2,1,20099,10/22/2015,S.J,L.A,,,,11,12,23,3,8,1,,12,48,42,4,88,31
2,18:57,5v5,L.A,23,w,12,,,oc,,,,y,,,,,,-2,31,20099,10/22/2015,S.J,L.A,,,,11,12,23,3,8,1,,8,57,83,4,88,31
2,18:35,5v5,L.A,3,o,23,12,8,opl,nr,nr,,,,,,,,-2,31,20099,10/22/2015,S.J,L.A,,,,11,12,23,3,8,1,,8,57,83,44,61,31
2,17:44,5v5,S.J,80,o,41,,,opr,,,,,,,,,,-2,1,20099,10/22/2015,S.J,L.A,,,,21,22,70,5,10,1,,50,89,42,41,80,31
2,16:15,5v5,L.A,77,w,8,,,dc,,,y,y,2 on 1,y,,,,-2,31,20099,10/22/2015,S.J,L.A,,,,73,77,17,6,8,1,,8,12,19,44,61,31
2,15:49,5v5,S.J,61,o,83,8,,opr,oelr,,,,,,,,,-3,1,20099,10/22/2015,S.J,L.A,,,,11,12,23,3,8,1,,8,19,83,44,61,31
2,15:36,5v5,L.A,70,w,22,70,,nc,dl,,y,y,,,,,,-3,31,20099,10/22/2015,S.J,L.A,,,,21,22,70,6,27,1,,50,57,89,41,80,31
2,15:31,5v5,L.A,10,w,22,,,opl,,,,,,,,,,-3,31,20099,10/22/2015,S.J,L.A,,,,21,22,70,6,27,1,,50,57,89,41,80,31
2,15:25,5v5,L.A,22,w,5,,,or,,,,,,,,,,-3,31,20099,10/22/2015,S.J,L.A,,,,21,22,70,5,10,1,,50,57,89,41,80,31
2,15:06,5v5,L.A,70,w,21,,,or,,,y,y,,,,,,-3,31,20099,10/22/15,S.J,L.A,,,,21,22,70,5,10,1,,50,57,89,41,80,31
2,14:51,5v5,L.A,22,w,70,5,,or,dc,,y,y,,,,,,-3,31,20099,10/22/15,S.J,L.A,,,,Event Not in PBP or >10 Second Difference,Event Not in PBP or >10 Second Difference,Event Not in PBP or >10 Second Difference,Event Not in PBP or >10 Second Difference,Event Not in PBP or >10 Second Difference,Event Not in PBP or >10 Second Difference,,Event Not in PBP or >10 Second Difference,Event Not in PBP or >10 Second Difference,Event Not in PBP or >10 Second Difference,Event Not in PBP or >10 Second Difference,Event Not in PBP or >10 Second Difference,Event Not in PBP or >10 Second Difference
2,15:36,5v5,L.A,6,w,73,,,oelpl,,,,y,,,,,,-3,31,20099,10/22/15,S.J,L.A,,,,21,22,70,6,27,1,,50,57,89,41,80,31
2,14:23,5v5,L.A,6,w,73,27,,opc,or,,,,,,,,,-3,31,20099,10/22/15,S.J,L.A,,,,73,77,17,6,27,1,,48,89,42,41,88,31
2,12:54,5v4,L.A,77,w,73,27,1,oc,dl,dc,,y,,,,,,-3,31,20099,10/22/15,S.J,L.A,,,,73,77,17,8,27,1,,8,11,4,88,31,0
2,12:33,5v4,L.A,10,s,27,,,opr,,,,,,,,,,-3,31,20099,10/22/15,S.J,L.A,,,,73,77,17,10,27,1,,8,11,4,88,31,0
2,12:16,5v4,L.A,21,s,22,27,10,oc,dl,dc,,y,,,,,,-3,31,20099,10/22/15,S.J,L.A,,,,21,22,70,3,10,1,,12,42,44,61,31,0
2,9:54,5v5,L.A,8,w,11,,,nc,,,,,,,,,,-3,31,20099,10/22/15,S.J,L.A,,,,11,12,23,3,8,1,,38,18,11,4,88,31
2,9:42,5v5,L.A,8,s,3,12,23,opr,opl,ol,,,,,,,,-3,31,20099,10/22/15,S.J,L.A,,,,11,12,23,3,8,1,,38,18,11,4,88,31
2,9:34,5v5,L.A,5,w,12,23,,opl,oelc,,,,,,,,,-3,31,20099,10/22/15,S.J,L.A,,,,11,12,23,3,8,1,,38,18,11,4,88,31
2,8:51,5v5,S.J,12,w,48,4,42,ol,dc,dr,,y,,,,,,-3,1,20099,10/22/15,S.J,L.A,,,,73,77,17,6,27,1,,12,48,42,4,88,31
2,8:04,5v5,L.A,22,w,8,,,dsc,,,y,y,,,,,,-3,31,20099,10/22/15,S.J,L.A,,,,21,22,70,3,8,1,,50,57,83,44,61,31
2,7:22,5v4,L.A,10,o,27,73,,opl,opl,,,,,,,,,-3,31,20099,10/22/15,S.J,L.A,,,,73,77,17,10,27,1,,50,89,4,88,31,0
2,6:16,4v4,L.A,22,w,6,11,,dl,nc,,,,,,,,,-3,31,20099,10/22/15,S.J,L.A,,,,21,22,6,10,1,0,,12,50,44,61,31,0
2,6:07,4v4,L.A,22,o,21,,,of,,,y,y,,,,,,-3,31,20099,10/22/15,S.J,L.A,,,,21,22,6,10,1,0,,12,50,44,61,31,0
2,5:02,5v5,S.J,8,b,88,80,,dsc,dl,,y,y,1 on 0,,,,,-3,1,20099,10/22/15,S.J,L.A,,,,73,77,3,8,27,1,,8,19,42,80,88,31
2,4:58,5v5,S.J,4,o,88,19,,dsl,ofp,,,,,,,,,-3,1,20099,10/22/15,S.J,L.A,,,,73,77,3,8,27,1,,8,19,42,80,88,31
2,4:54,5v5,S.J,42,o,8,,,oelrrc,,,y,y,,y,,,,-3,1,20099,10/22/15,S.J,L.A,,,,73,77,17,3,8,1,,8,19,42,4,88,31
2,4:34,5v5,L.A,6,w,17,77,73,opl,ol,ol,,y,,,,,,-2,31,20099,10/22/15,S.J,L.A,,,,73,77,17,6,27,1,,8,19,42,4,88,31
2,3:27,5v5,S.J,57,b,48,,,nc,,,y,y,,,,,,-2,1,20099,10/22/15,S.J,L.A,,,,11,12,23,5,10,1,,12,48,57,44,61,31
2,3:14,5v4,S.J,88,s,19,,,ofp,,,,y,,,,,,-2,1,20099,10/22/15,S.J,L.A,,,,11,21,3,8,1,0,,8,12,19,80,88,31
2,2:20,5v4,S.J,88,w,44,57,12,opl,oelpl,oelr,,,,,,,,-2,1,20099,10/22/15,S.J,L.A,,,,22,70,6,27,1,0,,12,19,57,44,88,31
2,1:47,5v3,S.J,80,o,88,12,,opr,opc,,,y,,,,,,-2,1,20099,10/22/15,S.J,L.A,,,,11,6,8,1,0,0,,8,12,19,80,88,31
2,1:27,5v3,S.J,88,w,8,,,oc,,,y,y,,,,,,-2,1,20099,10/22/15,S.J,L.A,,,,11,6,8,1,0,0,,8,12,19,80,88,31
2,1:18,5v3,S.J,12,w,8,12,80,oc,opl,ol,y,y,,,,,,-2,1,20099,10/22/15,S.J,L.A,,,,11,5,6,8,1,0,,8,12,19,80,88,31
2,0:57,5v4,S.J,88,o,12,19,88,opr,or,oc,,,,,,,,-2,1,20099,10/22/15,S.J,L.A,,,,73,77,6,27,1,0,,8,12,19,80,88,31
2,0:50,5v4,S.J,8,t,88,12,,oc,opr,,y,,,,,,,-2,1,20099,10/22/15,S.J,L.A,,,,73,77,6,27,1,0,,8,12,19,80,88,31
3,19:35,5v5,L.A,23,w,11,12,,oc,ol,,y,y,,,,,,-2,31,20099,10/22/15,S.J,L.A,,,,11,12,23,6,27,1,,8,12,19,4,88,31
3,19:30,5v5,L.A,23,w,6,,,ol,,,,,,,,,,-2,31,20099,10/22/15,S.J,L.A,,,,11,12,23,6,27,1,,8,12,19,4,88,31
3,18:32,5v5,L.A,73,b,77,3,17,oc,nl,dl,y,y,,,,,,-2,31,20099,10/22/15,S.J,L.A,,,,73,77,17,3,5,1,,48,18,83,44,61,31
3,18:26,5v5,L.A,5,o,77,,,opc,,,,,,,,,,-2,31,20099,10/22/15,S.J,L.A,,,,73,77,17,5,10,1,,50,18,83,44,61,31
3,17:11,5v5,L.A,27,o,11,23,11,opl,or,oelc,,,,,,,,-2,31,20099,10/22/15,S.J,L.A,,,,Event Not in PBP or >10 Second Difference,Event Not in PBP or >10 Second Difference,Event Not in PBP or >10 Second Difference,Event Not in PBP or >10 Second Difference,Event Not in PBP or >10 Second Difference,Event Not in PBP or >10 Second Difference,,Event Not in PBP or >10 Second Difference,Event Not in PBP or >10 Second Difference,Event Not in PBP or >10 Second Difference,Event Not in PBP or >10 Second Difference,Event Not in PBP or >10 Second Difference,Event Not in PBP or >10 Second Difference
3,16:43,5v5,L.A,13,w,11,6,27,oc,dc,dr,,y,,,,,,-2,31,20099,10/22/15,S.J,L.A,,,,11,71,13,3,8,1,,38,89,11,44,61,31
3,16:22,5v5,S.J,18,w,18,41,,nc,dl,,y,,,,,,,-2,1,20099,10/22/15,S.J,L.A,,,,15,71,13,5,10,1,,48,18,83,41,80,31
3,15:05,5v5,S.J,88,w,4,57,,opr,opr,,,y,,,,,,-2,1,20099,10/22/15,S.J,L.A,,,,73,77,17,3,8,1,,12,50,57,4,88,31
3,12:35,5v5,S.J,88,s,19,8,,opc,of,,,y,,,,,,-2,1,20099,10/22/15,S.J,L.A,,,,15,71,13,3,8,1,,8,19,42,4,88,31
3,11:30,5v5,S.J,61,o,57,,,oelpr,,,,,,,,,,-2,1,20099,10/22/15,S.J,L.A,,,,21,22,70,5,10,1,,12,50,57,44,61,31
3,10:45,5v5,L.A,22,w,21,,,oell,,,,y,,,,,,-2,31,20099,10/22/15,S.J,L.A,,,,21,22,12,3,8,1,,12,50,57,44,61,31
3,10:29,5v5,L.A,8,s,23,11,,opl,ol,,,y,,,,,,-2,31,20099,10/22/15,S.J,L.A,,,,11,12,23,3,8,1,,48,18,83,4,88,31
3,9:17,5v5,S.J,8,w,19,42,8,opl,nc,dl,,y,,,,,,-3,1,20099,10/22/15,S.J,L.A,,,,11,12,23,3,8,1,,8,19,42,4,88,31
3,9:11,5v5,S.J,88,t,19,88,,or,opr,,y,,,,,,,-3,1,20099,10/22/15,S.J,L.A,,,,11,12,23,3,8,1,,8,19,42,4,88,31
3,8:42,4v4,S.J,88,o,80,88,,opc,opl,,,,,,,,,-3,1,20099,10/22/15,S.J,L.A,,,,73,77,6,27,1,0,,12,48,80,88,31,0
3,7:55,4v4,L.A,27,w,21,21,27,opr,or,or,,,,,,,,-3,31,20099,10/22/15,S.J,L.A,,,,21,22,6,27,1,0,,8,12,44,61,31,0
3,7:27,4v4,S.J,88,w,57,88,,nr,dr,,,y,,,,,,-3,1,20099,10/22/15,S.J,L.A,,,,11,12,6,27,1,0,,50,57,80,88,31,0
3,6:56,4v4,L.A,70,s,3,,,opl,,,,y,,,,,,-3,31,20099,10/22/15,S.J,L.A,,,,11,70,3,8,1,0,,50,57,80,88,31,0
3,6:00,5v5,S.J,11,w,88,,,or,,,y,y,,,,,,-3,1,20099,10/22/15,S.J,L.A,,,,73,77,17,5,10,1,,38,89,11,44,88,31
3,4:13,5v5,L.A,10,s,70,21,71,opr,dsc,dr,,,,,,,,-3,31,20099,10/22/15,S.J,L.A,,,,21,22,70,10,27,1,,12,50,57,4,80,31
3,3:22,5v5,S.J,48,w,88,48,,dc,dl,,,y,,,,,,-3,1,20099,10/22/15,S.J,L.A,,,,11,12,23,3,5,1,,48,18,83,44,61,31
3,1:12,5v5,S.J,88,o,50,,,opl,,,,y,,,,,,-3,1,20099,10/22/15,S.J,L.A,,,,15,71,70,3,8,1,,12,50,57,4,88,31
3,0:38,5v5,L.A,70,o,22,10,,ol,ol,,,y,,,,,,-3,31,20099,10/22/15,S.J,L.A,,,,21,22,70,5,10,1,,38,18,11,4,88,31
1,19:18,5v5,L.A,77,t,73,,,ol,,,y,,,,,,,0,33,20353,11/28/2015,L.A,CHI,32,33,,73,77,70,6,27,32,,15,72,88,7,57,33
1,19:03,5v5,CHI,88,o,72,15,88,oelc,or,or,y,y,,,,,,0,32,20353,11/28/2015,L.A,CHI,1,50,,73,77,17,6,27,32,,15,72,88,2,4,33
1,18:49,5v5,L.A,77,s,27,,,nr,,,,,,,,,,0,33,20353,11/28/2015,L.A,CHI,,,,73,77,17,5,10,32,,16,72,88,2,4,33
1,18:25,5v5,L.A,21,w,15,23,5,nl,dr,dr,,y,,,,,,0,33,20353,11/28/2015,L.A,CHI,,,,15,21,23,5,10,32,,16,81,86,6,32,33
1,16:59,5v5,L.A,6,w,27,,,oc,,,,,,,,,,0,33,20353,11/28/2015,L.A,CHI,,,,11,12,70,6,27,32,,19,28,65,7,57,33
1,15:07,5v5,L.A,5,s,21,,,of,,,,y,,,,,,0,33,20353,11/28/2015,L.A,CHI,,,,15,21,23,5,10,32,,16,81,86,6,32,33
1,14:43,5v5,L.A,23,w,15,5,,dc,dc,,,y,,,,,,0,33,20353,11/28/2015,L.A,CHI,,,,15,21,23,5,10,32,,16,81,86,6,32,33
1,14:21,5v5,CHI,11,w,67,2,,nc,dl,,,,,,,,,0,32,20353,11/28/2015,L.A,CHI,,,,22,71,13,6,27,32,,11,67,53,2,4,33
1,13:05,5v5,CHI,6,o,73,,,opl,,,,y,,,,,,0,32,20353,11/28/2015,L.A,CHI,,,,73,77,17,6,27,32,,15,72,88,2,4,33
1,12:40,5v5,CHI,72,w,88,,,dr,,,y,,,,,,,0,32,20353,11/28/2015,L.A,CHI,,,,73,77,17,6,27,32,,15,72,88,2,4,33
1,11:16,5v5,L.A,8,w,70,,,opl,,,,,,,,,,0,33,20353,11/28/2015,L.A,CHI,,,,11,12,70,3,8,32,,19,28,65,7,57,33
1,11:06,5v5,L.A,12,w,8,12,3,or,oelpr,ol,,,,,,,,0,33,20353,11/28/2015,L.A,CHI,,,,11,12,70,3,8,32,,19,28,65,7,57,33
1,10:43,5v5,CHI,28,s,19,,,nr,,,,,,,,,,0,32,20353,11/28/2015,L.A,CHI,,,,11,12,70,3,8,32,,19,28,65,2,4,33
1,10:36,5v5,CHI,4,w,28,,,opl,,,,,,,,,,0,32,20353,11/28/2015,L.A,CHI,,,,11,12,70,3,8,32,,19,28,65,2,4,33
1,8:57,5v4,CHI,15,t,7,,,oc,,,y,,,,,,,0,32,20353,11/28/2015,L.A,CHI,,,,11,23,3,8,32,0,,15,72,88,2,7,33
1,8:50,5v4,CHI,88,w,2,,,oc,,,y,y,,y,,,,0,32,20353,11/28/2015,L.A,CHI,,,,11,23,3,8,32,0,,15,72,88,2,7,33
1,8:10,5v5,CHI,4,s,19,,,oc,,,,y,,,,,,-1,32,20353,11/28/2015,L.A,CHI,,,,73,77,70,6,27,32,,19,65,81,2,4,33
1,7:50,5v5,L.A,11,b,5,70,10,dc,dl,dc,,y,,,,,,-1,33,20353,11/28/2015,L.A,CHI,,,,11,12,70,5,10,32,,16,81,86,7,57,33
1,7:35,5v5,L.A,71,w,5,13,10,or,nl,nl,,,,,,,,-1,33,20353,11/28/2015,L.A,CHI,,,,22,71,13,5,10,32,,11,67,53,6,7,33
1,7:28,5v5,L.A,3,w,5,11,,opc,of,,,,,,,,,-1,33,20353,11/28/2015,L.A,CHI,,,,15,21,23,3,8,32,,16,81,86,6,32,33
1,6:12,5v5,L.A,73,w,17,,,ol,,,,,,,,,,-1,33,20353,11/28/2015,L.A,CHI,,,,73,77,17,6,27,32,,15,72,88,2,4,33
1,6:06,5v5,L.A,27,s,73,,,oelpc,,,,y,,,,,,-1,33,20353,11/28/2015,L.A,CHI,,,,73,77,17,6,27,32,,15,72,88,2,4,33
1,2:22,5v5,L.A,12,w,70,11,6,dl,dc,dl,,y,,,,,,-1,33,20353,11/28/2015,L.A,CHI,,,,11,12,70,6,27,32,,19,28,65,7,57,33
1,2:00,5v5,CHI,7,s,81,,,opr,,,,,,,,,,-1,32,20353,11/28/2015,L.A,CHI,,,,11,12,70,6,27,32,,19,65,81,7,57,33
1,0:04,5v4,L.A,77,w,6,,,oelc,,,,,,,,,,-1,33,20353,11/28/2015,L.A,CHI,,,,11,77,17,6,8,32,,16,67,2,4,33,0
2,19:21,5v4,L.A,11,w,6,8,,oc,opl,,,,,,17,y,,-1,33,20353,11/28/2015,L.A,CHI,,,,11,77,17,6,8,32,,16,67,2,4,33,0
2,17:49,5v5,CHI,32,s,72,,,opc,,,,,,,,,,-1,32,20353,11/28/2015,L.A,CHI,,,,15,21,23,3,5,32,,19,28,72,6,32,33
2,15:48,5v5,L.A,6,w,73,,,opr,,,,,,,,,,-1,33,20353,11/28/2015,L.A,CHI,,,,73,77,17,6,27,32,,67,81,86,7,57,33
2,15:46,5v5,L.A,73,o,17,,,ol,,,y,,,,,,,-1,33,20353,11/28/2015,L.A,CHI,,,,73,77,17,6,27,32,,67,81,86,7,57,33
2,15:28,5v5,L.A,77,w,73,77,6,or,or,dsl,,y,,,,,,-1,33,20353,11/28/2015,L.A,CHI,,,,73,77,17,6,27,32,,11,67,53,4,57,33
2,15:12,5v5,L.A,77,w,12,,,ol,,,,y,,,,,,-1,33,20353,11/28/2015,L.A,CHI,,,,77,12,17,3,8,32,,11,67,53,4,57,33
2,15:03,5v5,L.A,77,o,3,17,,oc,opr,,,,,,,,,-1,33,20353,11/28/2015,L.A,CHI,,,,77,12,17,3,8,32,,11,67,53,4,57,33
2,14:16,5v5,L.A,70,t,3,,,or,,,y,,,,,,,-1,33,20353,11/28/2015,L.A,CHI,,,,11,12,70,3,8,32,,19,28,65,7,57,33
2,12:13,5v5,L.A,77,w,73,3,,oc,nc,,y,,,,,,,-1,33,20353,11/28/2015,L.A,CHI,,,,73,77,17,3,8,32,,19,28,65,2,4,33
2,12:08,5v5,L.A,73,w,17,,,ol,,,y,y,,,,,,-1,33,20353,11/28/2015,L.A,CHI,,,,73,77,17,3,8,32,,19,28,65,2,4,33
2,11:39,5v5,L.A,6,w,70,,,opc,,,,,,,,,,-1,33,20353,11/28/2015,L.A,CHI,,,,11,12,70,6,27,32,,19,28,65,2,4,33
2,11:16,5v5,L.A,6,w,11,12,11,opl,or,dr,,,,,,,,-1,33,20353,11/28/2015,L.A,CHI,,,,11,12,70,6,27,32,,15,72,88,7,57,33
2,10:44,5v5,CHI,68,w,16,86,6,orrc,nr,dsl,y,y,,,,,,-1,32,20353,11/28/2015,L.A,CHI,,,,15,21,23,5,10,32,,16,81,86,6,32,33
2,9:32,5v5,L.A,22,w,8,,,dr,,,,y,,,,,,-1,33,20353,11/28/2015,L.A,CHI,,,,22,71,13,3,8,32,,11,67,53,7,57,33
2,9:24,5v5,L.A,22,b,13,,,oelc,,,y,y,,,,,,-1,33,20353,11/28/2015,L.A,CHI,,,,22,71,13,3,8,32,,11,67,53,7,57,33
2,9:09,5v5,L.A,17,w,71,,,nr,,,,y,,,,,,-1,33,20353,11/28/2015,L.A,CHI,,,,22,71,17,3,8,32,,19,28,65,7,57,33
2,8:52,5v5,L.A,17,w,8,72,,ol,opr,,,,,,,,,-1,33,20353,11/28/2015,L.A,CHI,,,,22,73,17,6,8,32,,19,28,65,7,57,33
2,8:46,5v5,CHI,65,w,28,,,dsc,,,y,y,1 on 0,,,,,-1,32,20353,11/28/2015,L.A,CHI,,,,73,77,17,6,8,32,,19,28,65,7,57,33
2,8:32,5v5,CHI,28,w,19,65,,ol,ol,,,,,,,,,-1,32,20353,11/28/2015,L.A,CHI,,,,73,77,17,6,27,32,,19,28,65,2,4,33
2,7:33,5v5,CHI,7,s,81,86,,opc,opc,,,y,,,,,,-1,32,20353,11/28/2015,L.A,CHI,,,,11,12,70,5,10,32,,16,81,86,2,7,33
2,7:04,5v5,CHI,4,s,2,,,opr,,,,y,,y,,,,-1,32,20353,11/28/2015,L.A,CHI,,,,73,77,17,6,27,32,,15,72,88,2,4,33
2,5:53,5v5,CHI,67,w,88,53,,or,oelr,,y,,,,,,,-2,32,20353,11/28/2015,L.A,CHI,,,,11,22,23,8,10,32,,67,88,53,6,32,33
2,5:21,5v5,CHI,10,s,8,,,opc,,,,,,,,,,-2,32,20353,11/28/2015,L.A,CHI,,,,11,12,70,8,10,32,,67,88,53,6,32,33
2,2:26,5v5,CHI,65,o,19,7,,oc,dsc,,,y,,,,,,-2,32,20353,11/28/2015,L.A,CHI,,,,15,12,70,10,27,32,,19,28,65,7,57,33
2,1:17,5v5,L.A,17,w,8,,,nc,,,,,,,,,,-2,33,20353,11/28/2015,L.A,CHI,,,,11,73,17,3,8,32,,16,81,86,7,57,33
2,1:04,5v5,L.A,3,s,8,77,17,opl,oc,oc,,,,,,,,-2,33,20353,11/28/2015,L.A,CHI,,,,73,77,17,3,8,32,,16,81,86,7,57,33
2,0:53,5v5,L.A,8,s,3,17,,opc,or,,,,,,,,,-2,33,20353,11/28/2015,L.A,CHI,,,,73,77,17,3,8,32,,16,81,86,7,57,33
2,0:30,5v5,L.A,13,s,77,3,,nl,dl,,,y,,,,,,-2,33,20353,11/28/2015,L.A,CHI,,,,73,77,13,3,8,32,,15,72,88,2,4,33
3,19:26,5v5,L.A,10,w,5,17,77,opc,opc,of,,,,,,,,-2,33,20353,11/28/2015,L.A,CHI,,,,73,77,17,5,10,32,,16,81,86,2,4,33
3,19:12,5v5,L.A,17,w,10,,,ol,,,,,,,77,y,,-2,33,20353,11/28/2015,L.A,CHI,,,,73,77,17,5,10,32,,16,81,86,2,4,33
3,19:09,5v5,L.A,77,r,,,,,,,y,y,,y,,,,-2,33,20353,11/28/2015,L.A,CHI,,,,73,77,17,5,10,32,,16,81,86,2,4,33
3,17:41,5v5,L.A,17,w,77,8,43,orrl,nl,dr,y,,,,,,,-1,33,20353,11/28/2015,L.A,CHI,,,,73,77,17,8,10,32,,11,67,53,2,4,33
3,17:14,5v5,CHI,65,w,2,65,,or,opr,,,,,,,,,-1,32,20353,11/28/2015,L.A,CHI,,,,22,77,17,8,10,32,,19,28,65,2,4,33
3,16:32,5v5,L.A,22,s,23,22,,ol,dr,,,y,,,,,,-1,33,20353,11/28/2015,L.A,CHI,,,,21,22,23,6,27,32,,16,72,88,6,32,33
3,16:22,5v5,CHI,72,w,88,,,dr,,,,y,,,,,,-1,32,20353,11/28/2015,L.A,CHI,,,,21,71,23,6,27,32,,16,72,88,6,32,33
3,15:13,5v5,CHI,65,w,28,19,,oc,ol,,y,y,,,,,,-1,32,20353,11/28/2015,L.A,CHI,,,,73,77,17,3,8,32,,19,28,65,4,57,33
3,14:37,5v5,CHI,7,s,65,,,dl,,,,y,,,,,,-1,32,20353,11/28/2015,L.A,CHI,,,,Event Not in PBP or >10 Second Difference,Event Not in PBP or >10 Second Difference,Event Not in PBP or >10 Second Difference,Event Not in PBP or >10 Second Difference,Event Not in PBP or >10 Second Difference,Event Not in PBP or >10 Second Difference,,Event Not in PBP or >10 Second Difference,Event Not in PBP or >10 Second Difference,Event Not in PBP or >10 Second Difference,Event Not in PBP or >10 Second Difference,Event Not in PBP or >10 Second Difference,Event Not in PBP or >10 Second Difference
3,12:22,5v5,CHI,67,w,7,,,dr,,,,,,,,,,-1,32,20353,11/28/2015,L.A,CHI,,,,71,77,17,3,8,32,,67,81,53,2,4,33
3,9:37,5v5,L.A,8,s,23,,,opr,,,,,,,22,y,,-1,33,20353,11/28/2015,L.A,CHI,,,,21,22,23,3,8,32,,19,28,65,7,57,33
3,8:24,5v5,CHI,88,w,57,,,nc,,,,,,,,,,-1,32,20353,11/28/2015,L.A,CHI,,,,11,12,70,10,27,32,,15,72,88,7,57,33
3,7:42,5v5,L.A,21,w,22,,,or,,,,y,,,,,,-1,33,20353,11/28/2015,L.A,CHI,,,,Event Not in PBP or >10 Second Difference,Event Not in PBP or >10 Second Difference,Event Not in PBP or >10 Second Difference,Event Not in PBP or >10 Second Difference,Event Not in PBP or >10 Second Difference,Event Not in PBP or >10 Second Difference,,Event Not in PBP or >10 Second Difference,Event Not in PBP or >10 Second Difference,Event Not in PBP or >10 Second Difference,Event Not in PBP or >10 Second Difference,Event Not in PBP or >10 Second Difference,Event Not in PBP or >10 Second Difference
3,6:41,5v5,L.A,77,w,27,,,dc,,,,y,,,,,,-1,33,20353,11/28/2015,L.A,CHI,,,,73,77,17,6,27,32,,19,28,65,4,57,33
3,5:56,5v5,L.A,12,w,11,,,oc,,,y,y,,y,,,,-1,33,20353,11/28/2015,L.A,CHI,,,,11,12,70,6,27,32,,15,72,88,7,57,33
3,4:52,5v5,L.A,8,o,73,,,oelpc,,,,,,,,,,0,33,20353,11/28/2015,L.A,CHI,,,,73,77,17,3,8,32,,19,28,65,2,4,33
3,4:40,5v5,L.A,3,w,11,,,of,,,,y,,,,,,0,33,20353,11/28/2015,L.A,CHI,,,,11,12,70,3,8,32,,19,28,65,2,4,33
3,4:19,5v5,L.A,23,b,27,,,dl,,,,y,,,,,,0,33,20353,11/28/2015,L.A,CHI,,,,21,22,23,6,27,32,,16,81,86,7,57,33
3,2:33,5v5,CHI,7,s,67,19,57,nc,nl,dr,,,,,,,,0,32,20353,11/28/2015,L.A,CHI,,,,21,22,23,6,27,32,,19,28,65,7,57,33
3,2:31,5v5,CHI,19,w,67,,,oelc,,,y,y,,,,,,0,32,20353,11/28/2015,L.A,CHI,,,,21,22,23,6,27,32,,19,28,65,7,57,33
3,0:51,5v5,L.A,77,t,17,73,,ol,ol,,y,y,,,,,,0,33,20353,11/28/2015,L.A,CHI,,,,73,77,17,6,27,32,,15,28,72,2,4,33
3,0:03,5v5,CHI,19,w,28,,,dsr,,,y,,1 on 0,,,,,0,32,20353,11/28/2015,L.A,CHI,,,,21,22,23,3,8,32,,19,28,65,2,7,33
4,4:23,3v3,L.A,77,w,11,8,11,oc,or,or,y,y,,,,,,0,33,20353,11/28/2015,L.A,CHI,,,,11,77,0,0,8,32,,19,88,0,0,2,33
4,3:47,3v3,CHI,7,w,81,72,,oc,or,,y,y,,,,,,0,32,20353,11/28/2015,L.A,CHI,,,,73,70,0,0,27,32,,72,81,0,0,7,33
4,3:35,3v3,L.A,7,w,70,,,nc,,,y,y,,,,,,0,33,20353,11/28/2015,L.A,CHI,,,,73,70,0,0,10,32,,15,81,0,0,2,33
4,3:23,3v3,CHI,81,s,2,,,or,,,y,y,3 on 2,,,,,0,32,20353,11/28/2015,L.A,CHI,,,,11,73,0,0,10,32,,15,81,0,0,2,33
4,3:15,3v3,L.A,10,t,11,10,,oc,dc,,y,y,,,,,,0,33,20353,11/28/2015,L.A,CHI,,,,11,12,0,0,10,32,,15,81,0,0,2,33
4,3:03,3v3,CHI,57,w,2,15,,orrc,dsl,,,y,,,,,,0,32,20353,11/28/2015,L.A,CHI,,,,11,12,0,0,10,32,,88,0,0,2,57,33
4,2:56,3v3,L.A,12,w,11,,,dsl,,,y,y,1 on 0,y,,,,0,33,20353,11/28/2015,L.A,CHI,,,,11,12,0,0,8,32,,88,0,0,2,57,33
1,17:46,5v5,MIN,14,t,24,26,25,oc,opc,ol,,,,,,,,0,32,20064,10/16/2015,L.A,MIN,32,35,,21,22,70,7,10,32,,3,14,26,24,25,35
1,16:37,5v5,L.A,17,w,77,,,of,,,,y,,,,,,0,35,20064,10/16/2015,L.A,MIN,1,40,,73,77,17,6,27,32,,18,7,56,5,20,35
1,16:07,5v5,MIN,6,w,9,,,opl,,,,,,,,,,0,32,20064,10/16/2015,L.A,MIN,,,,73,77,17,6,27,32,,9,22,16,5,6,35
1,15:15,5v5,L.A,23,s,12,8,3,ol,dr,dl,,y,,,,,,0,35,20064,10/16/2015,L.A,MIN,,,,11,12,23,3,8,32,,64,29,11,20,46,35
1,15:08,5v5,MIN,11,w,29,20,,dsr,dc,,y,y,1v1,,,,,0,32,20064,10/16/2015,L.A,MIN,,,,11,12,23,3,8,32,,64,29,11,20,46,35
1,15:02,5v5,MIN,20,o,64,,,ofp,,,,,,,,,,0,32,20064,10/16/2015,L.A,MIN,,,,11,12,23,3,8,32,,64,29,11,20,46,35
1,11:26,5v5,L.A,23,o,11,27,6,nr,nr,nl,y,y,,,,,,0,35,20064,10/16/2015,L.A,MIN,,,,11,12,23,6,27,32,,64,29,11,24,25,35
1,11:18,5v5,L.A,6,o,23,6,,oell,ol,,,,,,,,,0,35,20064,10/16/2015,L.A,MIN,,,,11,12,23,6,27,32,,64,29,11,24,25,35
1,10:39,5v4,L.A,73,s,10,73,,oc,opr,,,,,,,,,0,35,20064,10/16/2015,L.A,MIN,,,,73,77,17,6,10,32,,3,18,20,46,35,0
1,10:12,5v4,L.A,27,s,8,27,23,or,ol,oelpl,,,,,23,y,,0,35,20064,10/16/2015,L.A,MIN,,,,11,12,23,8,27,32,,14,56,6,25,35,0
1,10:07,5v4,L.A,11,t,8,11,,oc,ofp,,,y,,,11,y,,0,35,20064,10/16/2015,L.A,MIN,,,,11,12,23,8,27,32,,9,16,6,25,35,0
1,9:49,5v4,L.A,8,w,27,12,11,oc,opr,oc,,y,,,,,,0,35,20064,10/16/2015,L.A,MIN,,,,11,12,23,8,27,32,,9,16,6,25,35,0
1,9:19,5v4,L.A,22,t,27,8,11,or,ol,opl,y,y,,,,,,0,35,20064,10/16/2015,L.A,MIN,,,,11,22,12,8,27,32,,18,7,20,46,35,0
1,9:09,5v5,MIN,24,w,18,,,dsc,,,y,y,1v0,,,,,0,32,20064,10/16/2015,L.A,MIN,,,,11,22,12,8,27,32,,18,7,20,24,46,35
1,8:53,5v4,MIN,11,o,20,64,20,orrc,ol,oc,y,y,,,11,y,,0,32,20064,10/16/2015,L.A,MIN,,,,22,77,6,27,32,0,,9,64,29,11,20,35
1,7:30,5v4,MIN,22,w,16,24,46,oc,nc,dc,,,,,,,,0,32,20064,10/16/2015,L.A,MIN,,,,11,73,6,27,32,0,,22,16,26,24,46,35
1,6:56,5v5,MIN,56,w,25,,,nc,,,,y,,,,,,0,32,20064,10/16/2015,L.A,MIN,,,,15,13,6,8,10,32,,18,7,56,6,24,35
1,6:06,5v5,L.A,22,a,21,22,,ol,nc,,,y,,,,,,0,35,20064,10/16/2015,L.A,MIN,,,,21,22,70,7,8,32,,3,14,26,5,20,35
1,5:54,5v5,L.A,22,t,7,,,ol,,,y,y,,,,,,0,35,20064,10/16/2015,L.A,MIN,,,,21,22,70,7,8,32,,3,14,26,5,20,35
1,5:12,5v5,L.A,11,w,23,,,or,,,,,,,,,,0,35,20064,10/16/2015,L.A,MIN,,,,11,12,23,3,27,32,,64,29,11,5,24,35
1,5:03,5v5,MIN,29,w,24,29,64,orrc,or,nc,y,,,,,,,0,32,20064,10/16/2015,L.A,MIN,,,,11,73,12,3,8,32,,64,29,11,24,25,35
1,4:20,5v5,L.A,77,w,17,3,,nl,dsc,,y,y,,,17,y,,0,35,20064,10/16/2015,L.A,MIN,,,,73,77,17,3,8,32,,9,22,16,5,6,35
1,4:12,5v5,L.A,3,w,77,,,opl,,,,,,,,,,0,35,20064,10/16/2015,L.A,MIN,,,,73,77,17,3,8,32,,9,22,16,5,6,35
1,3:59,5v5,L.A,17,w,77,73,,dc,dc,,,,,,,,,0,35,20064,10/16/2015,L.A,MIN,,,,71,77,17,7,10,32,,9,22,16,5,6,35
1,1:41,5v5,L.A,8,o,11,,,opr,,,,,,,,,,0,35,20064,10/16/2015,L.A,MIN,,,,11,12,23,3,8,32,,9,22,16,20,46,35
1,0:05,5v4,L.A,11,w,12,11,12,oc,or,ol,,,,,,,,0,35,20064,10/16/2015,L.A,MIN,,,,11,12,23,8,27,32,,9,56,20,46,35,0
2,18:47,5v4,L.A,73,w,17,77,,orrl,oc,,y,y,,y,,,,0,35,20064,10/16/2015,L.A,MIN,,,,73,77,17,6,10,32,,11,56,5,25,35,0
2,17:48,5v5,MIN,26,w,3,,,nc,,,,y,,,3,y,,1,32,20064,10/16/2015,L.A,MIN,,,,21,22,70,3,8,32,,3,14,26,5,6,35
2,16:56,5v5,MIN,16,b,24,25,,dl,dr,,y,y,1v1,,,,,1,32,20064,10/16/2015,L.A,MIN,,,,11,12,23,6,27,32,,9,22,16,24,25,35
2,16:15,5v5,MIN,29,s,11,24,25,nr,dsr,nl,,y,,,,,,1,32,20064,10/16/2015,L.A,MIN,,,,11,13,23,6,27,32,,64,29,11,20,46,35
2,15:31,5v5,L.A,71,t,8,13,3,or,opr,nl,,,,,,,,1,35,20064,10/16/2015,L.A,MIN,,,,15,71,17,3,8,32,,64,29,11,20,46,35
2,14:18,5v5,L.A,17,s,10,73,17,or,opr,oell,,,,,,,,1,35,20064,10/16/2015,L.A,MIN,,,,73,77,17,7,10,32,,3,14,26,20,46,35
2,13:48,5v4,L.A,27,o,8,23,12,orrl,opc,ol,y,,,,,,,1,35,20064,10/16/2015,L.A,MIN,,,,11,12,23,8,27,32,,9,16,6,25,35,0
2,13:23,5v4,L.A,23,o,11,8,,or,dsc,,y,,,,,,,1,35,20064,10/16/2015,L.A,MIN,,,,11,12,23,8,27,32,,18,56,5,6,35,0
2,12:57,5v4,L.A,73,t,6,,,orrl,,,y,,,,,,,1,35,20064,10/16/2015,L.A,MIN,,,,73,77,17,6,10,32,,14,56,20,46,35,0
2,12:51,5v4,L.A,6,w,77,,,ofp,,,,,,,,,,1,35,20064,10/16/2015,L.A,MIN,,,,73,77,17,6,10,32,,3,14,20,46,35,0
2,12:46,5v4,L.A,6,s,77,,,oc,,,,,,,,,,1,35,20064,10/16/2015,L.A,MIN,,,,73,77,17,6,10,32,,3,14,20,46,35,0
2,12:33,5v4,L.A,6,w,77,10,,oelrrc,or,,y,,,,,,,1,35,20064,10/16/2015,L.A,MIN,,,,73,77,17,6,10,32,,3,14,20,46,35,0
2,11:43,5v5,L.A,22,w,3,,,dsl,,,y,y,,,,,,1,35,20064,10/16/2015,L.A,MIN,,,,21,22,70,3,8,32,,64,29,11,5,24,35
2,11:34,5v5,L.A,70,b,21,22,,oelc,ol,,y,,,,,,,1,35,20064,10/16/2015,L.A,MIN,,,,21,22,70,3,8,32,,64,29,11,5,24,35
2,11:24,5v5,L.A,12,w,11,,,of,,,y,y,,,6,,,1,35,20064,10/16/2015,L.A,MIN,,,,11,12,23,6,27,32,,64,29,11,5,24,35
2,10:28,5v4,L.A,6,w,10,6,12,oc,oc,oelpr,,y,,,,,,1,35,20064,10/16/2015,L.A,MIN,,,,11,12,23,6,10,32,,9,16,6,25,35,0
2,10:04,5v4,L.A,10,w,27,77,10,orrl,oelpc,nc,,,,,,,,1,35,20064,10/16/2015,L.A,MIN,,,,73,77,17,10,27,32,,14,56,20,46,35,0
2,9:53,5v4,L.A,27,s,17,77,,opr,ol,,,,,,,,,1,35,20064,10/16/2015,L.A,MIN,,,,73,77,17,10,27,32,,14,56,20,46,35,0
2,9:14,5v4,L.A,21,o,23,27,23,ol,ol,oelpl,y,,,,,,,1,35,20064,10/16/2015,L.A,MIN,,,,21,22,70,8,27,32,,9,18,6,25,35,0
2,9:06,5v5,L.A,70,t,8,22,,opr,or,,,,,,,,,1,35,20064,10/16/2015,L.A,MIN,,,,21,22,70,8,27,32,,9,18,64,6,25,35
2,7:31,5v5,L.A,23,w,8,11,27,dc,dr,dr,y,y,1v2,,6,,,1,35,20064,10/16/2015,L.A,MIN,,,,11,12,23,6,27,32,,64,29,11,20,46,35
2,7:11,5v5,L.A,12,w,11,27,23,oelc,or,or,y,,,,,,,1,35,20064,10/16/2015,L.A,MIN,,,,11,12,23,6,27,32,,64,29,11,20,46,35
2,6:44,5v5,L.A,17,w,73,6,,or,nc,,,,,,,,,1,35,20064,10/16/2015,L.A,MIN,,,,73,77,17,6,27,32,,3,14,26,24,25,35
2,5:20,5v4,MIN,64,w,20,11,20,ol,opr,ol,,,,,,,,1,32,20064,10/16/2015,L.A,MIN,,,,22,70,6,27,32,0,,9,64,29,11,20,35
2,4:34,5v4,MIN,24,s,29,44,,orrc,or,,,y,,,,,,1,32,20064,10/16/2015,L.A,MIN,,,,21,13,3,8,32,0,,22,16,26,24,46,35
2,4:31,5v4,MIN,26,w,3,,,of,,,,y,,,,,,1,32,20064,10/16/2015,L.A,MIN,,,,11,77,6,27,32,0,,3,16,26,24,46,35
2,3:35,5v5,L.A,12,t,7,23,12,ol,oelpl,oc,y,,,,,,,1,35,20064,10/16/2015,L.A,MIN,,,,11,12,23,7,10,32,,3,14,22,6,25,35
2,3:13,5v5,MIN,29,w,25,6,,dsr,dc,,,y,,,,,,1,32,20064,10/16/2015,L.A,MIN,,,,15,71,13,7,10,32,,3,29,11,6,25,35
2,2:58,5v5,MIN,20,w,46,29,,nr,nf,,,y,,,,,,1,32,20064,10/16/2015,L.A,MIN,,,,73,77,17,6,27,32,,64,29,11,20,46,35
2,2:44,5v5,L.A,73,o,77,73,17,orrr,nl,dl,y,y,,,,,,1,35,20064,10/16/2015,L.A,MIN,,,,73,77,17,6,27,32,,64,29,11,20,46,35
2,2:23,5v5,MIN,24,w,16,20,9,nl,dsl,df,,,,,,,,1,32,20064,10/16/2015,L.A,MIN,,,,21,22,70,3,8,32,,9,22,16,24,25,35
2,1:57,5v5,L.A,3,s,21,,,dr,,,,y,,,,,,1,35,20064,10/16/2015,L.A,MIN,,,,21,22,70,3,8,32,,9,22,16,24,25,35
2,1:24,5v5,L.A,12,w,11,12,8,ol,oc,dsc,y,y,,,23,y,,1,35,20064,10/16/2015,L.A,MIN,,,,11,12,23,7,10,32,,3,11,26,24,25,35
2,1:03,5v5,L.A,10,s,11,,,opc,,,,y,,,23,,,1,35,20064,10/16/2015,L.A,MIN,,,,11,12,23,7,10,32,,3,11,26,24,25,35
2,0:50,5v5,L.A,10,w,11,23,12,oc,opl,oc,,y,,,,,,1,35,20064,10/16/2015,L.A,MIN,,,,11,12,23,7,10,32,,3,11,26,24,25,35
2,0:35,5v5,L.A,77,s,17,,,oc,,,,y,,,,,,1,35,20064,10/16/2015,L.A,MIN,,,,73,77,17,6,27,32,,64,14,29,20,46,35
2,0:05,5v5,L.A,77,w,17,3,,dl,dl,,,y,,,,,,1,35,20064,10/16/2015,L.A,MIN,,,,73,77,17,3,8,32,,9,22,16,5,6,35
3,19:13,5v5,MIN,6,s,11,,,opc,,,,y,,,,,,1,32,20064,10/16/2015,L.A,MIN,,,,73,77,17,3,8,32,,64,29,11,6,24,35
3,17:58,5v5,MIN,20,w,16,,,oelprrc,,,,,,,,,,1,32,20064,10/16/2015,L.A,MIN,,,,21,22,70,3,8,32,,9,22,16,20,46,35
3,17:02,5v5,MIN,24,s,11,6,11,nl,dl,nl,,,,,,,,1,32,20064,10/16/2015,L.A,MIN,,,,73,77,17,6,27,32,,64,29,11,6,24,35
3,16:23,5v5,L.A,11,s,8,,,nc,,,,,,,,,,1,35,20064,10/16/2015,L.A,MIN,,,,11,12,17,6,8,32,,3,14,26,20,46,35
3,16:15,5v5,MIN,46,w,20,,,dc,,,,y,,,,,,1,32,20064,10/16/2015,L.A,MIN,,,,11,12,23,3,8,32,,3,14,26,20,46,35
3,15:13,5v4,MIN,9,w,64,20,9,ol,oc,of,,y,,,,,,1,32,20064,10/16/2015,L.A,MIN,,,,11,23,3,8,32,0,,9,64,29,11,20,35
3,14:32,5v4,MIN,11,o,20,11,64,or,opr,orrl,y,,,,,,,1,32,20064,10/16/2015,L.A,MIN,,,,73,77,3,8,32,0,,9,64,29,11,20,35
3,14:24,5v4,MIN,11,o,20,11,20,oc,opr,oc,,y,,,9,y,y,1,32,20064,10/16/2015,L.A,MIN,,,,73,77,3,8,32,0,,9,64,29,11,20,35
3,13:44,5v5,L.A,27,w,23,6,11,opr,nsl,nf,,y,,,,,,0,35,20064,10/16/2015,L.A,MIN,,,,11,12,23,6,27,32,,18,7,56,20,46,35
3,13:38,5v5,L.A,8,s,22,21,,opc,of,,,y,,,,,,0,35,20064,10/16/2015,L.A,MIN,,,,21,22,70,3,8,32,,9,22,16,20,46,35
3,13:00,5v5,MIN,18,w,56,7,35,nc,nl,dc,,y,,,,,,0,32,20064,10/16/2015,L.A,MIN,,,,21,71,13,6,27,32,,18,7,56,5,25,35
3,12:23,5v5,L.A,71,w,15,10,71,or,dsl,dc,,,,,,,,0,35,20064,10/16/2015,L.A,MIN,,,,15,71,13,6,10,32,,18,7,56,5,25,35
3,11:42,5v5,MIN,11,w,64,46,20,oc,dc,dl,,y,,,,,,0,32,20064,10/16/2015,L.A,MIN,,,,73,77,17,6,27,32,,64,29,11,20,46,35
3,11:00,5v5,L.A,12,t,8,3,,or,oc,,,,,,,,,0,35,20064,10/16/2015,L.A,MIN,,,,11,12,23,3,8,32,,3,14,26,24,46,35
3,10:52,5v5,L.A,8,w,23,11,,opl,ol,,,y,,,,,,0,35,20064,10/16/2015,L.A,MIN,,,,11,12,23,3,8,32,,3,14,26,24,46,35
3,8:15,5v4,MIN,11,w,9,64,20,orrc,ol,oc,y,,,,,,,0,32,20064,10/16/2015,L.A,MIN,,,,11,23,3,8,32,0,,9,64,29,11,20,35
3,4:56,5v5,MIN,29,o,20,,,orrl,,,y,,,,,,,0,32,20064,10/16/2015,L.A,MIN,,,,11,12,23,7,10,32,,64,29,11,20,46,35
3,4:47,5v5,MIN,11,b,64,,,orrl,,,y,,,,,,,0,32,20064,10/16/2015,L.A,MIN,,,,11,12,23,7,10,32,,64,29,11,20,46,35
3,4:35,5v5,MIN,64,w,29,,,oelc,,,,y,,,,,,0,32,20064,10/16/2015,L.A,MIN,,,,11,12,23,7,10,32,,64,29,11,20,46,35
3,4:29,5v5,MIN,64,w,29,,,of,,,,,,,,,,0,32,20064,10/16/2015,L.A,MIN,,,,11,12,23,6,27,32,,64,29,11,20,46,35
3,1:00,5v4,MIN,64,s,20,9,11,or,opr,or,y,,,,,,,0,32,20064,10/16/2015,L.A,MIN,,,,77,70,3,27,32,0,,9,64,29,11,20,35
4,4:39,3v3,MIN,64,b,20,,,nc,,,y,,,,,,,0,32,20064,10/16/2015,L.A,MIN,,,,11,12,0,0,8,32,,64,11,0,0,20,35
4,4:26,3v3,L.A,8,w,11,8,12,or,nc,dl,y,,,,,,,0,35,20064,10/16/2015,L.A,MIN,,,,11,12,0,0,8,32,,64,11,0,0,20,35
4,3:17,3v3,MIN,26,w,24,26,35,dc,dr,dc,y,y,,,,,,0,32,20064,10/16/2015,L.A,MIN,,,,11,70,0,0,27,32,,26,0,0,6,24,35
4,3:01,3v3,MIN,24,w,26,6,,nc,dsc,,,y,,,24,,,0,32,20064,10/16/2015,L.A,MIN,,,,11,70,0,0,6,32,,26,0,0,6,24,35
4,2:41,3v3,L.A,11,w,70,11,,oc,nr,,,y,,y,,,,0,35,20064,10/16/2015,L.A,MIN,,,,11,70,0,0,6,32,,29,26,0,0,6,35
1,19:35,5v5,L.A,8,s,3,73,77,ol,oelpl,oelc,,y,,,,,,0,20,20079,10/18/2015,L.A,COL,32,20,,73,77,17,3,8,32,,29,40,92,6,32,20
1,19:03,5v5,COL,7,w,34,14,7,oc,oc,nr,y,,,,,,,0,32,20079,10/18/2015,L.A,COL,1,1,,11,12,23,6,27,32,,7,34,14,2,17,20
1,18:26,5v5,COL,7,w,34,14,2,oc,dc,dl,,y,,,14,y,,0,32,20079,10/18/2015,L.A,COL,,,,11,12,23,3,8,32,,7,34,14,5,16,20
1,16:34,5v5,L.A,71,o,6,,,ol,,,,,,,,,,0,20,20079,10/18/2015,L.A,COL,,,,15,71,13,6,27,32,,25,8,55,2,17,20
1,15:54,5v5,COL,92,o,40,,,ol,,,,y,,,,,,0,32,20079,10/18/2015,L.A,COL,,,,73,77,17,3,8,32,,29,40,92,6,32,20
1,15:50,5v5,COL,29,w,40,29,,oell,or,,,y,,,,,,0,32,20079,10/18/2015,L.A,COL,,,,73,77,17,3,8,32,,29,40,92,6,32,20
1,14:13,5v4,COL,12,o,2,92,29,orrr,opr,oc,y,,,,,,,0,32,20079,10/18/2015,L.A,COL,,,,22,70,3,8,32,0,,29,12,40,92,2,20
1,11:26,5v5,L.A,17,w,27,,,nr,,,y,y,,,,,,0,20,20079,10/18/2015,L.A,COL,,,,73,77,17,6,27,32,,29,14,92,6,32,20
1,10:15,5v5,COL,12,w,34,,,oc,,,,,,,,,,0,32,20079,10/18/2015,L.A,COL,,,,11,12,23,7,10,32,,7,34,12,5,16,20
1,9:35,5v5,L.A,71,w,12,,,nc,,,,y,,,,,,0,20,20079,10/18/2015,L.A,COL,,,,15,71,12,7,10,32,,7,34,14,6,16,20
1,9:09,5v5,COL,29,t,92,40,32,ol,dsr,dl,,,,,,,,0,32,20079,10/18/2015,L.A,COL,,,,73,77,17,3,8,32,,29,40,92,6,32,20
1,8:59,5v5,COL,92,w,40,29,,oc,oc,,,y,,,,,,0,32,20079,10/18/2015,L.A,COL,,,,73,77,17,3,8,32,,29,40,92,6,32,20
1,8:40,5v5,L.A,77,o,73,77,73,or,ol,dr,,,,,,,,0,20,20079,10/18/2015,L.A,COL,,,,73,77,17,6,27,32,,29,40,92,6,32,20
1,7:33,5v5,L.A,7,w,13,15,,opr,oelc,,,y,,,15,y,,0,20,20079,10/18/2015,L.A,COL,,,,15,71,13,7,10,32,,25,8,96,5,16,20
1,7:17,5v5,L.A,15,w,10,15,,oc,opr,,,,,,,,,0,20,20079,10/18/2015,L.A,COL,,,,15,71,13,7,10,32,,25,8,96,5,16,20
1,7:08,5v5,L.A,71,a,13,,,oelr,,,,y,,,,,,0,20,20079,10/18/2015,L.A,COL,,,,15,71,13,7,10,32,,25,8,96,5,16,20
1,7:02,5v5,L.A,3,o,11,,,ofp,,,,,,,,,,0,20,20079,10/18/2015,L.A,COL,,,,11,12,23,3,8,32,,9,12,96,2,17,20
1,6:22,5v5,L.A,12,w,23,3,11,or,ol,opl,y,y,,y,,,,0,20,20079,10/18/2015,L.A,COL,,,,11,12,23,3,8,32,,9,12,96,2,17,20
1,6:05,5v5,L.A,17,w,13,77,17,oc,oell,nl,y,y,,,,,,1,20,20079,10/18/2015,L.A,COL,,,,73,77,17,6,27,32,,7,34,14,6,32,20
1,4:27,5v5,L.A,12,t,11,12,27,or,nr,dr,y,,,,,,,1,20,20079,10/18/2015,L.A,COL,,,,11,12,23,6,27,32,,9,12,96,2,17,20
1,4:19,5v5,L.A,12,o,6,11,6,orrl,oelc,ol,y,,,,,,,1,20,20079,10/18/2015,L.A,COL,,,,11,12,23,6,27,32,,9,12,96,2,17,20
1,3:52,5v5,COL,16,s,8,,,opr,,,,y,,,,,,1,32,20079,10/18/2015,L.A,COL,,,,21,22,70,8,10,32,,25,8,55,5,16,20
1,2:58,5v5,COL,6,w,29,6,32,ol,nc,dl,,,,,,,,1,32,20079,10/18/2015,L.A,COL,,,,73,77,17,3,8,32,,29,40,92,6,32,20
1,2:44,5v5,L.A,17,w,8,,,dr,,,,,,,,,,1,20,20079,10/18/2015,L.A,COL,,,,73,77,17,3,8,32,,29,40,92,6,32,20
1,1:20,5v5,COL,12,w,9,5,,oc,nr,,y,y,,,,,,1,32,20079,10/18/2015,L.A,COL,,,,11,23,70,3,8,32,,9,12,96,5,16,20
1,0:59,5v5,L.A,3,o,77,73,8,oc,oelc,oelr,y,y,,,,,,1,20,20079,10/18/2015,L.A,COL,,,,73,77,17,3,8,32,,29,40,92,2,17,20
1,0:43,5v5,L.A,70,o,22,,,oelc,,,y,y,,,,,,1,20,20079,10/18/2015,L.A,COL,,,,21,22,70,6,27,32,,9,12,55,6,32,20
1,0:35,5v5,L.A,27,o,6,22,,ol,oelpl,,,,,,,,,1,20,20079,10/18/2015,L.A,COL,,,,21,22,70,6,27,32,,9,12,55,6,32,20
1,0:29,5v5,L.A,70,w,11,,,of,,,y,,,,,,,1,20,20079,10/18/2015,L.A,COL,,,,11,22,70,3,8,32,,9,12,55,6,32,20
2,18:46,5v5,L.A,12,w,23,,,oelc,,,y,y,,,,,,1,20,20079,10/18/2015,L.A,COL,,,,11,12,23,7,10,32,,7,34,14,2,17,20
2,17:17,5v5,COL,55,a,8,2,17,oelc,ol,or,,y,,,,,,1,32,20079,10/18/2015,L.A,COL,,,,15,71,13,7,10,32,,25,8,55,2,17,20
2,16:59,5v5,COL,92,w,32,,,dc,,,,y,,,,,,1,32,20079,10/18/2015,L.A,COL,,,,73,77,17,3,8,32,,29,40,92,6,32,20
2,16:39,5v5,L.A,70,w,21,22,21,dr,dr,dc,,y,,,,,,1,20,20079,10/18/2015,L.A,COL,,,,21,22,70,7,10,32,,7,34,14,16,32,20
2,16:28,5v4,L.A,10,o,11,12,10,opc,ol,oc,,,,,,,,1,20,20079,10/18/2015,L.A,COL,,,,11,12,23,8,10,32,,29,40,6,32,20,0
2,15:06,5v4,L.A,6,w,8,12,8,or,oc,opr,,,,,,,,1,20,20079,10/18/2015,L.A,COL,,,,11,12,23,6,8,32,,9,12,2,5,20,0
2,14:37,5v5,L.A,77,w,73,6,77,or,or,oelr,y,,,,,,,1,20,20079,10/18/2015,L.A,COL,,,,73,77,17,6,27,32,,7,29,92,6,32,20
2,12:51,5v5,L.A,70,t,8,3,22,or,oc,opl,y,y,,,,,,1,20,20079,10/18/2015,L.A,COL,,,,21,22,70,3,8,32,,7,29,14,16,17,20
2,12:01,5v5,L.A,6,s,11,12,11,opr,or,dl,,y,,,,,,1,20,20079,10/18/2015,L.A,COL,,,,11,12,13,6,27,32,,9,40,92,2,5,20
2,11:51,5v5,L.A,13,t,6,,,ol,,,,,,,,,,1,20,20079,10/18/2015,L.A,COL,,,,11,12,13,6,27,32,,9,40,92,2,5,20
2,11:27,5v5,COL,32,o,9,3,92,opl,dl,dc,,,,,,,,1,32,20079,10/18/2015,L.A,COL,,,,11,12,13,6,27,32,,9,96,40,6,32,20
2,11:09,5v5,COL,9,w,12,32,20,ol,dc,dc,,,,,,,,1,32,20079,10/18/2015,L.A,COL,,,,21,17,23,7,10,32,,9,12,96,6,32,20
2,11:01,5v5,L.A,23,w,17,,,nl,,,,,,,,,,1,20,20079,10/18/2015,L.A,COL,,,,21,17,23,7,10,32,,9,12,96,6,32,20
2,10:54,5v5,L.A,23,t,10,7,21,or,ol,oelpl,y,,,,,,,1,20,20079,10/18/2015,L.A,COL,,,,21,17,23,7,10,32,,9,12,96,6,32,20
2,10:45,5v5,L.A,7,w,73,77,,oc,of,,,,,,,,,1,20,20079,10/18/2015,L.A,COL,,,,22,73,77,7,10,32,,7,34,14,5,16,20
2,9:56,5v4,COL,29,w,2,29,2,oc,opr,oc,,y,,,,,,1,32,20079,10/18/2015,L.A,COL,,,,11,23,3,8,32,0,,29,12,40,92,2,20
2,9:44,5v4,COL,29,w,2,29,,oc,opr,,,,,,92,y,,1,32,20079,10/18/2015,L.A,COL,,,,11,23,3,8,32,0,,29,12,40,92,2,20
2,9:31,5v4,COL,32,s,6,34,9,or,oelpr,or,,y,,,,,,1,32,20079,10/18/2015,L.A,COL,,,,22,77,6,27,32,0,,7,9,34,6,32,20
2,7:56,5v5,L.A,73,w,77,,,nc,,,,y,,,,,,1,20,20079,10/18/2015,L.A,COL,,,,73,77,17,6,27,32,,9,12,96,5,16,20
2,5:29,5v5,L.A,27,o,73,77,6,oc,opr,ol,,y,,,,,,1,20,20079,10/18/2015,L.A,COL,,,,73,77,17,6,27,32,,29,40,92,6,32,20
2,5:20,5v5,L.A,6,w,27,6,,oc,ol,,,y,,,,,,1,20,20079,10/18/2015,L.A,COL,,,,73,77,17,6,27,32,,29,40,92,6,32,20
2,4:30,5v4,COL,32,o,7,9,34,oc,oc,or,,y,,,9,,,1,32,20079,10/18/2015,L.A,COL,,,,22,70,3,8,32,0,,7,9,34,12,32,20
2,4:04,5v4,COL,12,o,32,9,34,orrr,or,oc,,,,,,,,1,32,20079,10/18/2015,L.A,COL,,,,22,70,3,8,32,0,,7,9,34,12,32,20
2,4:03,5v4,COL,9,w,34,,,orrc,,,y,y,,y,,,,1,32,20079,10/18/2015,L.A,COL,,,,22,70,3,8,32,0,,7,9,34,12,32,20
2,3:12,5v5,L.A,23,w,12,,,nc,,,y,y,,,,,,1,20,20079,10/18/2015,L.A,COL,,,,11,12,23,3,8,32,,9,12,96,2,17,20
2,3:09,5v5,L.A,22,w,21,,,of,,,,,,,,,,1,20,20079,10/18/2015,L.A,COL,,,,21,22,13,7,10,32,,25,8,92,5,16,20
2,2:35,5v5,L.A,77,w,73,6,27,oc,dsl,dr,,y,,,,,,1,20,20079,10/18/2015,L.A,COL,,,,73,77,17,6,27,32,,7,34,14,6,32,20
2,2:01,5v5,L.A,23,w,11,23,12,ol,ol,nl,,,,,,,,1,20,20079,10/18/2015,L.A,COL,,,,11,12,23,3,8,32,,9,12,96,5,16,20
2,1:01,5v5,L.A,70,w,22,,,orrc,,,y,,,,,,,1,20,20079,10/18/2015,L.A,COL,,,,21,22,70,6,27,32,,29,12,92,6,32,20
2,0:51,5v5,L.A,27,w,21,,,opc,,,,,,,,,,1,20,20079,10/18/2015,L.A,COL,,,,21,22,70,6,27,32,,29,12,92,6,32,20
3,19:39,5v5,L.A,8,s,73,,,opr,,,,,,,,,,1,20,20079,10/18/2015,L.A,COL,,,,73,77,17,3,8,32,,9,8,12,6,32,20
3,19:14,5v5,L.A,17,w,77,,,ol,,,,,,,,,,1,20,20079,10/18/2015,L.A,COL,,,,73,77,17,3,8,32,,29,12,92,2,17,20
3,19:13,5v5,L.A,23,w,11,,,of,,,,y,,,,,,1,20,20079,10/18/2015,L.A,COL,,,,11,12,23,6,27,32,,29,40,92,2,17,20
3,16:26,5v5,L.A,73,w,27,,,dr,,,,y,,,,,,1,20,20079,10/18/2015,L.A,COL,,,,22,73,13,6,27,32,,9,12,96,5,16,20
3,15:39,5v5,L.A,71,o,13,11,,orrr,dr,,y,,,,,,,1,20,20079,10/18/2015,L.A,COL,,,,11,71,13,6,27,32,,25,8,96,5,16,20
3,15:18,5v4,L.A,27, w,11,,,ofp,,,,y,,,,,,1,20,20079,10/18/2015,L.A,COL,,,,11,12,23,6,27,32,,7,34,6,32,20,0
3,14:52,5v4,L.A,12,w,11,27,,orrr,nc,,y,y,,,,,,1,20,20079,10/18/2015,L.A,COL,,,,11,12,23,6,27,32,,29,92,6,32,20,0
3,14:45,5v4,L.A,8,w,10,77,,ol,ofp,,,,,,,,,1,20,20079,10/18/2015,L.A,COL,,,,73,77,17,8,10,32,,14,40,2,5,20,0
3,12:51,5v5,L.A,8,w,22,,,opr,,,,y,,,,,,1,20,20079,10/18/2015,L.A,COL,,,,21,22,70,3,8,32,,7,9,12,2,17,20
3,12:15,5v4,L.A,8,w,27,73,77,ol,opl,ol,,,,,,,,1,20,20079,10/18/2015,L.A,COL,,,,73,77,17,8,27,32,,29,92,6,32,20,0
3,11:30,5v4,L.A,23,t,10,11,10,or,opr,nc,y,,,,,,,1,20,20079,10/18/2015,L.A,COL,,,,11,12,23,6,10,32,,14,40,6,32,20,0
3,11:03,5v4,L.A,6,o,11,12,11,orrr,oc,or,y,,,,,,,1,20,20079,10/18/2015,L.A,COL,,,,11,12,23,6,10,32,,14,40,6,32,20,0
3,10:52,5v4,L.A,10,w,11,,,opr,,,,,,,,,,1,20,20079,10/18/2015,L.A,COL,,,,11,12,23,6,10,32,,14,40,6,32,20,0
3,10:38,5v4,L.A,11,w,10,23,11,oc,opc,or,y,,,,,,,1,20,20079,10/18/2015,L.A,COL,,,,11,12,23,6,10,32,,14,40,6,32,20,0
3,8:31,5v3,COL,6,o,40,6,32,or,oc,ol,y,y,,,,,,1,32,20079,10/18/2015,L.A,COL,,,,11,6,27,32,0,0,,29,40,92,6,32,20
3,8:19,5v3,COL,32,o,6,32,29,oc,ol,opl,,,,,,,,1,32,20079,10/18/2015,L.A,COL,,,,11,6,27,32,0,0,,29,40,92,6,32,20
3,8:14,5v3,COL,92,o,92,6,32,ol,ol,oc,y,y,,,,,,1,32,20079,10/18/2015,L.A,COL,,,,11,6,27,32,0,0,,29,40,92,6,32,20
3,7:23,4v4,L.A,6,w,73,,,or,,,,y,,,,,,1,20,20079,10/18/2015,L.A,COL,,,,73,77,6,10,32,0,,9,12,6,32,20,0
3,7:10,4v4,L.A,6,w,77,,,oc,,,,,,,77,y,,1,20,20079,10/18/2015,L.A,COL,,,,77,70,6,10,32,0,,9,12,6,32,20,0
3,6:42,5v4,L.A,27,w,12,27,11,oc,oc,ofp,,,,,,,,1,20,20079,10/18/2015,L.A,COL,,,,11,22,12,8,27,32,,7,14,6,32,20,0
3,5:50,5v5,L.A,11,w,6,11,12,oc,opr,ol,,y,,,,,,1,20,20079,10/18/2015,L.A,COL,,,,11,22,12,6,8,32,,34,8,92,2,5,20
3,4:46,5v4,COL,9,w,32,,,nc,,,,y,,,,,,1,32,20079,10/18/2015,L.A,COL,,,,11,23,6,27,32,0,,7,9,34,12,32,20
3,3:33,5v4,COL,2,w,32,34,40,or,oelpr,oc,,,,,,,,1,32,20079,10/18/2015,L.A,COL,,,,22,73,3,8,32,0,,9,34,40,2,32,20
3,3:19,5v4,COL,9,w,34,9,32,or,oelr,oc,,y,,,,,,1,32,20079,10/18/2015,L.A,COL,,,,21,22,73,3,8,32,,9,34,40,2,32,20
3,3:08,5v5,L.A,21,w,8,,,dc,,,,,,,,,,1,20,20079,10/18/2015,L.A,COL,,,,21,71,73,6,27,32,,7,34,14,2,32,20
3,2:48,5v5,L.A,77,w,73,,,dr,,,,y,,,6,y,,1,20,20079,10/18/2015,L.A,COL,,,,71,77,17,6,27,32,,7,8,14,16,17,20
3,0:59,5v5,L.A,6,o,21,70,,oelc,oelr,,,y,,,21,y,,1,20,20079,10/18/2015,L.A,COL,,,,21,22,70,6,27,32,,7,29,12,2,16,20
3,0:56,5v5,L.A,22,o,70,,,oc,,,,,,,,,,1,20,20079,10/18/2015,L.A,COL,,,,21,22,70,6,27,32,,7,29,12,2,16,20
3,0:03,6v5,COL,32,o,6,29,7,oc,opl,ofp,,y,,,,,,1,32,20079,10/18/2015,L.A,COL,,,,73,77,17,3,8,32,,7,29,12,92,6,32
3,0:01,6v5,COL,6,o,32,92,,opr,or,,,y,,,,,,1,32,20079,10/18/2015,L.A,COL,,,,73,77,17,3,8,32,,7,29,12,92,6,32
1,19:41,5v5,L.A,77,w,73,27,,dr,dr,,,,,,,,,0,33,20120,10/25/2015,EDM,L.A,33,32,,73,77,17,6,27,32,,12,93,4,2,5,33
1,19:11,5v5,L.A,23,w,11,23,8,ol,ol,nr,,Y,,,,,,0,33,20120,10/25/2015,EDM,L.A,39,1,,11,23,70,3,8,32,,93,16,28,2,5,33
1,18:30,5v5,L.A,22,t,70,11,70,oc,opl,oc,Y,Y,,,,,,0,33,20120,10/25/2015,EDM,L.A,,,,11,22,70,5,10,32,,51,16,28,19,77,33
1,18:14,5v5,L.A,12,w,22,12,11,ol,nr,nr,Y,Y,,,,,,0,33,20120,10/25/2015,EDM,L.A,,,,21,22,12,3,8,32,,97,10,67,19,62,33
1,17:21,5v5,EDM,26,w,55,,,ol,,,,Y,,,,,,0,32,20120,10/25/2015,EDM,L.A,,,,15,71,13,6,27,32,,55,26,20,2,5,33
1,17:09,5v5,L.A,73,w,17,77,,or,or,,,,,,,,,0,33,20120,10/25/2015,EDM,L.A,,,,73,77,17,3,8,32,,12,93,4,2,5,33
1,15:20,5v5,EDM,97,b,10,,,nl,,,Y,Y,,,67,Y,Y,0,32,20120,10/25/2015,EDM,L.A,,,,21,22,12,6,27,32,,97,10,67,2,5,33
1,13:27,5v5,EDM,93,w,4,5,77,oc,dsl,dr,,,,,,,,0,32,20120,10/25/2015,EDM,L.A,,,,73,77,17,3,8,32,,12,93,4,5,77,33
1,10:43,5v5,EDM,77,s,16,28,,opl,ol,,,Y,,,,,,0,32,20120,10/25/2015,EDM,L.A,,,,11,23,70,5,10,32,,51,16,28,2,5,33
1,10:27,5v5,EDM,51,w,28,16,,or,or,,,Y,,,,,,0,32,20120,10/25/2015,EDM,L.A,,,,11,23,70,5,10,32,,51,16,28,2,5,33
1,9:37,5v5,EDM,67,w,97,10,2,oc,dl,dl,,Y,,,,,,0,32,20120,10/25/2015,EDM,L.A,,,,15,22,71,3,8,32,,97,10,67,62,88,33
1,9:29,5v5,L.A,22,w,21,,,dc,,,,Y,,,,,,0,33,20120,10/25/2015,EDM,L.A,,,,15,22,71,3,8,32,,55,26,28,62,88,33
1,9:12,5v5,L.A,3,w,15,71,,opr,or,,,Y,,,,,,0,33,20120,10/25/2015,EDM,L.A,,,,15,71,13,3,8,32,,55,26,20,62,88,33
1,8:06,5v5,L.A,6,w,27,77,,opr,opr,,,,,,,,,0,33,20120,10/25/2015,EDM,L.A,,,,Event Not in PBP or >10 Second Difference,Event Not in PBP or >10 Second Difference,Event Not in PBP or >10 Second Difference,Event Not in PBP or >10 Second Difference,Event Not in PBP or >10 Second Difference,Event Not in PBP or >10 Second Difference,,Event Not in PBP or >10 Second Difference,Event Not in PBP or >10 Second Difference,Event Not in PBP or >10 Second Difference,Event Not in PBP or >10 Second Difference,Event Not in PBP or >10 Second Difference,Event Not in PBP or >10 Second Difference
1,6:35,5v5,L.A,73,w,77,,,ofp,,,Y,,,,,,,0,33,20120,10/25/2015,EDM,L.A,,,,73,77,17,3,8,32,,97,10,67,62,88,33
1,6:23,5v5,L.A,8,w,17,,,opr,,,,,,,,,,0,33,20120,10/25/2015,EDM,L.A,,,,73,77,17,3,8,32,,55,93,4,19,77,33
1,3:31,5v5,L.A,23,t,6,,,or,,,Y,Y,,,,,,0,33,20120,10/25/2015,EDM,L.A,,,,11,23,70,6,27,32,,93,16,28,19,77,33
1,3:00,5v5,L.A,23,w,70,11,,oc,nc,,,,,,,,,0,33,20120,10/25/2015,EDM,L.A,,,,11,23,70,3,8,32,,12,93,4,19,77,33
2,19:52,5v5,L.A,27,w,6,27,77,nsl,nr,nf,,,,,,,,0,33,20120,10/25/2015,EDM,L.A,,,,Event Not in PBP or >10 Second Difference,Event Not in PBP or >10 Second Difference,Event Not in PBP or >10 Second Difference,Event Not in PBP or >10 Second Difference,Event Not in PBP or >10 Second Difference,Event Not in PBP or >10 Second Difference,,Event Not in PBP or >10 Second Difference,Event Not in PBP or >10 Second Difference,Event Not in PBP or >10 Second Difference,Event Not in PBP or >10 Second Difference,Event Not in PBP or >10 Second Difference,Event Not in PBP or >10 Second Difference
2,19:39,5v5,EDM,12,w,93,4,93,nl,nl,nl,,Y,,,,,,0,32,20120,10/25/2015,EDM,L.A,,,,73,77,17,6,27,32,,12,93,4,2,5,33
2,18:56,5v5,L.A,10,s,11,70,,opl,ol,,,Y,,,,,,0,33,20120,10/25/2015,EDM,L.A,,,,11,23,70,5,10,32,,51,16,28,19,77,33
2,18:35,5v5,L.A,5,w,11,10,12,oc,ol,oc,,,,,,,,0,33,20120,10/25/2015,EDM,L.A,,,,Event Not in PBP or >10 Second Difference,Event Not in PBP or >10 Second Difference,Event Not in PBP or >10 Second Difference,Event Not in PBP or >10 Second Difference,Event Not in PBP or >10 Second Difference,Event Not in PBP or >10 Second Difference,,Event Not in PBP or >10 Second Difference,Event Not in PBP or >10 Second Difference,Event Not in PBP or >10 Second Difference,Event Not in PBP or >10 Second Difference,Event Not in PBP or >10 Second Difference,Event Not in PBP or >10 Second Difference
2,17:12,5v5,L.A,6,w,13,,,opl,,,,,,,,,,0,33,20120,10/25/2015,EDM,L.A,,,,15,71,13,6,27,32,,55,26,20,62,88,33
2,15:57,5v5,EDM,5,w,12,93,4,opl,ol,ol,,,,,,,,0,32,20120,10/25/2015,EDM,L.A,,,,11,23,6,27,32,0,,55,97,10,67,2,33
2,15:34,5v4,EDM,55,w,2,55,2,oc,opl,ol,,,,,,,,0,32,20120,10/25/2015,EDM,L.A,,,,11,23,6,27,32,0,,55,97,10,67,2,33
2,14:27,5v4,EDM,4,w,93,,,nc,,,Y,,,,,,,0,32,20120,10/25/2015,EDM,L.A,,,,22,70,3,8,32,0,,51,93,16,4,19,33
2,14:04,5v4,EDM,4,w,19,51,93,oc,opl,ol,Y,,,,,,,0,32,20120,10/25/2015,EDM,L.A,,,,21,12,6,27,32,0,,51,93,16,4,19,33
2,13:39,5v5,EDM,28,b,12,88,19,dl,dl,dc,,Y,,,,,,0,32,20120,10/25/2015,EDM,L.A,,,,21,77,12,5,10,32,,12,26,28,62,88,33
2,11:02,5v5,L.A,23,o,11,,,oelc,,,Y,Y,,,,,,0,33,20120,10/25/2015,EDM,L.A,,,,11,23,70,6,27,32,,51,16,28,62,88,33
2,9:39,5v5,L.A,12,t,10,21,22,ol,oelpl,ol,Y,,,,,,,0,33,20120,10/25/2015,EDM,L.A,,,,21,22,12,5,10,32,,97,10,67,2,77,33
2,9:33,5v5,L.A,12,w,22,,,oelc,,,Y,Y,,,,,,0,33,20120,10/25/2015,EDM,L.A,,,,21,22,12,5,10,32,,97,10,67,2,77,33
2,9:15,5v5,L.A,10,w,12,,,opl,,,,,,,,,,0,33,20120,10/25/2015,EDM,L.A,,,,21,22,12,5,10,32,,97,10,67,2,77,33
2,7:59,5v5,EDM,93,w,12,,,ol,,,Y,Y,,,4,Y,,0,32,20120,10/25/2015,EDM,L.A,,,,73,77,17,3,8,32,,12,93,4,5,77,33
2,7:35,5v5,L.A,27,o,77,17,,opl,oc,,,,,,,,,0,33,20120,10/25/2015,EDM,L.A,,,,Event Not in PBP or >10 Second Difference,Event Not in PBP or >10 Second Difference,Event Not in PBP or >10 Second Difference,Event Not in PBP or >10 Second Difference,Event Not in PBP or >10 Second Difference,Event Not in PBP or >10 Second Difference,,Event Not in PBP or >10 Second Difference,Event Not in PBP or >10 Second Difference,Event Not in PBP or >10 Second Difference,Event Not in PBP or >10 Second Difference,Event Not in PBP or >10 Second Difference,Event Not in PBP or >10 Second Difference
2,7:01,5v5,L.A,13,w,15,,,ol,,,Y,,,,,,,0,33,20120,10/25/2015,EDM,L.A,,,,15,71,13,6,27,32,,12,93,4,5,77,33
2,6:24,5v5,L.A,11,w,13,71,,oc,nc,,Y,Y,,Y,,,,0,33,20120,10/25/2015,EDM,L.A,,,,11,71,13,5,10,32,,55,26,20,62,88,33
2,4:28,5v5,L.A,17,w,77,71,,oc,or,,,,,,,,,-1,33,20120,10/25/2015,EDM,L.A,,,,73,77,17,6,27,32,,12,93,4,62,88,33
2,4:16,5v5,L.A,6,w,27,17,,opr,opr,,,,,,,,,-1,33,20120,10/25/2015,EDM,L.A,,,,73,77,17,6,27,32,,12,93,4,62,88,33
2,3:21,5v4,L.A,70,w,11,6,8,ol,oc,opl,Y,Y,,,,,,-1,33,20120,10/25/2015,EDM,L.A,,,,11,23,70,6,8,32,,51,55,62,77,33,0
2,3:16,5v4,L.A,23,t,6,8,,oc,opr,,Y,Y,,,,,,-1,33,20120,10/25/2015,EDM,L.A,,,,11,23,70,6,8,32,,51,55,62,77,33,0
2,3:09,5v4,L.A,23,w,11,,,orrc,,,Y,Y,,Y,23,,,-1,33,20120,10/25/2015,EDM,L.A,,,,11,23,70,6,8,32,,51,55,62,77,33,0
2,3:03,5v4,L.A,10,w,77,,,ofp,,,,,,,,,,-1,33,20120,10/25/2015,EDM,L.A,,,,73,77,17,10,27,32,,55,97,2,5,33,0
2,0:47,5v5,L.A,73,w,17,11,,dl,dc,,,Y,,,,,,-1,33,20120,10/25/2015,EDM,L.A,,,,11,73,17,3,8,32,,97,10,4,2,62,33
2,0:36,5v5,EDM,2,w,4,10,,oc,nl,,,Y,,,,,,-1,32,20120,10/25/2015,EDM,L.A,,,,15,73,17,6,27,32,,97,10,4,2,62,33
2,0:06,5v5,L.A,71,w,27,,,dsr,,,,Y,,,,,,-1,33,20120,10/25/2015,EDM,L.A,,,,15,71,13,6,27,32,,97,10,28,2,62,33
3,19:23,5v5,L.A,8,s,11,,,nl,,,,Y,,,,,,-1,33,20120,10/25/2015,EDM,L.A,,,,11,23,70,3,8,32,,51,16,28,2,5,33
3,19:03,5v5,EDM,77,o,62,4,93,opl,opl,ofp,,,,,,,,-1,32,20120,10/25/2015,EDM,L.A,,,,73,77,17,6,27,32,,12,93,4,62,77,33
3,17:47,5v5,EDM,2,w,93,,,ofp,,,,,,,,,,-1,32,20120,10/25/2015,EDM,L.A,,,,21,22,12,3,8,32,,97,10,67,5,88,33
3,16:54,5v5,L.A,23,w,70,11,,oelc,or,,Y,,,,,,,-1,33,20120,10/25/2015,EDM,L.A,,,,11,23,70,6,27,32,,51,16,28,62,77,33
3,16:34,5v5,L.A,27,w,70,,,opr,,,,,,,,,,-1,33,20120,10/25/2015,EDM,L.A,,,,11,23,70,6,27,32,,51,16,28,62,77,33
3,16:10,5v5,L.A,73,w,77,,,ofp,,,Y,,,,,,,-1,33,20120,10/25/2015,EDM,L.A,,,,73,77,17,3,8,32,,97,10,67,62,88,33
3,15:00,5v5,EDM,12,w,62,33,,dsr,dc,,,,,,,,,-1,32,20120,10/25/2015,EDM,L.A,,,,21,22,12,6,27,32,,12,93,4,2,62,33
3,14:46,5v5,EDM,62,s,4,93,4,opr,ol,ol,,,,,,,,-1,32,20120,10/25/2015,EDM,L.A,,,,21,22,12,6,27,32,,12,93,4,2,62,33
3,14:43,5v5,EDM,12,w,93,,,oc,,,Y,Y,,,,,,-1,32,20120,10/25/2015,EDM,L.A,,,,21,22,12,6,27,32,,12,93,4,2,62,33
3,13:52,5v5,EDM,62,s,10,97,,opc,of,,,Y,,,,,,-1,32,20120,10/25/2015,EDM,L.A,,,,15,71,13,5,10,32,,97,10,67,62,88,33
3,13:45,5v5,EDM,10,b,97,,,ol,,,Y,Y,,,67,,,-1,32,20120,10/25/2015,EDM,L.A,,,,15,71,13,5,10,32,,97,10,67,62,88,33
3,13:30,5v5,EDM,67,t,88,10,,ol,opl,,Y,,,,,,,-1,32,20120,10/25/2015,EDM,L.A,,,,15,71,13,5,10,32,,97,10,67,62,88,33
3,13:12,5v5,EDM,16,w,62,,,dsr,,,,Y,,,,,,-1,32,20120,10/25/2015,EDM,L.A,,,,11,23,70,3,8,32,,51,16,28,2,5,33
3,12:33,5v5,L.A,6,w,11,27,,nc,nr,,,,,,,,,-1,33,20120,10/25/2015,EDM,L.A,,,,Event Not in PBP or >10 Second Difference,Event Not in PBP or >10 Second Difference,Event Not in PBP or >10 Second Difference,Event Not in PBP or >10 Second Difference,Event Not in PBP or >10 Second Difference,Event Not in PBP or >10 Second Difference,,Event Not in PBP or >10 Second Difference,Event Not in PBP or >10 Second Difference,Event Not in PBP or >10 Second Difference,Event Not in PBP or >10 Second Difference,Event Not in PBP or >10 Second Difference,Event Not in PBP or >10 Second Difference
3,12:14,5v5,L.A,23,w,6,27,23,dsl,dc,dr,,,,,,,,-1,33,20120,10/25/2015,EDM,L.A,,,,77,23,70,6,27,32,,12,93,4,2,5,33
3,11:58,5v5,EDM,10,w,67,,,oc,,,,Y,,,,,,-1,32,20120,10/25/2015,EDM,L.A,,,,73,77,17,3,27,32,,97,10,67,77,88,33
3,10:16,5v5,EDM,12,w,4,88,,nl,dc,,,,,,,,,-1,32,20120,10/25/2015,EDM,L.A,,,,15,71,13,6,27,32,,12,93,4,5,88,33
3,10:11,5v5,EDM,5,o,12,93,4,oelpc,ol,oell,,,,,,,,-1,32,20120,10/25/2015,EDM,L.A,,,,15,71,13,6,27,32,,12,93,4,5,88,33
3,9:44,5v5,L.A,13,o,71,13,6,orrc,orrc,nl,Y,,2 on 1,,,,,-1,33,20120,10/25/2015,EDM,L.A,,,,11,71,13,3,8,32,,93,10,67,5,77,33
3,9:00,5v5,EDM,67,s,77,67,,ol,opl,,,,,,,,,-1,32,20120,10/25/2015,EDM,L.A,,,,11,23,70,3,8,32,,97,10,67,62,77,33
3,7:33,5v4,EDM,2,w,97,55,2,opc,or,opl,,,,,,,,-1,32,20120,10/25/2015,EDM,L.A,,,,11,77,6,27,32,0,,55,97,10,67,2,33
3,7:09,5v4,EDM,55,s,2,97,2,opc,opl,nc,,Y,,,,,,-1,32,20120,10/25/2015,EDM,L.A,,,,22,70,6,27,32,0,,55,97,10,67,2,33
3,6:16,5v4,EDM,16,w,4,93,4,oc,or,or,,Y,,,,,,-1,32,20120,10/25/2015,EDM,L.A,,,,77,23,8,10,32,0,,51,93,16,4,77,33
3,6:04,5v4,EDM,4,t,93,77,93,or,oc,opr,Y,Y,,Y,,,,-1,32,20120,10/25/2015,EDM,L.A,,,,77,23,8,10,32,0,,51,93,16,4,77,33
3,4:47,5v4,L.A,23,w,6,70,,oc,opr,,,,,,,,,0,33,20120,10/25/2015,EDM,L.A,,,,11,23,70,6,8,32,,51,55,62,77,33,0
3,4:38,5v4,L.A,23,t,6,11,6,opr,opc,opr,Y,Y,,,70,Y,,0,33,20120,10/25/2015,EDM,L.A,,,,11,23,70,6,8,32,,51,55,62,77,33,0
3,4:23,5v4,L.A,8,o,11,6,11,or,oc,opc,,,,,,,,0,33,20120,10/25/2015,EDM,L.A,,,,11,23,70,6,8,32,,51,55,62,77,33,0
3,4:19,5v4,L.A,11,w,6,11,23,oc,opr,oc,Y,Y,,,23,Y,,0,33,20120,10/25/2015,EDM,L.A,,,,11,23,70,6,8,32,,51,55,62,77,33,0
3,4:12,5v4,L.A,6,w,11,,,ofp,,,,Y,,,,,,0,33,20120,10/25/2015,EDM,L.A,,,,11,23,70,6,8,32,,51,55,62,77,33,0
3,3:26,5v4,L.A,6,w,8,11,8,oc,opl,oc,Y,,,,70,Y,Y,0,33,20120,10/25/2015,EDM,L.A,,,,11,23,70,6,8,32,,93,97,2,5,33,0
3,3:01,5v5,L.A,77,w,17,73,27,oc,nr,dr,,,,,,,,-1,33,20120,10/25/2015,EDM,L.A,,,,73,77,17,3,27,32,,51,16,28,62,88,33
3,2:59,5v5,L.A,8,s,77,,,ol,,,,Y,,,73,Y,,-1,33,20120,10/25/2015,EDM,L.A,,,,73,77,17,3,27,32,,51,16,28,62,88,33
3,2:56,5v5,L.A,73,r,,,,,,,,Y,,,,,,-1,33,20120,10/25/2015,EDM,L.A,,,,73,77,17,3,8,32,,51,16,28,62,88,33
3,2:31,5v5,EDM,5,s,16,4,77,opl,ol,ol,,Y,,,,,,-1,32,20120,10/25/2015,EDM,L.A,,,,73,77,17,3,8,32,,93,16,4,5,77,33
3,2:23,5v5,EDM,93,w,77,,,nl,,,,,,,,,,-1,32,20120,10/25/2015,EDM,L.A,,,,21,22,12,3,27,32,,12,93,4,5,77,33
3,1:55,5v5,EDM,88,w,10,97,,opl,of,,,Y,,,,,,-1,32,20120,10/25/2015,EDM,L.A,,,,21,22,12,6,27,32,,97,10,67,77,88,33
3,1:29,5v5,EDM,77,w,10,97,,opr,oc,,,,,,,,,-1,32,20120,10/25/2015,EDM,L.A,,,,11,23,70,3,8,32,,97,10,67,77,88,33
3,0:09,6v5,EDM,67,t,10,,,or,,,Y,Y,,,,,,-1,32,20120,10/25/2015,EDM,L.A,,,,73,77,17,6,27,32,,55,93,97,10,4,67
1,19:17,5v5,CHI,57,w,19,,,opr,,,,y,,,,,,0,32,20170,11/2/2015,CHI,L.A,50,32,,73,77,17,3,8,32,,19,28,72,4,57,50
1,19:00,5v5,L.A,6,o,77,7,77,oelrrc,ol,nc,y,y,,,,,,0,50,20170,11/2/2015,CHI,L.A,33,1,,73,77,17,6,27,32,,11,19,65,4,7,50
1,18:35,5v5,CHI,16,w,65,,,nf,,,,y,,,,,,0,32,20170,11/2/2015,CHI,L.A,,,,Event Not in PBP or >10 Second Difference,Event Not in PBP or >10 Second Difference,Event Not in PBP or >10 Second Difference,Event Not in PBP or >10 Second Difference,Event Not in PBP or >10 Second Difference,Event Not in PBP or >10 Second Difference,,Event Not in PBP or >10 Second Difference,Event Not in PBP or >10 Second Difference,Event Not in PBP or >10 Second Difference,Event Not in PBP or >10 Second Difference,Event Not in PBP or >10 Second Difference,Event Not in PBP or >10 Second Difference
1,18:24,5v5,L.A,11,w,22,8,11,nr,dc,df,,,,,,,,0,50,20170,11/2/2015,CHI,L.A,,,,11,22,12,3,8,32,,15,88,86,7,43,50
1,17:03,5v5,CHI,38,w,56,,,ol,,,,,,,,,,0,32,20170,11/2/2015,CHI,L.A,,,,15,71,13,7,10,32,,56,67,38,6,52,50
1,16:36,5v5,CHI,28,o,72,52,,ol,dc,,y,,,,,,,0,32,20170,11/2/2015,CHI,L.A,,,,71,77,17,6,27,32,,19,28,72,4,57,50
1,16:21,5v5,L.A,27,o,6,77,17,ol,opl,or,,,,,,,,0,50,20170,11/2/2015,CHI,L.A,,,,73,77,17,6,27,32,,19,28,72,4,57,50
1,15:11,5v5,L.A,21,w,12,,,ol,,,y,y,,,,,,0,50,20170,11/2/2015,CHI,L.A,,,,21,12,23,6,27,32,,11,16,65,7,43,50
1,14:53,5v5,L.A,21,w,6,,,dc,,,,,,,,,,0,50,20170,11/2/2015,CHI,L.A,,,,21,23,70,6,27,32,,15,88,86,6,52,50
1,14:32,5v5,CHI,6,w,86,15,,nc,dc,,,,,,,,,0,32,20170,11/2/2015,CHI,L.A,,,,15,23,70,3,8,32,,15,88,86,6,52,50
1,14:14,5v5,L.A,17,w,77,,,dc,,,,,,,,,,0,50,20170,11/2/2015,CHI,L.A,,,,73,77,17,3,8,32,,56,67,38,4,57,50
1,14:07,5v5,L.A,7,w,17,,,opl,,,,,,,,,,0,50,20170,11/2/2015,CHI,L.A,,,,73,77,17,3,8,32,,56,67,38,4,57,50
1,14:00,5v5,CHI,19,o,28,72,,orrl,dl,,y,y,2 on 1,y,,,,0,32,20170,11/2/2015,CHI,L.A,,,,15,71,13,7,10,32,,19,28,72,6,52,50
1,11:16,5v5,L.A,12,w,27,,,nr,,,y,,,,,,,1,50,20170,11/2/2015,CHI,L.A,,,,Event Not in PBP or >10 Second Difference,Event Not in PBP or >10 Second Difference,Event Not in PBP or >10 Second Difference,Event Not in PBP or >10 Second Difference,Event Not in PBP or >10 Second Difference,Event Not in PBP or >10 Second Difference,,Event Not in PBP or >10 Second Difference,Event Not in PBP or >10 Second Difference,Event Not in PBP or >10 Second Difference,Event Not in PBP or >10 Second Difference,Event Not in PBP or >10 Second Difference,Event Not in PBP or >10 Second Difference
1,10:20,5v5,CHI,72,w,28,,,dsl,,,y,y,1 on 0,,,,,1,32,20170,11/2/2015,CHI,L.A,,,,11,22,17,3,8,32,,19,28,72,7,43,50
1,10:08,5v5,CHI,28,w,4,72,,opl,oelc,,,,,,,,,1,32,20170,11/2/2015,CHI,L.A,,,,Event Not in PBP or >10 Second Difference,Event Not in PBP or >10 Second Difference,Event Not in PBP or >10 Second Difference,Event Not in PBP or >10 Second Difference,Event Not in PBP or >10 Second Difference,Event Not in PBP or >10 Second Difference,,Event Not in PBP or >10 Second Difference,Event Not in PBP or >10 Second Difference,Event Not in PBP or >10 Second Difference,Event Not in PBP or >10 Second Difference,Event Not in PBP or >10 Second Difference,Event Not in PBP or >10 Second Difference
1,9:42,5v5,CHI,15,w,88,57,4,dr,dr ,dl,,,,,,,,1,32,20170,11/2/2015,CHI,L.A,,,,15,71,13,6,27,32,,15,88,86,6,52,50
1,9:20,5v5,CHI,86,o,6,88,15,ol,nr,dr,,y,,,,,,1,32,20170,11/2/2015,CHI,L.A,,,,15,71,13,6,27,32,,15,88,86,6,52,50
1,8:49,5v5,CHI,88,w,86,88,,or,or,,,,,,,,,1,32,20170,11/2/2015,CHI,L.A,,,,73,77,13,3,8,32,,15,88,86,4,57,50
1,8:17,5v5,CHI,6,w,65,6,,opl,ol,,,,,,,,,1,32,20170,11/2/2015,CHI,L.A,,,,21,23,70,7,10,32,,11,16,65,6,52,50
1,7:37,5v5,CHI,28,w,19,72,19,ol,ol,oelc,y,,,,,,,1,32,20170,11/2/2015,CHI,L.A,,,,11,22,12,7,10,32,,19,28,72,7,43,50
1,6:50,5v5,CHI,88,b,67,57,50,oc,dr ,dc,,y,,,,,,1,32,20170,11/2/2015,CHI,L.A,,,,73,77,17,3,8,32,,56,67,88,43,57,50
1,6:30,5v5,CHI,67,t,57,86,88,or,opr,oelr,,,,,,,,1,32,20170,11/2/2015,CHI,L.A,,,,73,77,17,3,8,32,,67,88,86,4,57,50
1,6:20,5v5,L.A,73,w,77,17,3,oc,dl,dl,,,,,,,,1,50,20170,11/2/2015,CHI,L.A,,,,73,77,17,6,27,32,,15,88,86,4,57,50
1,5:21,5v5,L.A,27,o,13,,,oc,,,,y,,y,,,,1,50,20170,11/2/2015,CHI,L.A,,,,15,71,13,6,27,32,,56,67,38,6,52,50
1,1:20,5v5,L.A,22,w,12,3,27,nl,dl,dr,,,,,,,,0,50,20170,11/2/2015,CHI,L.A,,,,11,22,12,6,27,32,,11,16,65,7,43,50
2,19:14,5v5,CHI,19,w,72,88,,oelc,oelr,,,,,,,,,-1,32,20170,11/2/2015,CHI,L.A,,,,73,77,17,3,8,32,,19,28,72,7,43,50
2,19:03,5v5,L.A,77,w,73,,,dr,,,y,y,,,,,,-1,50,20170,11/2/2015,CHI,L.A,,,,73,77,17,3,8,32,,19,28,72,7,43,50
2,18:35,5v5,CHI,7,s,88,15,,opl,oelc,,,,,,,,,-1,32,20170,11/2/2015,CHI,L.A,,,,11,22,12,6,27,32,,15,88,86,7,43,50
2,17:35,5v5,L.A,23,b,70,32,,dl,dc,,y,y,,,,,,-1,50,20170,11/2/2015,CHI,L.A,,,,21,23,70,3,10,32,,56,67,38,4,57,50
2,16:02,5v5,CHI,11,w,4,,,oc,,,,y,,,,,,-1,32,20170,11/2/2015,CHI,L.A,,,,15,71,13,6,8,32,,11,16,65,4,7,50
2,16:00,5v5,CHI,4,w,19,,,ofp,,,,,,,,,,-1,32,20170,11/2/2015,CHI,L.A,,,,15,71,13,6,8,32,,11,16,65,4,7,50
2,15:48,5v4,CHI,19,w,88,7,19,or,oc,ofp,y,y,,, ,,,-1,32,20170,11/2/2015,CHI,L.A,,,,Event Not in PBP or >10 Second Difference,Event Not in PBP or >10 Second Difference,Event Not in PBP or >10 Second Difference,Event Not in PBP or >10 Second Difference,Event Not in PBP or >10 Second Difference,Event Not in PBP or >10 Second Difference,,Event Not in PBP or >10 Second Difference,Event Not in PBP or >10 Second Difference,Event Not in PBP or >10 Second Difference,Event Not in PBP or >10 Second Difference,Event Not in PBP or >10 Second Difference,Event Not in PBP or >10 Second Difference
2,14:42,5v4,CHI,7,o,88,7,72,opr,oc,opc,,y,,,,,,-1,32,20170,11/2/2015,CHI,L.A,,,,22,70,7,8,32,0,,19,65,72,88,7,50
2,13:50,5v5,CHI,57,w,4,19,,oc,ofp,,,y,,,,,,-1,32,20170,11/2/2015,CHI,L.A,,,,11,23,3,6,8,32,,19,28,72,4,57,50
2,12:55,5v5,L.A,8,s,12,,,ol,,,y,,,,,,,-1,50,20170,11/2/2015,CHI,L.A,,,,11,12,23,3,8,32,,19,28,72,7,43,50
2,12:30,5v5,L.A,6,w,71,13,,ol,ol,,y,,,,,,,-1,50,20170,11/2/2015,CHI,L.A,,,,15,71,13,6,27,32,,15,88,86,6,52,50
2,11:33,5v5,CHI,86,w,88,,,or,,,y,,,,,,,-1,32,20170,11/2/2015,CHI,L.A,,,,73,77,17,3,8,32,,15,88,86,4,57,50
2,11:16,5v5,L.A,77,w,73,17,3,oc,nl,dl,y,,,,,,,-1,50,20170,11/2/2015,CHI,L.A,,,,73,77,17,3,8,32,,15,88,86,4,57,50
2,10:21,5v5,CHI,43,s,67,,,ofp,,,,,,,,,,-1,32,20170,11/2/2015,CHI,L.A,,,,21,22,70,7,10,32,,56,67,38,6,52,50
2,9:27,5v5,L.A,11,w,12,3,8,nl,dc,dr,,,,,,,,-1,50,20170,11/2/2015,CHI,L.A,,,,11,12,23,3,8,32,,19,28,72,7,43,50
2,9:12,5v5,L.A,12,w,23,8,32,nr,dc,dc,,y,,,,,,-1,50,20170,11/2/2015,CHI,L.A,,,,11,73,12,6,8,32,,19,28,72,7,43,50
2,8:51,5v5,L.A,6,w,77,,,ofp,,,,y,,,,,,-1,50,20170,11/2/2015,CHI,L.A,,,,73,77,17,6,27,32,,15,88,86,4,57,50
2,8:01,5v5,CHI,6,w,52,56,,oc,oc,,,,,,,,,-1,32,20170,11/2/2015,CHI,L.A,,,,15,22,13,7,8,32,,56,67,38,6,52,50
2,6:40,5v5,L.A,21,w,22,21,,oelc,or,,,,,,,,,-1,50,20170,11/2/2015,CHI,L.A,,,,21,22,70,6,27,32,,11,16,65,7,43,50
2,6:36,5v5,L.A,27,w,6,,,opc,,,,,,,,,,-1,50,20170,11/2/2015,CHI,L.A,,,,21,22,70,6,27,32,,11,16,65,7,43,50
2,5:56,5v5,L.A,3,w,13,,,opl,,,,y,,,23,,,-1,50,20170,11/2/2015,CHI,L.A,,,,11,13,23,3,8,32,,11,16,65,4,7,50
2,3:00,5v5,L.A,8,o,11,23,8,oelpr,nc,dr,,,,,,,,-1,50,20170,11/2/2015,CHI,L.A,,,,11,17,23,3,8,32,,19,28,88,6,52,50
2,1:17,5v5,CHI,38,w,56,,,nr,,,,,,,,,,-1,32,20170,11/2/2015,CHI,L.A,,,,21,22,12,3,8,32,,56,67,38,7,43,50
2,0:27,5v5,L.A,27,w,77,,,ofp,,,,,,,,,,-1,50,20170,11/2/2015,CHI,L.A,,,,Event Not in PBP or >10 Second Difference,Event Not in PBP or >10 Second Difference,Event Not in PBP or >10 Second Difference,Event Not in PBP or >10 Second Difference,Event Not in PBP or >10 Second Difference,Event Not in PBP or >10 Second Difference,,Event Not in PBP or >10 Second Difference,Event Not in PBP or >10 Second Difference,Event Not in PBP or >10 Second Difference,Event Not in PBP or >10 Second Difference,Event Not in PBP or >10 Second Difference,Event Not in PBP or >10 Second Difference
2,0:08,5v5,CHI,4,s,19,7,,nc,dr ,,,,,,,,,-1,32,20170,11/2/2015,CHI,L.A,,,,73,77,17,6,27,32,,16,19,88,4,7,50
3,19:48,5v5,CHI,28,w,72,4,,nc,dl,,,,,,,,,-1,32,20170,11/2/2015,CHI,L.A,,,,73,77,17,3,8,32,,19,28,72,4,57,50
3,19:36,5v5,CHI,72,w,19,72,,oc,nc,,y,,,,,,,-1,32,20170,11/2/2015,CHI,L.A,,,,73,77,17,3,8,32,,19,28,72,4,57,50
3,19:23,5v5,CHI,28,w,72,,,oelc,,,y,,,,,,,-1,32,20170,11/2/2015,CHI,L.A,,,,73,77,17,3,8,32,,19,28,72,4,57,50
3,17:57,5v5,L.A,23,w,70,21,,dl,dc,,,y,,,,,,0,50,20170,11/2/2015,CHI,L.A,,,,15,13,23,6,10,32,,11,16,65,7,43,50
3,16:58,5v5,L.A,17,w,77,,,nc,,,y,,,,,,,0,50,20170,11/2/2015,CHI,L.A,,,,73,77,17,3,8,32,,56,67,38,6,52,50
3,16:55,5v5,L.A,3,w,73,,,opl,,,,,,,,,,0,50,20170,11/2/2015,CHI,L.A,,,,73,77,17,3,8,32,,56,67,38,6,52,50
3,16:46,5v5,L.A,12,w,11,,,of,,,y,y,,,,,,0,50,20170,11/2/2015,CHI,L.A,,,,11,22,12,3,8,32,,56,67,38,6,52,50
3,15:56,5v4,L.A,27,w,10,73,77,opr,or,of,,,,,,,,0,50,20170,11/2/2015,CHI,L.A,,,,73,77,17,10,27,32,,11,16,4,57,50,0
3,15:44,5v4,L.A,77,w,27,10,27,ol,oc,opl,,y,,,,,,0,50,20170,11/2/2015,CHI,L.A,,,,73,77,17,10,27,32,,11,16,4,57,50,0
3,14:57,5v4,L.A,12,w,6,23,10,oc,oelpc,ol,,,,,,,,0,50,20170,11/2/2015,CHI,L.A,,,,11,12,23,6,10,32,,11,16,7,43,50,0
3,14:35,5v4,L.A,6,w,10,11,,oc,opr,,y,y,,,,,,0,50,20170,11/2/2015,CHI,L.A,,,,11,12,23,6,10,32,,11,16,7,43,50,0
3,14:04,5v4,L.A,8,w,11,,,or,,,y,,,,,,,0,50,20170,11/2/2015,CHI,L.A,,,,11,22,70,6,8,32,,15,28,72,4,57,50
3,13:58,5v5,CHI,72,w,28,,,dsc,,,y,y,1 on 0,,,,,0,32,20170,11/2/2015,CHI,L.A,,,,11,22,70,6,8,32,,15,28,72,4,57,50
3,13:39,5v5,CHI,72,w,4,57,,dl,nc,,,,,,,,,0,32,20170,11/2/2015,CHI,L.A,,,,21,22,70,6,8,32,,15,28,72,6,52,50
3,13:18,5v5,L.A,22,w,70,6,,dr,dc,,y,,2 on 1,,,,,0,50,20170,11/2/2015,CHI,L.A,,,,21,22,70,3,27,32,,15,19,28,6,52,50
3,13:10,5v5,CHI,6,w,28,,,nc,,,,,,,,,,0,32,20170,11/2/2015,CHI,L.A,,,,21,22,17,3,27,32,,15,19,28,6,52,50
3,12:43,5v5,CHI,19,t,7,88,19,oc,opl,oc,y,,,,,,,0,32,20170,11/2/2015,CHI,L.A,,,,73,77,17,3,27,32,,19,88,86,7,43,50
3,12:33,5v5,CHI,43,s,19,7,86,or,or,or,,,,,,,,0,32,20170,11/2/2015,CHI,L.A,,,,73,77,17,3,27,32,,19,88,86,7,43,50
3,12:16,5v5,L.A,13,w,71,,,oc,,,y,,,,,,,0,50,20170,11/2/2015,CHI,L.A,,,,11,71,13,3,8,32,,56,67,38,7,43,50
3,10:58,5v5,CHI,86,w,88,15,,oelc,ol,,y,y,,y,,,,0,32,20170,11/2/2015,CHI,L.A,,,,21,22,70,6,10,32,,15,88,86,7,43,50
3,9:24,5v5,L.A,11,t,23,6,,oc,ol,,y,y,,,,,,1,50,20170,11/2/2015,CHI,L.A,,,,11,12,23,6,27,32,,11,16,65,7,43,50
3,8:45,5v5,L.A,13,w,21,22,8,nc,nr,dr,,,,,,,,1,50,20170,11/2/2015,CHI,L.A,,,,21,22,13,7,8,32,,56,67,88,6,52,50
3,7:52,5v5,CHI,7,s,11,,,opr ,,,,,,,,,,1,32,20170,11/2/2015,CHI,L.A,,,,11,12,23,8,10,32,,11,16,65,7,43,50
3,7:43,5v5,L.A,8,w,23,,,dr,,,,y,,,,,,1,50,20170,11/2/2015,CHI,L.A,,,,11,12,23,8,10,32,,11,16,65,7,43,50
3,7:38,5v5,L.A,6,s,21,,,of,,,,,,,,,,1,50,20170,11/2/2015,CHI,L.A,,,,11,12,23,8,10,32,,11,16,65,7,43,50
3,7:11,5v5,L.A,21,t,27,,,or,,,y,,,,,,,1,50,20170,11/2/2015,CHI,L.A,,,,21,22,13,6,27,32,,15,88,86,6,52,50
3,6:58,5v5,L.A,6,o,13,22,21,oell,oelc,ol,y,y,,,,,,1,50,20170,11/2/2015,CHI,L.A,,,,21,22,13,6,8,32,,15,88,86,6,52,50
3,6:51,5v5,L.A,8,w,77,,,ofp,,,,y,,,,,,1,50,20170,11/2/2015,CHI,L.A,,,,73,77,17,3,8,32,,19,28,72,4,57,50
3,6:09,5v5,L.A,73,w,77,8,,nr,dc,,,y,,,,,,1,50,20170,11/2/2015,CHI,L.A,,,,73,77,17,3,8,32,,19,72,88,4,57,50
3,5:10,5v5,L.A,12,w,23,11,,oc,nr,,,y,,,,,,1,50,20170,11/2/2015,CHI,L.A,,,,11,12,23,8,10,32,,56,65,67,4,57,50
3,4:12,5v5,L.A,13,w,21,8,,nr,dr ,,,y,,,,,,1,50,20170,11/2/2015,CHI,L.A,,,,21,22,13,10,27,32,,19,88,86,7,43,50
3,3:47,5v5,CHI,72,w,4,,,dl,,,,,,,,,,1,32,20170,11/2/2015,CHI,L.A,,,,73,77,17,6,27,32,,19,28,72,4,57,50
3,2:38,5v4,L.A,27,s,8,11,8,oc,opr,nc,,y,,,,,,1,50,20170,11/2/2015,CHI,L.A,,,,11,73,77,8,27,32,,15,19,4,7,50,0
3,2:29,5v4,L.A,73,w,27,73,,oc,oelpl,,,,,,,,,1,50,20170,11/2/2015,CHI,L.A,,,,11,73,77,8,27,32,,15,19,4,7,50,0
3,1:55,5v4,L.A,27,w,10,22,21,opr,oc,of,,,,,,,,1,50,20170,11/2/2015,CHI,L.A,,,,21,12,23,10,27,32,,16,19,4,57,50,0
3,1:33,4v5,CHI,15,w,19,,,nl,,,y,y,1 on 0,y,,,,1,32,20170,11/2/2015,CHI,L.A,,,,21,12,23,10,27,32,,15,19,4,7,50,0
3,0:49,6v5,L.A,17,w,11,73,8,oc,nr,dr,,y,,,,,,2,50,20170,11/2/2015,CHI,L.A,,,,11,73,77,17,6,8,,19,72,88,4,7,50
3,0:24,6v5,L.A,11,w,73,11,6,oc,or,dl,,,,,,,,2,50,20170,11/2/2015,CHI,L.A,,,,11,73,77,17,10,27,,19,72,88,4,7,50
1,19:35,5v5,L.A,11,B,23,,,orrc,,,y,y,,,,,,0,40,20794,2/9/2016,BOS,L.A,40,32,,11,17,23,3,8,32,,37,63,14,33,62,40
1,18:49,5v5,BOS,88,W,44,45,,dr,dl,,,y,,,,,,0,32,20794,2/9/2016,BOS,L.A,50,1,,22,44,12,6,27,32,,46,88,21,44,45,40
1,18:19,5v5,BOS,39,W,11,44,,ol,nc,,,y,,,,,,0,32,20794,2/9/2016,BOS,L.A,,,,22,44,12,10,52,32,,51,11,39,44,45,40
1,17:31,5v5,L.A,8,W,74,,,opr,,,,,,,,,,0,40,20794,2/9/2016,BOS,L.A,,,,15,71,74,3,8,32,,25,29,11,47,86,40
1,16:31,5v5,BOS,14,W,37,63,,oelc,oelr,,y,y,,,,,,0,32,20794,2/9/2016,BOS,L.A,,,,11,17,23,6,27,32,,37,63,14,33,44,40
1,16:23,5v5,BOS,88,T,46,,,or,,,y,y,,,,,,0,32,20794,2/9/2016,BOS,L.A,,,,73,77,74,6,27,32,,46,88,21,44,45,40
1,15:41,5v5,BOS,11,S,44,,,ol,,,y,,,,,,,0,32,20794,2/9/2016,BOS,L.A,,,,73,77,74,10,52,32,,37,63,11,14,44,47
1,15:34,6v5,BOS,11,W,21,,,oelr,,,,,,,,,,0,32,20794,2/9/2016,BOS,L.A,,,,73,77,74,10,52,32,,37,63,11,14,44,47
1,14:59,5v4,BOS,33,S,45,39,,ol,opl,,,y,,,39,y,,0,32,20794,2/9/2016,BOS,L.A,,,,22,77,3,8,32,0,,63,11,39,33,45,40
1,14:14,5v5,BOS,33,S,63,,,opl,,,,,,,,,,1,32,20794,2/9/2016,BOS,L.A,,,,11,17,23,27,52,32,,37,63,14,33,62,40
1,12:53,5v5,L.A,77,B,74,6,8,nl,dl,dc,,y,,,,,,1,40,20794,2/9/2016,BOS,L.A,,,,73,77,74,27,52,32,,46,88,21,47,86,40
1,12:01,5v5,L.A,8,S,11,23,,opr,nc,,,,,,,,,1,40,20794,2/9/2016,BOS,L.A,,,,11,17,23,3,8,32,,37,63,14,33,62,40
1,11:27,5v5,BOS,37,B,33,,,dsl,,,,y,,,,,,1,32,20794,2/9/2016,BOS,L.A,,,,11,17,23,3,8,32,,37,63,14,33,62,40
1,11:06,5v5,L.A,22,W,8,,,dc,,,,y,,,,,,1,40,20794,2/9/2016,BOS,L.A,,,,11,22,17,3,8,32,,25,29,64,44,45,40
1,9:48,5v5,BOS,21,W,88,,,or,,,y,,,,,,,1,32,20794,2/9/2016,BOS,L.A,,,,73,77,74,27,52,32,,46,88,21,47,86,40
1,9:10,5v5,L.A,11,W,23,,,oc,,,,y,,,,,,1,40,20794,2/9/2016,BOS,L.A,,,,11,17,23,3,8,32,,37,63,14,33,86,40
1,8:12,5v5,L.A,71,W,15,,,,,,,y,,,,,,1,40,20794,2/9/2016,BOS,L.A,,,,15,71,13,6,10,32,,25,29,64,44,45,40
1,7:03,5v5,L.A,73,W,52,,,dsr,,,,y,,,,,,1,40,20794,2/9/2016,BOS,L.A,,,,73,77,74,6,8,32,,46,88,21,47,86,40
1,6:34,5v5,BOS,63,W,14,,,orrc,,,y,y,,,,,,1,32,20794,2/9/2016,BOS,L.A,,,,11,17,23,6,8,32,,37,63,14,33,62,40
1,6:09,5v5,L.A,73,W,52,11,,dc,nc,,,y,,,,,,1,40,20794,2/9/2016,BOS,L.A,,,,73,77,74,27,52,32,,46,64,21,44,45,40
1,4:59,5v5,BOS,29,W,86,,,oelc,,,y,,,,,,,1,32,20794,2/9/2016,BOS,L.A,,,,15,73,74,27,52,32,,25,29,64,47,86,40
1,4:36,5v5,BOS,47,W,86,,,nc,,,,,,,29,Y,,1,32,20794,2/9/2016,BOS,L.A,,,,44,71,13,10,27,32,,25,29,64,47,62,40
1,3:56,5v5,L.A,23,W,11,,,of,,,y,y,,,,,,1,40,20794,2/9/2016,BOS,L.A,,,,11,17,23,3,8,32,,37,63,14,33,62,40
1,2:59,5v4,L.A,77,W,6,,,oc,,,y,,,,,,,1,40,20794,2/9/2016,BOS,L.A,,,,11,73,77,6,8,32,,46,21,33,86,40,0
1,2:50,5v4,L.A,6,S,8,,,oc,,,,y,,,,,,1,40,20794,2/9/2016,BOS,L.A,,,,11,73,77,6,8,32,,25,37,33,86,40,0
1,2:04,5v4,L.A,8,W,6,11,73,oc,opl,oc,,,,,,,,1,40,20794,2/9/2016,BOS,L.A,,,,11,73,77,6,8,32,,25,37,33,86,40,0
1,1:59,5v4,L.A,77,W,73,11,,oc,ol,,y,y,,,,,,1,40,20794,2/9/2016,BOS,L.A,,,,11,73,77,6,8,32,,25,37,33,86,40,0
1,1:39,6v4,L.A,77,W,6,8,11,ol,oc,opr,y,y,,y,,,,1,40,20794,2/9/2016,BOS,L.A,,,,11,73,77,6,8,32,,25,37,33,86,40,0
1,0:35,5v5,BOS,51,W,39,,,oc,,,,,,,,,,0,32,20794,2/9/2016,BOS,L.A,,,,44,12,74,6,8,32,,51,11,39,47,86,40
1,0:16,5v5,L.A,12,B,44,,,oelc,,,y,y,,y,,,,0,40,20794,2/9/2016,BOS,L.A,,,,44,12,74,8,27,32,,51,11,39,47,86,40
1,0:02,5v5,BOS,37,W,63,,,ol,,,,,,,,,,-1,32,20794,2/9/2016,BOS,L.A,,,,15,71,13,27,52,32,,37,63,14,33,62,40
2,19:06,5v5,L.A,23,W,11,17,,oc,nc,,,y,,,,,,-1,40,20794,2/9/2016,BOS,L.A,,,,11,17,23,6,27,32,,46,88,21,47,86,40
2,18:50,5v5,L.A,74,W,77,,,oelc,,,y,y,,,,,,-1,40,20794,2/9/2016,BOS,L.A,,,,73,77,74,6,27,32,,46,88,21,47,86,40
2,18:31,5v5,BOS,21,W,88,,,nc,,,,,,,,,,-1,32,20794,2/9/2016,BOS,L.A,,,,73,77,74,6,27,32,,46,88,21,47,86,40
2,18:01,5v5,L.A,77,W,73,,,dr,,,y,,,,,,,-1,40,20794,2/9/2016,BOS,L.A,,,,73,77,74,10,52,32,,51,11,39,44,45,40
2,17:10,5v5,BOS,37,W,33,47,,nsc,nc,,,y,,,,,,-2,32,20794,2/9/2016,BOS,L.A,,,,11,17,23,6,27,32,,37,63,14,33,62,40
2,16:57,5v5,BOS,63,W,37,,,of,,,y,y,,,,,,-2,32,20794,2/9/2016,BOS,L.A,,,,11,17,23,3,8,32,,37,63,14,33,62,40
2,16:51,5v5,BOS,62,S,63,,,or,,,,y,,,,,,-2,32,20794,2/9/2016,BOS,L.A,,,,11,17,23,3,8,32,,37,63,14,33,62,40
2,16:40,5v5,L.A,23,W,11,,,nc,,,,y,,,,,,-2,40,20794,2/9/2016,BOS,L.A,,,,11,17,23,3,8,32,,37,63,14,33,62,40
2,16:18,5v5,BOS,44,S,47,21,,ol,opl,,,y,,,,,,-2,32,20794,2/9/2016,BOS,L.A,,,,11,17,23,3,8,32,,46,88,21,44,47,40
2,16:08,5v5,BOS,44,S,88,,,opl,,,,y,,,,,,-2,32,20794,2/9/2016,BOS,L.A,,,,11,17,23,3,8,32,,46,88,21,44,47,40
2,15:59,5v5,BOS,88,B,46,,,nc,,,,y,,,,,,-2,32,20794,2/9/2016,BOS,L.A,,,,11,17,23,3,8,32,,46,88,21,44,47,40
2,15:27,5v5,L.A,74,W,23,,,nr,,,,y,,,,,,-2,40,20794,2/9/2016,BOS,L.A,,,,11,23,74,3,8,32,,46,11,21,44,47,40
2,15:08,5v5,L.A,10,W,23,77,,dr,dr,,,,,,,,,-2,40,20794,2/9/2016,BOS,L.A,,,,73,77,74,10,52,32,,51,11,39,45,86,40
2,14:47,5v5,L.A,12,W,77,,,ol,,,,y,,,,,,-2,40,20794,2/9/2016,BOS,L.A,,,,44,73,12,10,52,32,,51,11,39,45,86,40
2,14:18,5v4,BOS,47,W,46,,,or,,,,,,,,,,-2,32,20794,2/9/2016,BOS,L.A,,,,11,22,12,6,32,0,,37,46,51,21,47,40
2,13:16,5v4,BOS,63,W,45,,,or,,,,,,,,,,-2,32,20794,2/9/2016,BOS,L.A,,,,22,74,6,52,32,0,,63,11,39,33,45,40
2,12:53,5v4,BOS,33,S,45,63,,oc,opr,,,,,,,,,-2,32,20794,2/9/2016,BOS,L.A,,,,22,74,6,52,32,0,,63,11,39,33,45,40
2,12:33,5v4,BOS,45,S,39,,,or,,,,,,,39,,,-2,32,20794,2/9/2016,BOS,L.A,,,,44,74,6,52,32,0,,63,11,39,33,45,40
2,11:16,5v5,L.A,6,W,23,,,oelpr,,,,y,,,,,,-2,40,20794,2/9/2016,BOS,L.A,,,,11,17,23,6,27,32,,37,63,14,33,62,40
2,10:52,5v5,BOS,37,O,14,,,or,,,,y,,,,,,-2,32,20794,2/9/2016,BOS,L.A,,,,11,71,13,6,27,32,,37,63,14,33,62,40
2,10:28,5v5,BOS,88,W,46,63,47,orrc,oc,dsr,Y,y,,,,,,-2,32,20794,2/9/2016,BOS,L.A,,,,15,71,13,3,8,32,,46,63,88,44,47,40
2,10:07,5v5,L.A,8,W,13,,,oc,,,y,,,,,,,-2,40,20794,2/9/2016,BOS,L.A,,,,15,71,13,3,8,32,,46,88,21,44,47,40
2,10:02,5v5,L.A,8,S,73,77,,opc,of,,,y,,,,,,-2,40,20794,2/9/2016,BOS,L.A,,,,73,77,74,3,8,32,,37,63,14,45,86,40
2,9:34,5v5,L.A,73,S,8,74,3,oc,dr,dr,y,,,,,,,-2,40,20794,2/9/2016,BOS,L.A,,,,73,77,74,3,8,32,,37,63,14,45,86,40
2,8:59,5v4,L.A,17,T,8,27,,oc,oc,,y,y,,,,,,-2,40,20794,2/9/2016,BOS,L.A,,,,44,12,17,8,27,32,,25,29,33,62,40,0
2,8:19,5v4,L.A,27,S,8,44,,opl,or,,,,,,,,,-2,40,20794,2/9/2016,BOS,L.A,,,,44,12,17,8,27,32,,25,29,33,62,40,0
2,7:58,5v4,L.A,8,S,27,44,12,oc,opr,or,,,,,,,,-2,40,20794,2/9/2016,BOS,L.A,,,,44,12,17,8,27,32,,25,29,33,62,40,0
2,7:52,5v4,L.A,17,T,12,8,,oc,or,,y,y,,,,,,-2,40,20794,2/9/2016,BOS,L.A,,,,44,12,17,8,27,32,,25,29,33,62,40,0
2,7:30,5v5,BOS,21,W,88,,,or,,,,y,,,,,,-3,32,20794,2/9/2016,BOS,L.A,,,,73,77,74,6,52,32,,46,88,21,44,47,40
2,7:18,5v5,L.A,77,W,6,,,dl,,,,y,,,74,y,y,-3,40,20794,2/9/2016,BOS,L.A,,,,73,77,74,3,52,32,,46,88,21,44,47,40
2,5:36,5v5,BOS,47,W,46,86,,or,or,,,,,,,,,-4,32,20794,2/9/2016,BOS,L.A,,,,11,22,12,10,52,32,,46,88,21,47,86,50
2,5:13,5v5,BOS,47,W,86,46,,or,opr,,,,,,,,,-4,32,20794,2/9/2016,BOS,L.A,,,,11,22,12,10,52,32,,46,88,21,44,47,50
2,3:43,5v4,BOS,45,W,33,63,,or,opr,,,,,,,,,-4,32,20794,2/9/2016,BOS,L.A,,,,73,77,6,8,32,0,,63,11,14,33,45,50
2,2:41,5v4,BOS,51,O,46,47,,oc,or,,,,,,,,,-4,32,20794,2/9/2016,BOS,L.A,,,,11,23,27,52,32,0,,37,46,51,21,47,50
2,2:35,5v4,BOS,46,O,47,37,21,or,opr,oelr,,y,,,,,,-4,32,20794,2/9/2016,BOS,L.A,,,,11,23,27,52,32,0,,37,46,51,21,47,50
2,1:04,5v5,L.A,6,W,22,,,oelc,,,,y,,,22,y,y,-4,50,20794,2/9/2016,BOS,L.A,,,,22,71,13,6,27,32,,51,11,88,45,62,50
2,0:51,5v5,L.A,17,W,77,,,oc,,,y,y,,,,,,-5,50,20794,2/9/2016,BOS,L.A,,,,73,77,17,6,27,32,,46,88,21,33,86,50
2,0:01,5v5,BOS,37,W,63,,,ol,,,y,y,,,,,,-5,32,20794,2/9/2016,BOS,L.A,,,,22,44,12,3,8,32,,37,63,14,44,47,50
3,19:21,5v5,L.A,6,W,77,17,,oc,or,,y,y,,,,,,-5,50,20794,2/9/2016,BOS,L.A,,,,73,77,17,6,27,32,,37,88,21,33,62,50
3,19:15,5v5,L.A,73,W,77,6,,ol,ol,,y,y,,,,,,-5,50,20794,2/9/2016,BOS,L.A,,,,73,77,17,6,27,32,,37,88,21,33,62,50
3,18:47,5v5,BOS,21,W,46,44,88,nc,dl,dr,,y,,,47,y,,-5,32,20794,2/9/2016,BOS,L.A,,,,73,77,74,10,52,32,,46,88,21,44,47,50
3,17:13,5v5,L.A,10,S,52,13,,or,oelpr,,,y,,,,,,-5,50,20794,2/9/2016,BOS,L.A,,,,11,71,13,10,52,32,,51,11,39,45,62,50
3,16:53,5v5,L.A,13,W,23,,,oelc,,,y,y,,,,,,-5,50,20794,2/9/2016,BOS,L.A,,,,11,13,23,10,52,32,,51,11,39,45,62,50
3,16:29,5v5,BOS,14,W,62,63,,dsc,dl,,y,,,,,,,-5,32,20794,2/9/2016,BOS,L.A,,,,11,17,23,6,27,32,,37,63,14,33,62,50
3,16:19,5v5,L.A,17,W,11,,,orrc,,,y,y,,y,,,,-5,50,20794,2/9/2016,BOS,L.A,,,,11,73,17,3,8,32,,37,63,14,33,62,50
3,15:38,5v5,L.A,73,W,8,,,dc,,,y,y,,,,,,-6,50,20794,2/9/2016,BOS,L.A,,,,73,77,74,10,52,32,,46,88,21,44,47,50
3,15:18,5v5,BOS,86,S,25,,,ofp,,,,,,,,,,-6,32,20794,2/9/2016,BOS,L.A,,,,22,44,12,10,52,32,,25,29,64,45,86,50
3,15:16,5v5,BOS,64,O,86,,,or,,,,y,,y,,,,-6,32,20794,2/9/2016,BOS,L.A,,,,22,44,12,10,52,32,,25,29,64,45,86,50
3,14:30,5v5,BOS,29,W,45,,,dc,,,,y,,,,,,-5,32,20794,2/9/2016,BOS,L.A,,,,15,22,13,6,27,32,,25,29,64,45,86,50
3,12:32,5v5,L.A,74,T,8,77,73,or,opr,or,y,y,,,,,,-5,50,20794,2/9/2016,BOS,L.A,,,,73,77,74,6,27,32,,46,88,21,45,86,50
3,12:15,5v5,L.A,73,W,74,8,,oelc,ol,,,y,,,,,,-5,50,20794,2/9/2016,BOS,L.A,,,,73,77,74,6,27,32,,46,88,21,45,86,50
3,11:04,5v5,L.A,8,W,71,,,nc,,,,,,,,,,-5,50,20794,2/9/2016,BOS,L.A,,,,15,71,13,3,8,32,,51,11,39,45,86,50
3,10:54,5v5,L.A,3,S,8,71,13,or,opr,oelc,,,,,,,,-5,50,20794,2/9/2016,BOS,L.A,,,,15,71,13,3,8,32,,51,11,39,45,86,50
3,10:19,5v5,L.A,17,W,11,6,27,orrr,dsl,dr,,,,,,,,-5,50,20794,2/9/2016,BOS,L.A,,,,11,17,23,6,27,32,,37,63,14,33,62,50
3,8:33,5v5,BOS,45,O,64,,,ol,,,y,y,,,29,Y,,-5,32,20794,2/9/2016,BOS,L.A,,,,22,44,12,10,52,32,,25,29,64,45,86,50
3,8:00,5v5,L.A,13,W,71,3,,oc,nc,,,,,,,,,-5,50,20794,2/9/2016,BOS,L.A,,,,15,71,13,3,8,32,,25,29,64,45,86,50
3,6:46,5v5,L.A,27,O,6,11,,ol,opl,,,,,,,,,-5,50,20794,2/9/2016,BOS,L.A,,,,11,17,23,6,27,32,,51,11,39,33,62,50
3,6:10,5v4,L.A,52,S,10,73,,oc,opr,,,y,,y,,,,-5,50,20794,2/9/2016,BOS,L.A,,,,73,77,74,10,52,32,,37,63,44,86,50,0
3,4:50,5v5,L.A,13,W,15,,,oc,,,,y,,,,,,-6,50,20794,2/9/2016,BOS,L.A,,,,15,71,13,6,27,32,,25,29,64,44,47,50
3,2:38,5v5,L.A,73,S,77,27,,oc,dc,,,y,,,,,,-7,50,20794,2/9/2016,BOS,L.A,,,,73,77,74,6,27,32,,46,88,21,45,86,50
3,2:24,5v5,BOS,88,W,46,21,,oc,dl,,y,,,,,,,-7,32,20794,2/9/2016,BOS,L.A,,,,73,77,74,6,27,32,,46,63,88,33,62,50
3,1:14,5v5,BOS,29,W,64,45,62,ol,nc,dc,,,,,,,,-7,32,20794,2/9/2016,BOS,L.A,,,,15,71,13,10,52,32,,25,29,64,45,86,50
3,0:35,5v5,L.A,13,S,27,,,dl,,,,y,,,,,,-7,50,20794,2/9/2016,BOS,L.A,,,,11,71,13,6,27,32,,25,14,39,45,86,50
3,0:19,5v5,BOS,14,W,39,,,oc,,,y,,,,,,,-7,32,20794,2/9/2016,BOS,L.A,,,,11,71,13,6,52,32,,25,14,39,44,45,50
