Period,Time,Strength,Team,Shooter,Shot Type?,A1,A2,A3,A1 Zone,A2 Zone,A3 Zone,SC?,SOG?,Oddman,G?,RB,RB SOG?,RB G?,Home Score State,Goalie,Game ID,Date,Home:,Away: ,Home Goalies,Away Goalies,Isles,F,F,F,D,D,G/Extra Attacker,Opp,F,F,F,D,D,G/Extra Attacker
1,19:22,5v5,NYI,18,w,17,,,ol,,,Y,,,,,,,0,33,20026,10/10/2015,CHI,NYI,33,30,Starter,18,91,17,3,44,30,,19,28,81,4,43,33
1,17:25,5v5,CHI,86,s,14,7,,nr,dc,,,y,,,,,,0,30,20026,10/10/2015,CHI,NYI,50,1,Backup,53,15,17,2,55,30,,14,29,86,2,4,33
1,16:16,5v5,NYI,21,w,12,51,,dl,dl,,,y,,,,,,0,33,20026,10/10/2015,CHI,NYI,,,,12,51,21,3,44,30,,15,72,88,6,57,33
1,16:13,5v5,NYI,51,o,12,,,oelc,,,,,,,,,,0,33,20026,10/10/2015,CHI,NYI,,,,12,51,21,3,44,30,,15,72,88,6,57,33
1,15:53,5v5,CHI,88,w,57,72,,oc,opl,,,y,,,57,y,y,0,30,20026,10/10/2015,CHI,NYI,,,,12,51,21,3,44,30,,15,72,88,6,57,33
1,15:36,5v5,NYI,27,,29,,,opl,,,,,,,,,,1,33,20026,10/10/2015,CHI,NYI,,,,Event Not in PBP or >10 Second Difference,Event Not in PBP or >10 Second Difference,Event Not in PBP or >10 Second Difference,Event Not in PBP or >10 Second Difference,Event Not in PBP or >10 Second Difference,Event Not in PBP or >10 Second Difference,,Event Not in PBP or >10 Second Difference,Event Not in PBP or >10 Second Difference,Event Not in PBP or >10 Second Difference,Event Not in PBP or >10 Second Difference,Event Not in PBP or >10 Second Difference,Event Not in PBP or >10 Second Difference
1,15:03,5v5,NYI,53,s,15,37,,nc,dsr,,,,,,,,,1,33,20026,10/10/2015,CHI,NYI,,,,53,15,17,2,55,30,,11,16,65,2,57,33
1,14:50,5v5,CHI,16,w,2,,,dc,,,,y,,,,,,1,30,20026,10/10/2015,CHI,NYI,,,,53,15,17,2,55,30,,11,16,65,2,57,33
1,14:43,5v5,CHI,6,w,81,57,19,oc,oc,of,,,,,,,,1,30,20026,10/10/2015,CHI,NYI,,,,53,15,17,2,55,30,,19,28,81,6,57,33
1,13:54,5v5,CHI,15,a,88,,,or,,,y,y,,,,,,1,30,20026,10/10/2015,CHI,NYI,,,,18,27,91,3,55,30,,15,72,88,2,4,33
1,11:37,5v5,CHI,6,w,19,81,,ol,oc,,y,,,,,,,1,30,20026,10/10/2015,CHI,NYI,,,,29,84,86,2,55,30,,19,28,81,6,57,33
1,11:17,5v5,NYI,44,o,17,,,opl,,,,y,,,,,,1,33,20026,10/10/2015,CHI,NYI,,,,29,84,17,3,44,30,,19,72,81,6,57,33
1,11:12,5v5,NYI,3,w,44,53,,oc,of,,,,,,,,,1,33,20026,10/10/2015,CHI,NYI,,,,53,15,17,3,44,30,,15,16,88,7,43,33
1,11:05,5v5,NYI,17,o,15,44,,ol,ol,,,y,,,,,,1,33,20026,10/10/2015,CHI,NYI,,,,53,15,17,3,44,30,,15,16,88,7,43,33
1,10:49,5v5,NYI,3,s,44,17,43,opl,opl,ol,,,,,,,,1,33,20026,10/10/2015,CHI,NYI,,,,53,15,17,3,44,30,,15,16,88,7,43,33
1,9:10,5v5,NYI,12,w,51,12,,oelc,or,,,,,,,,,1,33,20026,10/10/2015,CHI,NYI,,,,12,51,21,2,55,30,,19,28,81,6,57,33
1,8:36,5v5,CHI,7,s,19,7,19,opr,or,opr,,,,,,,,1,30,20026,10/10/2015,CHI,NYI,,,,12,29,84,2,55,30,,19,28,81,7,43,33
1,7:52,5v5,NYI,84,w,29,44,,nl,dl,,y,y,,,,,,1,33,20026,10/10/2015,CHI,NYI,,,,29,84,86,3,44,30,,15,72,88,7,43,33
1,7:17,5v5,CHI,29,o,86,6,,oc,dc,,y,,,,,,,1,30,20026,10/10/2015,CHI,NYI,,,,53,15,17,28,37,30,,14,29,86,6,57,33
1,7:00,5v5,CHI,14,w,86,,,ol,,,,y,,,,,,1,30,20026,10/10/2015,CHI,NYI,,,,91,15,17,28,37,30,,14,29,86,2,4,33
1,6:40,5v5,NYI,27,o,18,,,oelc,,,y,y,,,91,y,,1,33,20026,10/10/2015,CHI,NYI,,,,18,27,91,2,55,30,,11,16,65,2,4,33
1,6:13,5v5,CHI,4,s,2,16,,opl,oelr,,,,,,,,,1,30,20026,10/10/2015,CHI,NYI,,,,Event Not in PBP or >10 Second Difference,Event Not in PBP or >10 Second Difference,Event Not in PBP or >10 Second Difference,Event Not in PBP or >10 Second Difference,Event Not in PBP or >10 Second Difference,Event Not in PBP or >10 Second Difference,,Event Not in PBP or >10 Second Difference,Event Not in PBP or >10 Second Difference,Event Not in PBP or >10 Second Difference,Event Not in PBP or >10 Second Difference,Event Not in PBP or >10 Second Difference,Event Not in PBP or >10 Second Difference
1,5:55,5v5,NYI,3,s,91,,,opr,,,,,,,,,,1,33,20026,10/10/2015,CHI,NYI,,,,12,18,91,3,44,30,,11,19,65,2,4,33
1,4:51,5v5,NYI,21,w,44,21,51,ol,oelpc,or,,,,,,,,1,33,20026,10/10/2015,CHI,NYI,,,,12,51,21,3,44,30,,15,72,88,7,43,33
1,4:02,5v5,NYI,84,t,28,84,86,or,oc,nc,y,y,,,,,,1,33,20026,10/10/2015,CHI,NYI,,,,29,84,86,28,37,30,,19,28,81,6,57,33
1,3:17,5v5,NYI,53,w,55,,,dsr,,,y,y,,,,,,1,33,20026,10/10/2015,CHI,NYI,,,,53,15,17,2,55,30,,14,29,86,7,43,33
1,3:13,5v5,NYI,55,o,8,91,,or,of,,,y,,,,,,1,33,20026,10/10/2015,CHI,NYI,,,,18,27,91,2,55,30,,11,16,65,2,4,33
1,2:30,5v5,CHI,86,w,14,,,or,,,,,,,,,,1,30,20026,10/10/2015,CHI,NYI,,,,18,27,91,2,55,30,,14,29,86,6,57,33
1,0:45,4v5,CHI,81,w,19,4,,nr,dr,,y,,1 on 0,,,,,1,30,20026,10/10/2015,CHI,NYI,,,,18,27,91,21,28,30,,19,81,7,43,33,0
1,0:03,4v4,CHI,2,s,19,2,,nl,dl,,,y,,,,,,1,30,20026,10/10/2015,CHI,NYI,,,,12,51,3,44,30,0,,19,88,2,7,33,0
2,19:46,4v4,NYI,27,t,2,18,27,ol,oc,nr,y,,,,,,,1,33,20026,10/10/2015,CHI,NYI,,,,18,27,2,55,30,0,,19,88,2,7,33,0
2,19:38,4v4,NYI,15,o,53,,,of,,,y,,,,,,,1,33,20026,10/10/2015,CHI,NYI,,,,18,27,2,55,30,0,,19,88,2,7,33,0
2,19:07,5v4,CHI,2,s,7,14,,opc,or,,,,,,,,,1,30,20026,10/10/2015,CHI,NYI,,,,53,15,37,55,30,0,,15,72,81,2,7,33
2,18:27,5v5,CHI,81,w,72,81,72,or,oelc,oelc,y,y,,,,,,1,30,20026,10/10/2015,CHI,NYI,,,,51,91,86,3,44,30,,15,72,81,6,57,33
2,17:44,5v5,CHI,28,w,88,57,19,oc,nc,nr,,y,,,,,,1,30,20026,10/10/2015,CHI,NYI,,,,12,91,21,3,44,30,,19,28,88,6,57,33
2,17:17,5v5,NYI,2,s,21,,,ol,,,,,,,,,,1,33,20026,10/10/2015,CHI,NYI,,,,12,29,21,2,28,30,,19,28,88,4,43,33
2,17:11,5v5,CHI,88,b,19,,,dc,,,y,y,,,,,,1,30,20026,10/10/2015,CHI,NYI,,,,29,21,17,2,28,30,,19,28,88,6,57,33
2,16:06,5v5,NYI,86,b,3,,,dsc,,,y,y,,,,,,1,33,20026,10/10/2015,CHI,NYI,,,,84,15,86,3,37,30,,11,16,65,7,43,33
2,15:06,5v5,CHI,19,t,81,19,28,or,oc,nl,y,y,,,,,,1,30,20026,10/10/2015,CHI,NYI,,,,12,91,21,2,44,30,,19,28,81,2,4,33
2,14:07,5v5,CHI,72,w,88,,,oelc,,,y,y,,y,,,,1,30,20026,10/10/2015,CHI,NYI,,,,27,29,51,2,37,30,,15,72,88,6,57,33
2,12:48,4v5,NYI,51,w,86,,,nc,,,,y,,,51,y,,2,33,20026,10/10/2015,CHI,NYI,,,,51,86,37,55,30,0,,19,65,88,2,7,33
2,11:47,5v4,CHI,88,w,19,88,86,oc,or,oc,,y,,,,,,2,30,20026,10/10/2015,CHI,NYI,,,,51,86,37,55,30,0,,19,65,88,86,2,33
2,9:03,5v4,NYI,3,s,2,29,,ol,opl,,,y,,,,,,2,33,20026,10/10/2015,CHI,NYI,,,,12,18,29,2,3,30,,19,81,7,43,33,0
2,8:13,5v5,CHI,72,w,7,,,dsc,,,y,y,1 on 0,,,,,2,30,20026,10/10/2015,CHI,NYI,,,,53,15,17,2,55,30,,15,72,88,7,43,33
2,7:35,5v5,NYI,28,o,91,,,opr,,,,,,,,,,2,33,20026,10/10/2015,CHI,NYI,,,,12,91,86,28,37,30,,15,28,88,6,7,33
2,7:15,5v5,CHI,81,w,19,4,19,oc,or,opr,,y,,,,,,2,30,20026,10/10/2015,CHI,NYI,,,,12,91,86,28,37,30,,19,28,81,4,6,33
2,7:06,5v5,CHI,19,w,81,2,,oc,ol,,,y,,,,,,2,30,20026,10/10/2015,CHI,NYI,,,,12,91,86,28,37,30,,19,28,81,2,4,33
2,4:56,5v5,CHI,2,o,11,16,43,oc,ol,dc,,,,,,,,2,30,20026,10/10/2015,CHI,NYI,,,,27,29,21,3,44,30,,11,16,65,2,4,33
2,3:35,5v5,CHI,88,t,57,72,88,or,oc,or,y,y,,y,,,,2,30,20026,10/10/2015,CHI,NYI,,,,29,21,17,3,44,30,,15,72,88,6,57,33
2,2:29,5v5,CHI,81,o,28,43,81,ol,ol,opl,,,,,,,,3,30,20026,10/10/2015,CHI,NYI,,,,18,51,84,28,37,30,,19,28,81,7,43,33
2,2:06,5v5,NYI,51,w,18,37,,nr,dr,,,,,,,,,3,33,20026,10/10/2015,CHI,NYI,,,,18,51,84,28,37,30,,19,28,65,7,43,33
2,1:51,5v5,CHI,18,w,19,,,oc,,,,y,,,,,,3,30,20026,10/10/2015,CHI,NYI,,,,18,51,84,28,37,30,,19,28,65,6,57,33
3,18:10,5v5,CHI,4,w,19,,,or,,,,,,,,,,3,30,20026,10/10/2015,CHI,NYI,,,,18,27,84,3,28,30,,19,28,81,2,4,33
3,17:53,5v5,CHI,81,o,28,19,,oc,nl,,,y,,,,,,3,30,20026,10/10/2015,CHI,NYI,,,,18,27,84,28,37,30,,19,28,81,2,4,33
3,17:35,5v5,CHI,11,w,2,,,dsl,,,,,,,,,,3,30,20026,10/10/2015,CHI,NYI,,,,18,27,84,37,55,30,,11,19,81,2,7,33
3,14:07,5v5,NYI,44,o,15,17,,opl,ol,,,,,,,,,3,33,20026,10/10/2015,CHI,NYI,,,,53,15,17,3,44,30,,14,29,86,6,57,33
3,13:07,5v4,CHI,81,o,2,72,2,oc,opl,ol,,,,,,,,3,30,20026,10/10/2015,CHI,NYI,,,,51,86,37,55,30,0,,19,72,81,88,2,33
3,12:41,5v4,CHI,81,o,19,72,,oc,oc,,y,y,,,,,,3,30,20026,10/10/2015,CHI,NYI,,,,51,86,37,55,30,0,,19,72,81,88,2,33
3,9:52,5v5,NYI,53,w,3,,,dr,,,,,,,,,,3,33,20026,10/10/2015,CHI,NYI,,,,53,15,2,3,44,30,,65,29,86,4,57,33
3,9:30,5v5,NYI,18,s,84,,,nsc,,,,y,,,,,,3,33,20026,10/10/2015,CHI,NYI,,,,18,27,84,28,37,30,,11,16,65,4,7,33
3,8:32,5v5,NYI,51,w,44,,,dl,,,,,,,,,,3,33,20026,10/10/2015,CHI,NYI,,,,51,21,86,3,44,30,,15,72,88,7,43,33
3,7:14,5v5,NYI,2,s,17,53,,oc,oelpr,,,,,,,,,3,33,20026,10/10/2015,CHI,NYI,,,,53,15,17,2,55,30,,14,29,86,6,57,33
3,6:07,5v3,CHI,81,w,4,,,dsr,,,y,,,,,,,3,30,20026,10/10/2015,CHI,NYI,,,,18,27,91,28,37,30,,19,28,81,2,4,33
3,5:32,5v3,CHI,2,o,72,2,81,oc,ol,oc,y,,,,,,,3,30,20026,10/10/2015,CHI,NYI,,,,51,37,55,30,0,0,,19,72,81,88,2,33
3,5:17,5v3,CHI,81,o,2,,,oc,,,y,y,,,,,,3,30,20026,10/10/2015,CHI,NYI,,,,51,37,55,30,0,0,,19,72,81,88,2,33
3,4:55,5v3,CHI,7,o,86,6,7,orrr,oc,ol,y,,,,,,,3,30,20026,10/10/2015,CHI,NYI,,,,53,3,44,30,0,0,,15,65,86,6,7,33
3,4:42,5v3,CHI,86,o,6,86,6,oc,or,oc,,y,,,,,,3,30,20026,10/10/2015,CHI,NYI,,,,53,3,44,30,0,0,,15,65,86,6,7,33
3,4:33,5v3,CHI,7,o,86,65,,orrr,or,,y,y,,y,,,,3,30,20026,10/10/2015,CHI,NYI,,,,53,3,44,30,0,0,,15,65,86,6,7,33
3,2:50,5v5,CHI,81,o,28,19,7,ol,oc,dsr,y,,,,,,,4,30,20026,10/10/2015,CHI,NYI,,,,18,84,17,2,3,30,,19,28,81,6,7,33
3,2:14,5v4,CHI,6,o,14,6,14,ol,ol,ol,,y,,,,,,4,30,20026,10/10/2015,CHI,NYI,,,,51,86,37,55,30,0,,14,29,86,6,57,33
3,1:51,5v4,CHI,86,w,57,6,29,oc,oc,ol,,y,,,,,,4,30,20026,10/10/2015,CHI,NYI,,,,51,86,37,55,30,0,,14,29,86,6,57,33
3,1:36,5v4,CHI,88,o,57,,,oc,,,,y,,,,,,4,30,20026,10/10/2015,CHI,NYI,,,,53,15,2,3,30,0,,15,72,88,6,57,33
3,0:09,5v5,NYI,29,w,17,8,,ol,dsl,,y,,,,,,,3,33,20026,10/10/2015,CHI,NYI,,,,18,29,2,3,28,30,,11,65,86,6,7,33
1,16:44,5v5,NYI,18,w,27,91,2,oc,nc,dl,,Y,,,,,,0,50,20015,10/9/2015,NYI,CHI,1,50,,18,27,91,2,55,1,,19,81,86,2,4,50
1,16:41,5v5,NYI,37,s,53,,,of,,,,,,,,,,0,50,20015,10/9/2015,NYI,CHI,30,33,,53,15,17,28,37,1,,11,16,28,6,57,50
1,16:32,5v5,CHI,28,s,16,11,16,orrr,nc,dc,,Y,,,,,,0,1,20015,10/9/2015,NYI,CHI,,,,53,15,17,28,37,1,,11,16,28,6,57,50
1,16:19,5v5,CHI,57,w,16,,,or,,,,,,,,,,0,1,20015,10/9/2015,NYI,CHI,,,,29,84,86,3,44,1,,15,72,88,7,43,50
1,16:15,5v5,CHI,7,s,15,,,of,,,,,,,,,,0,1,20015,10/9/2015,NYI,CHI,,,,29,84,86,3,44,1,,15,72,88,7,43,50
1,15:55,5v5,NYI,44,w,3,91,,nr,nf,,,,,,,,,0,50,20015,10/9/2015,NYI,CHI,,,,18,27,91,3,44,1,,15,72,88,7,43,50
1,15:50,5v5,NYI,3,s,88,,,or,,,,Y,,,,,,0,50,20015,10/9/2015,NYI,CHI,,,,18,27,91,3,44,1,,15,72,88,7,43,50
1,15:33,5v5,CHI,29,b,14,2,,oc,orrl,,Y,Y,,,65,Y,,0,1,20015,10/9/2015,NYI,CHI,,,,29,84,86,3,44,1,,65,14,29,2,4,50
1,12:21,5v5,NYI,84,w,28,37,84,nr,dc,nl,,,,,,,,0,50,20015,10/9/2015,NYI,CHI,,,,29,84,86,28,37,1,,65,14,29,7,43,50
1,12:18,5v5,NYI,21,w,51,,,of,,,Y,Y,,,,,,0,50,20015,10/9/2015,NYI,CHI,,,,12,51,21,3,44,1,,19,81,86,4,43,50
1,12:12,5v5,NYI,3,s,51,,,or,,,,Y,,,44,Y,,0,50,20015,10/9/2015,NYI,CHI,,,,12,51,21,3,44,1,,19,81,86,4,43,50
1,11:08,5v4,CHI,88,b,7,88,2,or,nr,dc,Y,Y,,,,,,0,1,20015,10/9/2015,NYI,CHI,,,,53,15,37,55,1,0,,19,65,88,2,7,50
1,8:56,5v5,CHI,4,s,11,2,,oc,ol,,,,,,,,,0,1,20015,10/9/2015,NYI,CHI,,,,18,27,91,2,55,1,,11,16,28,2,4,50
1,7:52,5v4,NYI,18,s,21,91,,ol,of,,,,,,,,,0,50,20015,10/9/2015,NYI,CHI,,,,18,27,91,21,28,1,,11,16,2,4,50,0
1,7:30,4v5,CHI,11,w,19,,,nc,,,,,,,,,,0,1,20015,10/9/2015,NYI,CHI,,,,18,27,91,21,28,1,,11,19,7,43,50,0
1,4:33,5v5,NYI,37,w,51,12,,or,dr,,,Y,,,21,,,-1,50,20015,10/9/2015,NYI,CHI,,,,12,51,21,28,37,1,,65,14,86,7,43,50
1,3:25,5v5,NYI,3,s,18,91,,or,of,,,Y,,,,,,-1,50,20015,10/9/2015,NYI,CHI,,,,18,27,91,3,44,1,,19,81,86,2,4,50
1,2:35,5v5,CHI,88,w,72,,,or,,,,Y,,,,,,-1,1,20015,10/9/2015,NYI,CHI,,,,12,51,21,2,55,1,,15,72,88,6,57,50
1,2:27,5v5,CHI,72,o,88,15,,or,or,,,Y,,,6,Y,,-1,1,20015,10/9/2015,NYI,CHI,,,,12,51,21,2,55,1,,15,72,88,6,57,50
1,1:50,5v5,CHI,43,s,65,14,,or,oell,,,,,,,,,-1,1,20015,10/9/2015,NYI,CHI,,,,29,84,86,28,37,1,,65,14,29,7,43,50
1,1:25,5v5,CHI,57,s,29,,,oelr,,,,,,,,,,-1,1,20015,10/9/2015,NYI,CHI,,,,53,15,17,3,44,1,,11,16,28,6,57,50
1,1:18,5v5,CHI,28,w,16,,,or,,,Y,,,,,,,-1,1,20015,10/9/2015,NYI,CHI,,,,53,15,17,3,44,1,,11,16,28,6,57,50
1,0:30,5v5,CHI,4,s,19,,,or,,,,,,,,,,-1,1,20015,10/9/2015,NYI,CHI,,,,18,27,91,3,44,1,,19,81,86,2,4,50
1,0:07,5v5,NYI,91,a,2,91,18,ol,oelc,or,Y,,,,,,,-1,50,20015,10/9/2015,NYI,CHI,,,,18,27,91,2,55,1,,19,81,86,2,4,50
1,0:01,5v5,NYI,18,w,2,,,oell,,,,,,,,,,-1,50,20015,10/9/2015,NYI,CHI,,,,18,27,91,2,55,1,,19,81,86,2,4,50
2,19:05,5v5,NYI,37,s,28,91,,ol,of,,,,,,,,,-1,50,20015,10/9/2015,NYI,CHI,,,,18,27,91,2,55,1,,11,16,28,7,43,50
2,16:40,5v4,CHI,7,w,88,2,7,nc,dc,dr,Y,Y,,,,,,-1,1,20015,10/9/2015,NYI,CHI,,,,51,86,37,55,1,0,,19,65,88,2,7,50
2,16:26,5v4,CHI,7,s,2,19,88,or,or,or,,,,,,,,-1,1,20015,10/9/2015,NYI,CHI,,,,51,86,37,55,1,0,,19,65,88,2,7,50
2,16:13,5v4,CHI,19,w,7,19,,ol,oell,,Y,,,,,,,-1,1,20015,10/9/2015,NYI,CHI,,,,51,86,37,55,1,0,,19,65,88,2,7,50
2,15:59,5v4,CHI,6,s,86,81,15,or,or,or,,,,,,,,-1,1,20015,10/9/2015,NYI,CHI,,,,12,15,3,44,1,0,,15,72,81,86,6,50
2,14:38,5v5,NYI,91,w,55,53,18,oelr,ol,ol,Y,Y,,,91,Y,Y,-1,50,20015,10/9/2015,NYI,CHI,,,,18,53,91,2,55,1,,19,65,88,2,4,50
2,13:50,5v5,NYI,21,w,51,,,dl,,,,,,,,,,0,50,20015,10/9/2015,NYI,CHI,,,,12,51,21,3,44,1,,15,72,88,6,57,50
2,13:12,5v5,NYI,86,w,29,44,84,orrc,dl,dl,Y,,,,,,,0,50,20015,10/9/2015,NYI,CHI,,,,29,84,86,3,44,1,,19,65,81,2,4,50
2,12:40,5v5,NYI,55,s,91,,,of,,,,Y,,,,,,0,50,20015,10/9/2015,NYI,CHI,,,,18,27,91,2,55,1,,15,16,88,7,43,50
2,10:12,5v5,CHI,28,w,11,43,,nl,dl,,Y,Y,,,,,,0,1,20015,10/9/2015,NYI,CHI,,,,12,51,21,37,44,1,,11,16,28,7,43,50
2,9:30,5v5,CHI,72,o,19,72,,or,or,,Y,Y,,,,,,0,1,20015,10/9/2015,NYI,CHI,,,,12,51,21,2,3,1,,19,72,81,6,57,50
2,8:52,5v5,CHI,11,w,28,,,ol,,,Y,Y,,,,,,0,1,20015,10/9/2015,NYI,CHI,,,,18,27,91,37,55,1,,11,16,28,2,4,50
2,6:55,5v5,CHI,43,s,19,,,nr,,,,Y,,,,,,0,1,20015,10/9/2015,NYI,CHI,,,,12,84,21,28,37,1,,19,65,81,7,43,50
2,6:05,5v5,CHI,11,w,16,28,,or,or,,Y,,,,,,,0,1,20015,10/9/2015,NYI,CHI,,,,53,15,17,3,44,1,,11,16,28,6,57,50
2,5:49,5v5,NYI,17,w,44,3,53,dsc,dr,dc,,,,,,,,0,50,20015,10/9/2015,NYI,CHI,,,,53,15,17,3,44,1,,11,16,28,6,57,50
2,5:06,5v5,CHI,72,w,2,,,nc,,,,,,,,,,0,1,20015,10/9/2015,NYI,CHI,,,,18,27,91,2,55,1,,19,72,88,2,57,50
2,4:58,5v5,CHI,72,w,2,,,or,,,Y,Y,,,,,,0,1,20015,10/9/2015,NYI,CHI,,,,18,91,86,2,55,1,,19,72,88,2,57,50
2,4:49,5v5,CHI,88,w,19,2,,oelc,ol,,Y,Y,,Y,,,,0,1,20015,10/9/2015,NYI,CHI,,,,18,91,86,2,55,1,,19,72,88,2,57,50
2,3:46,5v5,CHI,7,s,86,14,,oc,or,,,Y,,,,,,-1,1,20015,10/9/2015,NYI,CHI,,,,Event Not in PBP or >10 Second Difference,Event Not in PBP or >10 Second Difference,Event Not in PBP or >10 Second Difference,Event Not in PBP or >10 Second Difference,Event Not in PBP or >10 Second Difference,Event Not in PBP or >10 Second Difference,,Event Not in PBP or >10 Second Difference,Event Not in PBP or >10 Second Difference,Event Not in PBP or >10 Second Difference,Event Not in PBP or >10 Second Difference,Event Not in PBP or >10 Second Difference,Event Not in PBP or >10 Second Difference
2,3:34,5v5,CHI,29,w,86,14,,oell,oelc,,Y,Y,,,,,,-1,1,20015,10/9/2015,NYI,CHI,,,,12,51,21,28,37,1,,14,29,86,7,43,50
2,3:30,5v5,CHI,86,w,14,,,ol,,,,Y,,,,,,-1,1,20015,10/9/2015,NYI,CHI,,,,12,51,21,28,37,1,,14,29,86,7,43,50
2,0:51,5v5,NYI,12,w,3,,,or,,,Y,,,,,,,-1,50,20015,10/9/2015,NYI,CHI,,,,12,51,21,3,44,1,,15,72,88,2,4,50
2,0:43,5v5,NYI,51,w,44,3,,oc,ol,,,,,,,,,-1,50,20015,10/9/2015,NYI,CHI,,,,12,51,21,3,44,1,,15,72,88,2,4,50
2,0:21,5v5,NYI,21,t,44,12,,ol,ol,,Y,Y,,,12,Y,,-1,50,20015,10/9/2015,NYI,CHI,,,,12,51,21,3,44,1,,15,72,88,2,4,50
3,19:25,5v5,CHI,65,w,81,19,81,oc,nc,dr,Y,,,,,,,-1,1,20015,10/9/2015,NYI,CHI,,,,12,51,21,3,44,1,,19,65,81,6,57,50
3,19:00,5v5,NYI,27,w,91,27,55,nc,dr,dr,,Y,,,,,,-1,50,20015,10/9/2015,NYI,CHI,,,,18,27,91,2,55,1,,15,72,88,2,4,50
3,18:42,5v5,NYI,28,s,29,86,,dl,dl,,,Y,,Y,,,,-1,50,20015,10/9/2015,NYI,CHI,,,,29,84,86,28,37,1,,11,16,28,2,4,50
3,17:58,5v5,NYI,12,w,21,51,,dr,dr,,Y,Y,,,,,,0,50,20015,10/9/2015,NYI,CHI,,,,12,51,21,3,37,1,,19,65,81,6,57,50
3,17:21,5v5,NYI,44,w,3,91,,or,or,,,Y,,,,,,0,50,20015,10/9/2015,NYI,CHI,,,,18,27,91,3,44,1,,19,65,81,6,57,50
3,16:22,5v5,CHI,15,w,88,,,nl,,,,Y,,,,,,0,1,20015,10/9/2015,NYI,CHI,,,,29,84,86,2,55,1,,15,72,88,7,43,50
3,13:59,5v5,CHI,4,s,72,,,ol,,,,,,,,,,0,1,20015,10/9/2015,NYI,CHI,,,,12,51,21,44,55,1,,15,72,88,2,4,50
3,13:53,5v5,CHI,4,s,2,,,ol,,,,,,,,,,0,1,20015,10/9/2015,NYI,CHI,,,,18,27,91,2,55,1,,15,72,88,2,4,50
3,13:29,5v5,CHI,2,s,7,86,7,nr,dc,dr,,Y,,,,,,0,1,20015,10/9/2015,NYI,CHI,,,,18,27,91,2,55,1,,28,29,86,2,7,50
3,13:02,5v5,NYI,37,s,27,18,28,or,ol,oc,,,,,,,,0,50,20015,10/9/2015,NYI,CHI,,,,18,27,91,28,37,1,,11,16,28,2,4,50
3,12:27,5v5,CHI,65,o,19,,,or,,,Y,Y,,,,,,0,1,20015,10/9/2015,NYI,CHI,,,,12,51,21,3,44,1,,19,65,81,7,43,50
3,11:30,5v5,NYI,15,w,84,28,37,nr,dr,dc,,Y,,,,,,0,50,20015,10/9/2015,NYI,CHI,,,,84,15,17,28,37,1,,15,72,88,6,57,50
3,10:32,5v5,CHI,86,w,57,,,nc,,,,,,,,,,0,1,20015,10/9/2015,NYI,CHI,,,,18,27,91,3,44,1,,14,29,86,2,4,50
3,9:56,5v5,CHI,19,w,81,,,oelc,,,Y,Y,,,4,,,0,1,20015,10/9/2015,NYI,CHI,,,,18,27,91,3,44,1,,19,65,81,2,4,50
3,9:26,5v5,CHI,81,w,19,81,19,or,oelr,oelc,,,,,,,,0,1,20015,10/9/2015,NYI,CHI,,,,12,51,21,3,44,1,,19,65,81,2,7,50
3,9:00,5v4,NYI,28,o,91,27,18,or,oelc,ol,,,,,,,,0,50,20015,10/9/2015,NYI,CHI,,,,18,27,91,21,28,1,,11,16,2,4,50,0
3,8:08,5v4,NYI,55,s,51,2,,or,dc,,,Y,,,,,,0,50,20015,10/9/2015,NYI,CHI,,,,12,29,51,2,55,1,,11,16,2,4,50,0
3,7:20,5v4,NYI,55,s,2,55,12,ol,oc,or,,y,,,,,,0,50,20015,10/9/2015,NYI,CHI,,,,12,29,51,2,55,1,,11,16,19,2,4,50
3,6:40,5v5,CHI,72,w,88,72,19,nr,dc,dr,,,,,,,,0,1,20015,10/9/2015,NYI,CHI,,,,53,15,17,3,44,1,,15,72,88,6,57,50
3,6:03,5v5,CHI,7,s,88,72,,oelr,or,,Y,,,,,,,0,1,20015,10/9/2015,NYI,CHI,,,,18,27,91,3,44,1,,15,72,88,4,7,50
3,5:33,5v5,CHI,29,w,7,14,,nc,dr,,,Y,,,,,,0,1,20015,10/9/2015,NYI,CHI,,,,29,84,86,28,37,1,,14,29,86,7,57,50
3,4:01,5v5,NYI,3,w,21,,,or,,,,Y,,,21,,,0,50,20015,10/9/2015,NYI,CHI,,,,Event Not in PBP or >10 Second Difference,Event Not in PBP or >10 Second Difference,Event Not in PBP or >10 Second Difference,Event Not in PBP or >10 Second Difference,Event Not in PBP or >10 Second Difference,Event Not in PBP or >10 Second Difference,,Event Not in PBP or >10 Second Difference,Event Not in PBP or >10 Second Difference,Event Not in PBP or >10 Second Difference,Event Not in PBP or >10 Second Difference,Event Not in PBP or >10 Second Difference,Event Not in PBP or >10 Second Difference
3,3:54,5v5,NYI,44,w,55,,,oell,,,,,,,,,,0,50,20015,10/9/2015,NYI,CHI,,,,12,51,21,3,44,1,,19,65,81,7,43,50
3,3:52,5v5,NYI,21,w,12,,,oelc,,,Y,Y,,,,,,0,50,20015,10/9/2015,NYI,CHI,,,,12,51,21,3,44,1,,19,65,81,7,43,50
3,3:13,5v5,NYI,91,w,18,,,nc,,,Y,,,,,,,0,50,20015,10/9/2015,NYI,CHI,,,,18,27,91,2,55,1,,11,16,28,2,4,50
3,2:12,5v5,CHI,43,s,88,15,,oell,oelc,,Y,,,,,,,0,1,20015,10/9/2015,NYI,CHI,,,,29,84,86,3,28,1,,15,72,88,43,57,50
3,1:52,5v5,NYI,3,s,44,53,,or,of,,,Y,,,,,,0,50,20015,10/9/2015,NYI,CHI,,,,53,15,17,3,44,1,,14,29,86,43,57,50
3,0:34,5v5,NYI,21,o,12,,,oelr,,,Y,Y,,,,,,0,50,20015,10/9/2015,NYI,CHI,,,,12,51,21,2,55,1,,19,65,81,2,4,50
4,4:42,3v3,NYI,18,w,91,,,nc,,,Y,Y,,,,,,0,50,20015,10/9/2015,NYI,CHI,,,,0,18,91,2,0,1,,19,88,0,0,2,50
4,4:31,3v3,CHI,88,b,19,,,nr,,,Y,Y,,,,,,0,1,20015,10/9/2015,NYI,CHI,,,,0,18,91,2,0,1,,19,88,0,0,2,50
4,3:11,4v3,CHI,19,t,88,81,88,orrr,or,or,Y,Y,,Y,,,,0,1,20015,10/9/2015,NYI,CHI,,,,0,51,3,55,0,1,,19,81,0,0,88,2
1,17:28,5v5,N.J,2,w,20,,,oelpr,,,,,,,,,,0,41,20154,10/31/2015,N.J,NYI,35,41,,53,15,86,28,37,41,,11,20,23,2,7,35
1,17:12,5v5,N.J,23,w,2,11,,or,nl,,,y,,,20,y,,0,41,20154,10/31/2015,N.J,NYI,1,1,,12,53,21,28,37,41,,19,20,23,2,7,35
1,17:10,5v5,N.J,2,r,,,,,,,y,y,,y,,,,0,41,20154,10/31/2015,N.J,NYI,,,,12,53,21,28,37,41,,19,20,23,2,7,35
1,16:27,5v5,N.J,5,w,6,21,22,ol,oelpc,oelc,,,,,,,,1,41,20154,10/31/2015,N.J,NYI,,,,12,51,21,3,44,41,,19,21,22,5,6,35
1,16:13,5v5,N.J,22,w,19,,,or,,,,y,,,,,,1,41,20154,10/31/2015,N.J,NYI,,,,18,27,29,44,55,41,,19,21,22,7,28,35
1,15:24,5v5,N.J,7,w,20,13,,opr,or,,,y,,,,,,1,41,20154,10/31/2015,N.J,NYI,,,,84,16,86,2,55,41,,14,20,13,7,28,35
1,14:59,5v4,NYI,51,w,28,2,21,or,ol,oelpl,y,,,,,,,1,35,20154,10/31/2015,N.J,NYI,,,,27,51,21,2,28,41,,14,19,5,6,35,0
1,14:49,5v4,NYI,28,s,51,2,51,orrc,oc,opl,y,y,,,,,,1,35,20154,10/31/2015,N.J,NYI,,,,27,51,21,2,28,41,,14,19,5,6,35,0
1,14:40,5v4,NYI,28,s,2,28,,oc,or,,,,,,,,,1,35,20154,10/31/2015,N.J,NYI,,,,27,51,21,2,28,41,,14,19,5,6,35,0
1,14:25,5v4,NYI,28,w,2,28,21,ol,nc,nc,y,y,,,,,,1,35,20154,10/31/2015,N.J,NYI,,,,27,51,21,2,28,41,,16,20,5,6,35,0
1,14:15,5v4,NYI,21,w,28,21,28,oc,opr,oc,y,y,,,,,,1,35,20154,10/31/2015,N.J,NYI,,,,27,51,21,2,28,41,,16,20,5,6,35,0
1,13:41,5v4,NYI,55,s,3,29,18,or,opr,oc,,,,,,,,1,35,20154,10/31/2015,N.J,NYI,,,,18,29,84,3,55,41,,19,11,2,7,35,0
1,12:28,5v5,N.J,8,w,51,16,,opr,or,,,,,,,,,1,41,20154,10/31/2015,N.J,NYI,,,,Event Not in PBP or >10 Second Difference,Event Not in PBP or >10 Second Difference,Event Not in PBP or >10 Second Difference,Event Not in PBP or >10 Second Difference,Event Not in PBP or >10 Second Difference,Event Not in PBP or >10 Second Difference,,Event Not in PBP or >10 Second Difference,Event Not in PBP or >10 Second Difference,Event Not in PBP or >10 Second Difference,Event Not in PBP or >10 Second Difference,Event Not in PBP or >10 Second Difference,Event Not in PBP or >10 Second Difference
1,11:20,5v5,N.J,2,w,28,19,,or,of,,,,,,,,,1,41,20154,10/31/2015,N.J,NYI,,,,84,16,86,2,55,41,,14,20,13,5,28,35
1,5:54,5v5,NYI,84,w,2,44,12,nc,dc,nl,,,,,,,,1,35,20154,10/31/2015,N.J,NYI,,,,84,16,86,2,55,41,,21,51,11,5,6,35
1,5:26,5v5,N.J,11,w,28,51,,or,nl,,,,,,,,,1,41,20154,10/31/2015,N.J,NYI,,,,84,16,86,2,55,41,,51,11,23,7,28,35
1,3:38,5v5,NYI,21,w,12,,,oelc,,,,,,,,,,2,35,20154,10/31/2015,N.J,NYI,,,,12,51,21,28,37,41,,16,18,51,8,44,35
1,2:50,5v5,NYI,15,w,53,17,2,ol,nl,nl,y,,,,,,,2,35,20154,10/31/2015,N.J,NYI,,,,53,15,17,2,55,41,,11,22,23,5,6,35
1,1:09,5v4,N.J,13,o,28,22,,oc,opc,,,,,,,,,2,41,20154,10/31/2015,N.J,NYI,,,,12,29,37,55,41,0,,18,21,20,13,28,35
1,0:56,5v4,N.J,21,s,13,28,,orrr,oc,,y,,,,,,,2,41,20154,10/31/2015,N.J,NYI,,,,12,29,37,55,41,0,,18,21,20,13,28,35
1,0:23,5v5,NYI,21,w,27,,,nc,,,,,,,,,,2,35,20154,10/31/2015,N.J,NYI,,,,27,84,21,3,44,41,,19,51,20,5,6,35
2,19:28,5v4,NYI,51,w,21,2,,oc,nc,,y,,,,,,,2,35,20154,10/31/2015,N.J,NYI,,,,27,51,21,2,28,41,,16,20,5,6,35,0
2,19:19,5v4,NYI,2,o,51,2,27,opc,oc,opc,,,,,,,,2,35,20154,10/31/2015,N.J,NYI,,,,27,51,21,2,28,41,,16,20,5,6,35,0
2,18:48,5v4,NYI,27,b,21,,,ol,,,y,y,,,,,,2,35,20154,10/31/2015,N.J,NYI,,,,27,51,21,2,28,41,,11,20,5,6,35,0
2,18:23,5v4,NYI,27,b,28,2,51,or,oc,opl,y,y,,,27,y,y,2,35,20154,10/31/2015,N.J,NYI,,,,27,51,21,2,28,41,,11,20,5,6,35,0
2,17:51,5v5,N.J,16,w,18,8,44,orrr,dr,dl,,,,,,,,1,41,20154,10/31/2015,N.J,NYI,,,,Event Not in PBP or >10 Second Difference,Event Not in PBP or >10 Second Difference,Event Not in PBP or >10 Second Difference,Event Not in PBP or >10 Second Difference,Event Not in PBP or >10 Second Difference,Event Not in PBP or >10 Second Difference,,Event Not in PBP or >10 Second Difference,Event Not in PBP or >10 Second Difference,Event Not in PBP or >10 Second Difference,Event Not in PBP or >10 Second Difference,Event Not in PBP or >10 Second Difference,Event Not in PBP or >10 Second Difference
2,17:28,5v5,N.J,44,w,18,,,opc,,,,,,,,,,1,41,20154,10/31/2015,N.J,NYI,,,,Event Not in PBP or >10 Second Difference,Event Not in PBP or >10 Second Difference,Event Not in PBP or >10 Second Difference,Event Not in PBP or >10 Second Difference,Event Not in PBP or >10 Second Difference,Event Not in PBP or >10 Second Difference,,Event Not in PBP or >10 Second Difference,Event Not in PBP or >10 Second Difference,Event Not in PBP or >10 Second Difference,Event Not in PBP or >10 Second Difference,Event Not in PBP or >10 Second Difference,Event Not in PBP or >10 Second Difference
2,17:04,5v5,N.J,2,s,16,,,opl,,,,,,,,,,1,41,20154,10/31/2015,N.J,NYI,,,,Event Not in PBP or >10 Second Difference,Event Not in PBP or >10 Second Difference,Event Not in PBP or >10 Second Difference,Event Not in PBP or >10 Second Difference,Event Not in PBP or >10 Second Difference,Event Not in PBP or >10 Second Difference,,Event Not in PBP or >10 Second Difference,Event Not in PBP or >10 Second Difference,Event Not in PBP or >10 Second Difference,Event Not in PBP or >10 Second Difference,Event Not in PBP or >10 Second Difference,Event Not in PBP or >10 Second Difference
2,16:43,5v5,N.J,20,w,2,13,,oc,opl,,y,,,,,,,1,41,20154,10/31/2015,N.J,NYI,,,,Event Not in PBP or >10 Second Difference,Event Not in PBP or >10 Second Difference,Event Not in PBP or >10 Second Difference,Event Not in PBP or >10 Second Difference,Event Not in PBP or >10 Second Difference,Event Not in PBP or >10 Second Difference,,Event Not in PBP or >10 Second Difference,Event Not in PBP or >10 Second Difference,Event Not in PBP or >10 Second Difference,Event Not in PBP or >10 Second Difference,Event Not in PBP or >10 Second Difference,Event Not in PBP or >10 Second Difference
2,16:35,5v5,N.J,14,w,28,,,or,,,,,,,,,,1,41,20154,10/31/2015,N.J,NYI,,,,Event Not in PBP or >10 Second Difference,Event Not in PBP or >10 Second Difference,Event Not in PBP or >10 Second Difference,Event Not in PBP or >10 Second Difference,Event Not in PBP or >10 Second Difference,Event Not in PBP or >10 Second Difference,,Event Not in PBP or >10 Second Difference,Event Not in PBP or >10 Second Difference,Event Not in PBP or >10 Second Difference,Event Not in PBP or >10 Second Difference,Event Not in PBP or >10 Second Difference,Event Not in PBP or >10 Second Difference
2,15:41,5v5,N.J,22,w,19,21,5,nc,dr,dc,,y,,,,,,1,41,20154,10/31/2015,N.J,NYI,,,,12,51,21,2,55,41,,19,21,22,5,6,35
2,15:36,5v5,N.J,21,w,6,22,,ol,opl,,,,,,,,,1,41,20154,10/31/2015,N.J,NYI,,,,12,51,21,2,55,41,,19,21,22,5,6,35
2,14:05,5v5,N.J,16,w,20,,,oc,,,,,,,,,,1,41,20154,10/31/2015,N.J,NYI,,,,84,16,86,3,28,41,,16,51,20,8,28,35
2,13:08,5v5,NYI,55,s,21,,,of,,,,,,,,,,1,35,20154,10/31/2015,N.J,NYI,,,,12,51,21,2,55,41,,18,11,23,5,6,35
2,12:08,5v5,NYI,86,o,37,28,,ol,dc,,y,,,,,,,1,35,20154,10/31/2015,N.J,NYI,,,,84,16,86,28,37,41,,19,21,22,2,6,35
2,11:37,5v5,N.J,22,w,6,21,,dc,dr,,,,,,,,,1,41,20154,10/31/2015,N.J,NYI,,,,18,27,29,3,28,41,,19,21,22,2,28,35
2,10:30,5v4,N.J,28,s,13,20,22,opr,oc,dc,,,,,,,,1,41,20154,10/31/2015,N.J,NYI,,,,53,15,2,55,41,0,,14,20,22,13,28,35
2,10:26,5v4,N.J,20,o,28,,,or,,,,y,,,14,,,1,41,20154,10/31/2015,N.J,NYI,,,,53,15,2,55,41,0,,14,20,22,13,28,35
2,10:10,5v4,N.J,21,w,19,,,opl,,,,y,,,,,,1,41,20154,10/31/2015,N.J,NYI,,,,12,29,37,44,41,0,,16,18,19,21,44,35
2,7:33,5v5,NYI,37,s,28,51,,or,opr,,,,,,,,,0,35,20154,10/31/2015,N.J,NYI,,,,12,51,21,28,37,41,,19,21,22,5,6,35
2,6:25,5v5,NYI,2,w,3,84,16,or,opr,oc,,,,,,,,0,35,20154,10/31/2015,N.J,NYI,,,,84,16,86,2,3,41,,16,18,51,2,28,35
2,4:53,5v5,N.J,13,o,20,13,20,oc,ol,nr,,y,,,,,,0,41,20154,10/31/2015,N.J,NYI,,,,18,27,29,2,3,41,,14,20,13,5,6,35
2,4:26,5v5,N.J,5,o,21,,,opl,,,,,,,,,,0,41,20154,10/31/2015,N.J,NYI,,,,12,51,21,2,55,41,,19,21,22,5,6,35
2,4:05,5v5,NYI,51,w,21,,,nr,,,,y,,,,,,0,35,20154,10/31/2015,N.J,NYI,,,,51,21,86,28,37,41,,19,21,22,5,6,35
2,2:25,5v5,NYI,27,w,18,,,nc,,,,y,,,,,,0,35,20154,10/31/2015,N.J,NYI,,,,18,27,29,2,55,41,,14,20,13,2,7,35
3,18:32,5v4,N.J,44,w,16,18,16,opr,oelr,or,,,,,,,,0,41,20154,10/31/2015,N.J,NYI,,,,51,86,3,44,41,0,,16,18,21,22,44,35
3,13:57,5v5,NYI,86,w,84,16,28,oc,nr,dc,,y,,,,,,0,35,20154,10/31/2015,N.J,NYI,,,,84,16,86,28,44,41,,16,18,22,7,8,35
3,11:00,4v4,NYI,84,w,51,55,3,oc,nc,dl,,,,,,,,0,35,20154,10/31/2015,N.J,NYI,,,,Event Not in PBP or >10 Second Difference,Event Not in PBP or >10 Second Difference,Event Not in PBP or >10 Second Difference,Event Not in PBP or >10 Second Difference,Event Not in PBP or >10 Second Difference,Event Not in PBP or >10 Second Difference,,Event Not in PBP or >10 Second Difference,Event Not in PBP or >10 Second Difference,Event Not in PBP or >10 Second Difference,Event Not in PBP or >10 Second Difference,Event Not in PBP or >10 Second Difference,Event Not in PBP or >10 Second Difference
3,10:49,4v4,NYI,84,t,55,2,55,or,ol,or,y,y,,,,,,0,35,20154,10/31/2015,N.J,NYI,,,,51,84,2,55,41,0,,14,13,2,7,35,0
3,10:13,4v4,N.J,21,t,5,21,6,or,oc,dl,y,,,,,,,0,41,20154,10/31/2015,N.J,NYI,,,,29,21,3,44,41,0,,21,20,5,6,35,0
3,9:53,4v4,NYI,29,w,44,,,dc,,,,,,,,,,0,35,20154,10/31/2015,N.J,NYI,,,,29,21,3,44,41,0,,21,20,5,6,35,0
3,8:15,5v5,NYI,51,w,21,,,ol,,,,,,,,,,0,35,20154,10/31/2015,N.J,NYI,,,,12,51,21,2,55,41,,19,21,51,5,6,35
3,7:25,5v5,N.J,2,s,28,51,16,or,oelpr,ol,,,,,,,,0,41,20154,10/31/2015,N.J,NYI,,,,12,29,21,2,55,41,,16,51,22,2,28,35
3,5:26,5v5,N.J,5,s,14,,,opr,,,,,,,,,,0,41,20154,10/31/2015,N.J,NYI,,,,51,21,17,28,37,41,,14,20,13,5,6,35
3,3:08,5v5,N.J,28,w,14,,,opr,,,,,,,,,,0,41,20154,10/31/2015,N.J,NYI,,,,Event Not in PBP or >10 Second Difference,Event Not in PBP or >10 Second Difference,Event Not in PBP or >10 Second Difference,Event Not in PBP or >10 Second Difference,Event Not in PBP or >10 Second Difference,Event Not in PBP or >10 Second Difference,,Event Not in PBP or >10 Second Difference,Event Not in PBP or >10 Second Difference,Event Not in PBP or >10 Second Difference,Event Not in PBP or >10 Second Difference,Event Not in PBP or >10 Second Difference,Event Not in PBP or >10 Second Difference
3,2:35,5v5,NYI,21,s,55,12,2,or,dl,dl,,,,,,,,0,35,20154,10/31/2015,N.J,NYI,,,,12,51,21,2,55,41,,19,51,20,5,6,35
3,2:11,5v5,NYI,21,w,12,,,ol,,,y,y,,,,,,0,35,20154,10/31/2015,N.J,NYI,,,,12,51,21,2,55,41,,19,51,20,5,6,35
3,2:01,5v5,NYI,18,w,29,,,of,,,y,y,,,,,,0,35,20154,10/31/2015,N.J,NYI,,,,18,27,29,2,55,41,,16,18,19,5,6,35
3,1:21,5v5,NYI,55,s,18,27,,oc,ol,,,,,,,,,0,35,20154,10/31/2015,N.J,NYI,,,,18,27,29,2,55,41,,19,21,51,5,6,35
3,0:38,5v5,N.J,13,o,20,13,,ol,ol,,,y,,,14,y,,0,41,20154,10/31/2015,N.J,NYI,,,,12,51,21,3,44,41,,14,20,13,2,8,35
4,4:10,3v3,N.J,6,w,28,,,nl,,,,,,,,,,0,41,20154,10/31/2015,N.J,NYI,,,,Event Not in PBP or >10 Second Difference,Event Not in PBP or >10 Second Difference,Event Not in PBP or >10 Second Difference,Event Not in PBP or >10 Second Difference,Event Not in PBP or >10 Second Difference,Event Not in PBP or >10 Second Difference,,Event Not in PBP or >10 Second Difference,Event Not in PBP or >10 Second Difference,Event Not in PBP or >10 Second Difference,Event Not in PBP or >10 Second Difference,Event Not in PBP or >10 Second Difference,Event Not in PBP or >10 Second Difference
4,3:46,3v3,NYI,51,w,21,,,ol,,,,,,,,,,0,35,20154,10/31/2015,N.J,NYI,,,,18,51,0,0,2,41,,16,0,0,5,6,35
4,2:29,3v3,N.J,13,w,7,14,,dc,dr,,,,,,,,,0,41,20154,10/31/2015,N.J,NYI,,,,18,29,0,0,55,41,,14,13,0,0,7,35
4,1:25,3v3,N.J,20,w,19,,,dc,,,,y,,,,,,0,41,20154,10/31/2015,N.J,NYI,,,,84,21,0,0,3,41,,19,20,0,0,2,35
4,1:00,3v3,NYI,51,w,2,,,nc,,,,y,,,,,,0,35,20154,10/31/2015,N.J,NYI,,,,51,21,0,0,2,41,,21,0,0,6,28,35
4,0:17,3v3,NYI,3,s,86,,,dc,,,,,,,,,,0,35,20154,10/31/2015,N.J,NYI,,,,86,0,0,2,3,41,,20,13,0,0,6,35
1,19:46,5v5,NYI,2,o,29,86,,opc,ol,,,,,,,,,0,32,20071,10/17/2015,NYI,S.J,41,32,,Event Not in PBP or >10 Second Difference,Event Not in PBP or >10 Second Difference,Event Not in PBP or >10 Second Difference,Event Not in PBP or >10 Second Difference,Event Not in PBP or >10 Second Difference,Event Not in PBP or >10 Second Difference,,Event Not in PBP or >10 Second Difference,Event Not in PBP or >10 Second Difference,Event Not in PBP or >10 Second Difference,Event Not in PBP or >10 Second Difference,Event Not in PBP or >10 Second Difference,Event Not in PBP or >10 Second Difference
1,18:36,5v5,NYI,91,w,18,,,or,,,,y,,,,,,0,32,20071,10/17/2015,NYI,S.J,30,31,,18,27,91,14,28,41,,8,19,82,4,88,32
1,18:10,5v5,S.J,44,w,57,50,88,opl,nc,dsc,,,,,,,,0,41,20071,10/17/2015,NYI,S.J,,,,18,27,91,14,28,41,,8,19,82,44,61,32
1,17:35,5v5,NYI,55,o,17,15,17,oelpc,oelc,ol,,,,,,,,0,32,20071,10/17/2015,NYI,S.J,,,,53,15,17,2,55,41,,89,18,21,44,61,32
1,16:39,5v4,NYI,91,t,18,28,91,oc,opl,ofp,y,y,,,,,,0,32,20071,10/17/2015,NYI,S.J,,,,18,27,91,21,28,41,,8,50,4,88,32,0
1,16:14,5v4,NYI,27,w,18,28,,or,nc,,,,,,,,,0,32,20071,10/17/2015,NYI,S.J,,,,Event Not in PBP or >10 Second Difference,Event Not in PBP or >10 Second Difference,Event Not in PBP or >10 Second Difference,Event Not in PBP or >10 Second Difference,Event Not in PBP or >10 Second Difference,Event Not in PBP or >10 Second Difference,,Event Not in PBP or >10 Second Difference,Event Not in PBP or >10 Second Difference,Event Not in PBP or >10 Second Difference,Event Not in PBP or >10 Second Difference,Event Not in PBP or >10 Second Difference,Event Not in PBP or >10 Second Difference
1,15:22,4v4,S.J,61,w,44,57,,opl,oelpl,,,y,,,,,,0,41,20071,10/17/2015,NYI,S.J,,,,51,84,2,55,41,0,,57,42,44,61,32,0
1,15:10,4v4,NYI,29,w,44,29,,dc,df,,,,,,,,,0,32,20071,10/17/2015,NYI,S.J,,,,18,29,3,44,41,0,,57,83,44,61,32,0
1,14:56,4v4,S.J,83,w,44,,,dc,,,,,,,,,,0,41,20071,10/17/2015,NYI,S.J,,,,18,29,3,44,41,0,,57,83,44,61,32,0
1,14:39,4v5,NYI,3,w,44,3,,dl,dr,,,,,,,,,0,32,20071,10/17/2015,NYI,S.J,,,,18,29,3,55,41,0,,8,19,48,50,88,32
1,14:24,5v4,S.J,88,w,50,,,opl,,,,,,,,,,0,41,20071,10/17/2015,NYI,S.J,,,,Event Not in PBP or >10 Second Difference,Event Not in PBP or >10 Second Difference,Event Not in PBP or >10 Second Difference,Event Not in PBP or >10 Second Difference,Event Not in PBP or >10 Second Difference,Event Not in PBP or >10 Second Difference,,Event Not in PBP or >10 Second Difference,Event Not in PBP or >10 Second Difference,Event Not in PBP or >10 Second Difference,Event Not in PBP or >10 Second Difference,Event Not in PBP or >10 Second Difference,Event Not in PBP or >10 Second Difference
1,14:17,5v4,S.J,88,w,8,88,8,opl,oc,opc,,,,,,,,0,41,20071,10/17/2015,NYI,S.J,,,,Event Not in PBP or >10 Second Difference,Event Not in PBP or >10 Second Difference,Event Not in PBP or >10 Second Difference,Event Not in PBP or >10 Second Difference,Event Not in PBP or >10 Second Difference,Event Not in PBP or >10 Second Difference,,Event Not in PBP or >10 Second Difference,Event Not in PBP or >10 Second Difference,Event Not in PBP or >10 Second Difference,Event Not in PBP or >10 Second Difference,Event Not in PBP or >10 Second Difference,Event Not in PBP or >10 Second Difference
1,13:52,5v4,S.J,88,w,19,8,12,opr,or,nc,,,,,,,,0,41,20071,10/17/2015,NYI,S.J,,,,51,86,14,55,41,0,,8,12,19,44,88,32
1,12:48,5v5,S.J,74,w,8,,,opl,,,,,,,,,,0,41,20071,10/17/2015,NYI,S.J,,,,Event Not in PBP or >10 Second Difference,Event Not in PBP or >10 Second Difference,Event Not in PBP or >10 Second Difference,Event Not in PBP or >10 Second Difference,Event Not in PBP or >10 Second Difference,Event Not in PBP or >10 Second Difference,,Event Not in PBP or >10 Second Difference,Event Not in PBP or >10 Second Difference,Event Not in PBP or >10 Second Difference,Event Not in PBP or >10 Second Difference,Event Not in PBP or >10 Second Difference,Event Not in PBP or >10 Second Difference
1,12:19,5v5,S.J,88,o,19,,,oelpc,,,,y,,,,,,0,41,20071,10/17/2015,NYI,S.J,,,,12,51,21,2,55,41,,8,19,82,4,88,32
1,12:10,5v5,S.J,88,w,4,8,,opl,opl,,,,,,,,,0,41,20071,10/17/2015,NYI,S.J,,,,12,51,21,2,55,41,,8,19,82,4,88,32
1,12:04,5v5,S.J,82,w,19,,,oell,,,,,,,,,,0,41,20071,10/17/2015,NYI,S.J,,,,12,51,21,2,55,41,,19,18,82,4,88,32
1,11:01,5v5,NYI,17,w,15,,,or,,,,,,,,,,0,32,20071,10/17/2015,NYI,S.J,,,,53,15,17,14,28,41,,89,18,21,44,61,32
1,10:35,5v5,S.J,57,o,83,57,4,or,dc,dl,,y,,,,,,0,41,20071,10/17/2015,NYI,S.J,,,,18,27,91,3,28,41,,50,57,83,4,88,32
1,9:35,5v5,NYI,51,b,55,44,,dr,dl,,,y,,,,,,0,32,20071,10/17/2015,NYI,S.J,,,,12,51,21,2,55,41,,8,19,82,74,80,32
1,8:58,5v5,S.J,61,o,8,,,opr,,,,y,,,,,,0,41,20071,10/17/2015,NYI,S.J,,,,Event Not in PBP or >10 Second Difference,Event Not in PBP or >10 Second Difference,Event Not in PBP or >10 Second Difference,Event Not in PBP or >10 Second Difference,Event Not in PBP or >10 Second Difference,Event Not in PBP or >10 Second Difference,,Event Not in PBP or >10 Second Difference,Event Not in PBP or >10 Second Difference,Event Not in PBP or >10 Second Difference,Event Not in PBP or >10 Second Difference,Event Not in PBP or >10 Second Difference,Event Not in PBP or >10 Second Difference
1,8:48,5v5,S.J,8,b,82,44,61,oc,ol,opr,y,y,,,,,,0,41,20071,10/17/2015,NYI,S.J,,,,12,51,21,3,44,41,,8,19,82,44,61,32
1,7:20,5v5,NYI,55,o,2,53,,opr,ofp,,,y,,,,,,0,32,20071,10/17/2015,NYI,S.J,,,,53,15,17,2,55,41,,12,48,42,74,80,32
1,6:56,5v5,S.J,8,t,61,19,8,ol,opr,ofp,y,y,,y,,,,0,41,20071,10/17/2015,NYI,S.J,,,,12,51,21,2,55,41,,8,19,82,44,61,32
1,6:39,5v5,S.J,44,s,8,61,19,dr,dr,dc,,y,,,,,,-1,41,20071,10/17/2015,NYI,S.J,,,,12,51,21,3,44,41,,8,19,82,44,61,32
1,5:07,5v5,NYI,55,w,91,18,28,or,dr,dr,,,,,,,,-1,32,20071,10/17/2015,NYI,S.J,,,,18,27,91,2,55,41,,50,57,83,44,61,32
1,4:52,5v5,S.J,83,w,57,50,61,or,or,dr,y,,,,,,,-1,41,20071,10/17/2015,NYI,S.J,,,,18,27,91,2,55,41,,50,57,83,44,61,32
1,4:45,5v5,S.J,61,o,50,83,57,ol,oelc,or,,y,,,,,,-1,41,20071,10/17/2015,NYI,S.J,,,,18,27,91,2,55,41,,50,57,83,44,61,32
1,4:16,5v5,NYI,44,o,21,12,,opl,ol,,,y,,,,,,-1,32,20071,10/17/2015,NYI,S.J,,,,12,51,21,3,44,41,,8,19,82,4,88,32
1,2:14,5v5,NYI,84,w,86,15,55,dr,dr,nr,y,,1 on 0,,,,,-1,32,20071,10/17/2015,NYI,S.J,,,,84,15,86,2,55,41,,50,57,83,4,88,32
1,2:11,5v5,NYI,44,w,84,,,ofp,,,,,,,,,,-1,32,20071,10/17/2015,NYI,S.J,,,,84,15,86,2,55,41,,50,57,83,4,88,32
1,1:11,5v5,NYI,91,w,18,14,,dr,dr,,,y,,,,,,-1,32,20071,10/17/2015,NYI,S.J,,,,18,27,91,14,28,41,,12,48,42,4,88,32
1,0:52,5v5,S.J,42,w,44,,,nc,,,,,,,,,,-1,41,20071,10/17/2015,NYI,S.J,,,,18,27,91,2,55,41,,12,48,42,44,61,32
1,0:14,5v5,NYI,51,w,21,55,2,nr,dr,dl,,,,,,,,-1,32,20071,10/17/2015,NYI,S.J,,,,12,51,21,3,44,41,,50,57,83,4,88,32
2,19:41,5v5,NYI,55,o,18,91,,opr,of,,,y,,y,,,,-1,32,20071,10/17/2015,NYI,S.J,,,,18,27,91,2,55,41,,12,48,42,4,88,32
2,19:19,5v5,S.J,82,o,19,61,,orrr,dc,,y,y,3 on 2,y,,,,0,41,20071,10/17/2015,NYI,S.J,,,,53,15,17,3,44,41,,8,19,82,44,61,32
2,19:12,5v5,NYI,21,w,51,,,oc,,,,,,,,,,-1,32,20071,10/17/2015,NYI,S.J,,,,12,51,21,14,28,41,,50,57,83,4,88,32
2,17:37,5v4,NYI,18,w,91,28,18,orrr,oc,opl,y,y,,,,,,-1,32,20071,10/17/2015,NYI,S.J,,,,18,27,91,21,28,41,,12,42,44,61,32,0
2,15:24,5v4,S.J,44,w,57,44,,opc,opl,,,y,,,,,,0,41,20071,10/17/2015,NYI,S.J,,,,12,29,2,44,41,0,,48,57,42,44,80,32
2,14:30,5v5,NYI,21,w,2,41,,dc,dc,,,y,,,,,,0,32,20071,10/17/2015,NYI,S.J,,,,27,91,21,2,28,41,,89,18,21,4,74,32
2,14:15,5v5,S.J,44,o,89,18,,oelpl,ol,,,,,,,,,0,41,20071,10/17/2015,NYI,S.J,,,,Event Not in PBP or >10 Second Difference,Event Not in PBP or >10 Second Difference,Event Not in PBP or >10 Second Difference,Event Not in PBP or >10 Second Difference,Event Not in PBP or >10 Second Difference,Event Not in PBP or >10 Second Difference,,Event Not in PBP or >10 Second Difference,Event Not in PBP or >10 Second Difference,Event Not in PBP or >10 Second Difference,Event Not in PBP or >10 Second Difference,Event Not in PBP or >10 Second Difference,Event Not in PBP or >10 Second Difference
2,13:43,5v5,NYI,27,w,91,,,or,,,,y,,,,,,0,32,20071,10/17/15,NYI,S.J,,,,18,27,91,28,44,41,,50,18,83,44,61,32
2,12:32,5v5,NYI,55,o,84,,,opl,,,,,,,,,,0,32,20071,10/17/15,NYI,S.J,,,,29,84,17,2,55,41,,12,48,42,74,80,32
2,11:15,5v5,NYI,51,w,12,51,,ol,ol,,,,,,,,,0,32,20071,10/17/15,NYI,S.J,,,,Event Not in PBP or >10 Second Difference,Event Not in PBP or >10 Second Difference,Event Not in PBP or >10 Second Difference,Event Not in PBP or >10 Second Difference,Event Not in PBP or >10 Second Difference,Event Not in PBP or >10 Second Difference,,Event Not in PBP or >10 Second Difference,Event Not in PBP or >10 Second Difference,Event Not in PBP or >10 Second Difference,Event Not in PBP or >10 Second Difference,Event Not in PBP or >10 Second Difference,Event Not in PBP or >10 Second Difference
2,10:50,5v5,NYI,21,o,51,21,12,oelc,ol,nl,y,y,,,,,,0,32,20071,10/17/15,NYI,S.J,,,,12,51,21,2,55,41,,50,42,83,44,61,32
2,10:40,5v5,S.J,42,o,83,42,,orrl,dc,,y,y,,y,,,,0,41,20071,10/17/15,NYI,S.J,,,,27,51,21,2,55,41,,50,42,83,4,88,32
2,9:49,5v5,NYI,27,t,91,,,oc,,,y,y,,,,,,-1,32,20071,10/17/15,NYI,S.J,,,,18,27,91,3,44,41,,48,89,18,4,88,32
2,9:13,5v5,S.J,82,w,8,,,oell,,,,y,,,,,,-1,41,20071,10/17/15,NYI,S.J,,,,53,15,17,3,44,41,,8,19,82,74,80,32
2,9:05,5v5,S.J,80,o,8,74,19,opr,opr,ol,,,,,,,,-1,41,20071,10/17/15,NYI,S.J,,,,53,15,17,3,44,41,,8,19,82,74,80,32
2,8:10,5v5,S.J,88,w,48,,,opr,,,,,,,,,,-1,41,20071,10/17/15,NYI,S.J,,,,29,84,86,2,55,41,,12,48,42,4,88,32
2,7:36,5v5,NYI,55,o,51,,,opr,,,,y,,,,,,-1,32,20071,10/17/15,NYI,S.J,,,,12,51,21,2,55,41,,12,48,42,4,88,32
2,6:44,5v5,NYI,29,w,14,84,,ol,ofp,,,,,,,,,-1,32,20071,10/17/15,NYI,S.J,,,,29,84,86,14,28,41,,50,57,83,44,61,32
2,6:39,5v5,NYI,84,o,29,,,ol,,,y,,,,,,,-1,32,20071,10/17/15,NYI,S.J,,,,29,84,86,14,28,41,,50,57,83,44,61,32
2,6:02,5v5,NYI,12,t,51,21,15,oc,oc,oelc,y,y,,y,,,,-1,32,20071,10/17/15,NYI,S.J,,,,12,51,21,3,44,41,,8,12,19,4,88,32
2,5:25,5v5,NYI,44,w,29,86,84,orrr,oc,nl,y,y,,,,,,0,32,20071,10/17/15,NYI,S.J,,,,Event Not in PBP or >10 Second Difference,Event Not in PBP or >10 Second Difference,Event Not in PBP or >10 Second Difference,Event Not in PBP or >10 Second Difference,Event Not in PBP or >10 Second Difference,Event Not in PBP or >10 Second Difference,,Event Not in PBP or >10 Second Difference,Event Not in PBP or >10 Second Difference,Event Not in PBP or >10 Second Difference,Event Not in PBP or >10 Second Difference,Event Not in PBP or >10 Second Difference,Event Not in PBP or >10 Second Difference
2,5:20,5v5,NYI,18,w,91,,,of,,,y,,,,,,,0,32,20071,10/17/15,NYI,S.J,,,,Event Not in PBP or >10 Second Difference,Event Not in PBP or >10 Second Difference,Event Not in PBP or >10 Second Difference,Event Not in PBP or >10 Second Difference,Event Not in PBP or >10 Second Difference,Event Not in PBP or >10 Second Difference,,Event Not in PBP or >10 Second Difference,Event Not in PBP or >10 Second Difference,Event Not in PBP or >10 Second Difference,Event Not in PBP or >10 Second Difference,Event Not in PBP or >10 Second Difference,Event Not in PBP or >10 Second Difference
2,4:24,5v5,S.J,88,o,12,42,12,opr,or,or,,,,,,,,0,41,20071,10/17/15,NYI,S.J,,,,18,27,91,2,55,41,,12,48,42,4,88,32
2,3:30,5v5,S.J,61,w,57,,,opl,,,,y,,,,,,0,41,20071,10/17/15,NYI,S.J,,,,29,84,86,3,44,41,,50,57,89,44,61,32
2,2:58,5v5,S.J,83,w,50,,,oc,,,,y,,,,,,0,41,20071,10/17/15,NYI,S.J,,,,84,15,17,3,44,41,,50,57,83,74,80,32
2,0:59,5v5,S.J,88,s,83,50,,opl,ol,,,y,,,,,,0,41,20071,10/17/15,NYI,S.J,,,,29,53,17,14,28,41,,50,57,83,4,88,32
2,0:52,5v5,S.J,88,w,8,19,,opl,of,,,,,,,,,0,41,20071,10/17/15,NYI,S.J,,,,12,51,21,3,44,41,,8,19,82,4,88,32
2,0:21,5v5,S.J,88,w,8,,,opl,,,,y,,,,,,0,41,20071,10/17/15,NYI,S.J,,,,18,27,91,3,44,41,,8,19,82,4,88,32
3,19:24,5v5,S.J,8,o,12,88,,oelr,or,,,y,,,,,,0,41,20071,10/17/15,NYI,S.J,,,,29,84,86,2,55,41,,8,12,48,4,88,32
3,18:39,5v5,S.J,82,w,19,82,,ol,or,,,,,,,,,0,41,20071,10/17/15,NYI,S.J,,,,12,51,21,3,44,41,,8,19,82,44,61,32
3,18:06,5v5,S.J,57,w,4,,,dsl,,,,,,,,,,0,41,20071,10/17/15,NYI,S.J,,,,18,27,91,14,28,41,,50,57,83,4,88,32
3,17:42,5v5,NYI,18,o,27,18,41,or,nr,dc,,,,,,,,0,32,20071,10/17/15,NYI,S.J,,,,18,27,91,2,55,41,,50,89,18,4,80,32
3,17:14,5v5,NYI,17,b,91,18,,or,or,,y,y,,,,,,0,32,20071,10/17/15,NYI,S.J,,,,18,91,17,2,55,41,,50,89,18,4,80,32
3,17:05,5v5,NYI,18,o,2,,,or,,,y,,,,,,,0,32,20071,10/17/15,NYI,S.J,,,,18,91,17,2,55,41,,50,89,18,4,80,32
3,16:31,5v5,S.J,42,w,48,,,oc,,,y,,,,,,,0,41,20071,10/17/15,NYI,S.J,,,,Event Not in PBP or >10 Second Difference,Event Not in PBP or >10 Second Difference,Event Not in PBP or >10 Second Difference,Event Not in PBP or >10 Second Difference,Event Not in PBP or >10 Second Difference,Event Not in PBP or >10 Second Difference,,Event Not in PBP or >10 Second Difference,Event Not in PBP or >10 Second Difference,Event Not in PBP or >10 Second Difference,Event Not in PBP or >10 Second Difference,Event Not in PBP or >10 Second Difference,Event Not in PBP or >10 Second Difference
3,16:20,5v5,S.J,48,w,32,,,dsl,,,,y,,,,,,0,41,20071,10/17/15,NYI,S.J,,,,53,15,17,3,44,41,,12,48,42,4,88,32
3,15:45,5v5,NYI,21,w,12,,,nl,,,y,y,1 on 0,,,,,0,32,20071,10/17/15,NYI,S.J,,,,12,51,21,3,44,41,,8,19,82,4,88,32
3,14:14,5v5,NYI,51,w,2,,,nc,,,,y,,,,,,1,32,20071,10/17/15,NYI,S.J,,,,12,51,21,2,55,41,,8,19,82,44,74,32
3,12:26,5v5,S.J,57,w,48,80,32,dsl,dl,dc,,y,,,,,,1,41,20071,10/17/15,NYI,S.J,,,,18,27,91,2,55,41,,50,57,83,44,61,32
3,11:58,5v5,NYI,12,w,91,2,18,oc,nc,dc,,,,,,,,1,32,20071,10/17/15,NYI,S.J,,,,12,18,91,2,55,41,,19,57,83,44,61,32
3,11:41,5v5,S.J,12,o,88,19,,opl,ofp,,,y,,,,,,1,41,20071,10/17/15,NYI,S.J,,,,12,18,91,2,3,41,,8,12,19,4,88,32
3,11:10,5v5,NYI,51,w,21,12,,nc,dr,,,y,,,,,,1,32,20071,10/17/15,NYI,S.J,,,,12,51,21,3,44,41,,8,12,19,4,88,32
3,10:16,5v5,S.J,12,w,8,44,,nl,dl,,,y,,,,,,1,41,20071,10/17/15,NYI,S.J,,,,29,84,86,3,44,41,,8,12,19,44,61,32
3,9:51,5v5,NYI,15,w,53,55,,nr,dc,,,y,,,,,,1,32,20071,10/17/15,NYI,S.J,,,,53,15,17,2,55,41,,50,57,82,74,80,32
3,8:51,5v5,NYI,29,w,84,,,oc,,,y,y,,y,,,,1,32,20071,10/17/15,NYI,S.J,,,,29,84,86,3,44,41,,8,12,50,44,61,32
3,8:05,5v5,S.J,89,w,18,89,4,nc,nl,dl,,y,,,,,,2,41,20071,10/17/15,NYI,S.J,,,,53,15,17,14,28,41,,50,89,18,4,88,32
3,7:52,5v5,S.J,88,w,50,,,oelpc,,,,y,,,,,,2,41,20071,10/17/15,NYI,S.J,,,,53,15,17,14,28,41,,50,89,18,4,88,32
3,5:43,5v4,NYI,91,w,2,91,18,ol,oelpl,oelc,,y,,,,,,2,32,20071,10/17/15,NYI,S.J,,,,18,29,84,91,2,41,,48,83,4,74,32,0
3,5:02,5v4,NYI,2,s,51,84,,opr,oelr,,,,,,,,,2,32,20071,10/17/15,NYI,S.J,,,,29,51,84,2,55,41,,18,42,44,61,88,32
3,3:38,5v5,NYI,24,o,24,,,ol,,,y,y,,,,,,2,32,20071,10/17/15,NYI,S.J,,,,29,84,86,14,28,41,,50,57,82,4,61,32
3,2:59,5v6,NYI,51,b,21,,,nc,,,y,y,,y,,,,2,32,20071,10/17/15,NYI,S.J,,,,12,51,21,3,44,41,,8,12,19,42,44,88
3,2:12,5v5,NYI,91,s,27,91,,ol,nr,,y,y,,,,,,3,32,20071,10/17/15,NYI,S.J,,,,18,27,91,2,55,41,,50,57,89,61,74,32
1,19:07,5v5,NYI,51,o,12,,,ol,,,y,y,,,,,,0,35,173,11/3/2015,NYI,N.J,41,35,,Event Not in PBP or >10 Second Difference,Event Not in PBP or >10 Second Difference,Event Not in PBP or >10 Second Difference,Event Not in PBP or >10 Second Difference,Event Not in PBP or >10 Second Difference,Event Not in PBP or >10 Second Difference,,Event Not in PBP or >10 Second Difference,Event Not in PBP or >10 Second Difference,Event Not in PBP or >10 Second Difference,Event Not in PBP or >10 Second Difference,Event Not in PBP or >10 Second Difference,Event Not in PBP or >10 Second Difference
1,19:01,5v5,NYI,2,w,51,,,opl,,,,,,,,,,0,35,173,11/3/2015,NYI,N.J,1,1,,12,51,21,2,55,41,,19,21,51,2,28,35
1,18:10,5v5,NYI,28,s,29,,,opr,,,,,,,,,,0,35,173,11/3/2015,NYI,N.J,,,,Event Not in PBP or >10 Second Difference,Event Not in PBP or >10 Second Difference,Event Not in PBP or >10 Second Difference,Event Not in PBP or >10 Second Difference,Event Not in PBP or >10 Second Difference,Event Not in PBP or >10 Second Difference,,Event Not in PBP or >10 Second Difference,Event Not in PBP or >10 Second Difference,Event Not in PBP or >10 Second Difference,Event Not in PBP or >10 Second Difference,Event Not in PBP or >10 Second Difference,Event Not in PBP or >10 Second Difference
1,17:33,5v5,N.J,13,w,8,13,14,or,opr,of,,,,,,,,0,41,173,11/3/2015,NYI,N.J,,,,53,15,17,28,37,41,,14,20,13,8,44,35
1,17:08,5v5,N.J,14,w,20,8,,nr,dc,,,,,,,,,0,41,173,11/3/2015,NYI,N.J,,,,84,16,86,3,44,41,,14,20,13,2,7,35
1,16:10,5v5,N.J,23,w,5,,,dsr,,,,y,,,,,,0,41,173,11/3/2015,NYI,N.J,,,,18,27,29,2,55,41,,18,11,23,5,6,35
1,15:28,5v5,N.J,21,w,51,,,or,,,,,,,,,,0,41,173,11/3/2015,NYI,N.J,,,,12,51,21,28,37,41,,19,21,51,7,28,35
1,15:25,5v5,N.J,28,o,7,19,,or,ofp,,,,,,,,,0,41,173,11/3/2015,NYI,N.J,,,,12,51,21,28,37,41,,19,21,51,7,28,35
1,15:12,5v5,NYI,55,w,53,,,oelr,,,,,,,,,,0,35,173,11/3/2015,NYI,N.J,,,,12,51,21,2,55,41,,16,18,22,5,6,35
1,15:05,5v5,NYI,55,w,21,51,,opr,ofp,,,,,,,,,0,35,173,11/3/2015,NYI,N.J,,,,12,51,21,2,55,41,,16,18,22,5,6,35
1,14:39,5v5,N.J,22,o,16,,,ol,,,,,,,,,,0,41,173,11/3/2015,NYI,N.J,,,,12,51,21,2,55,41,,16,18,22,5,6,35
1,14:23,5v5,N.J,6,o,18,,,opl,,,,,,,,,,0,41,173,11/3/2015,NYI,N.J,,,,12,51,21,2,55,41,,16,18,22,5,6,35
1,14:15,5v5,N.J,5,w,18,,,opl,,,,,,,,,,0,41,173,11/3/2015,NYI,N.J,,,,12,51,21,2,55,41,,16,18,22,5,6,35
1,13:19,5v5,N.J,44,w,13,14,,of,opr,,,,,,,,,0,41,173,11/3/2015,NYI,N.J,,,,84,16,86,3,44,41,,14,20,13,8,44,35
1,13:13,5v5,N.J,8,o,20,,,opl,,,,,,,,,,0,41,173,11/3/2015,NYI,N.J,,,,84,16,86,3,44,41,,14,20,13,8,44,35
1,12:49,5v5,NYI,37,o,18,29,27,opl,oelc,or,,,,,,,,0,35,173,11/3/2015,NYI,N.J,,,,18,27,29,28,37,41,,11,22,13,8,44,35
1,12:38,5v5,NYI,29,t,28,27,,oc,opr,,y,y,,,29,y,y,0,35,173,11/3/2015,NYI,N.J,,,,18,27,29,28,37,41,,11,22,13,8,44,35
1,12:19,5v5,NYI,17,w,53,,,nc,,,,y,,,,,,1,35,173,11/3/2015,NYI,N.J,,,,53,15,17,2,55,41,,19,21,51,2,28,35
1,11:36,5v5,NYI,21,s,51,12,,nl,dl,,,,,,,,,1,35,173,11/3/2015,NYI,N.J,,,,12,51,21,28,37,41,,16,18,23,5,6,35
1,10:43,5v5,NYI,3,w,86,,,nc,,,,,,,,,,1,35,173,11/3/2015,NYI,N.J,,,,84,16,86,3,55,41,,21,11,23,7,8,35
1,9:27,5v5,N.J,6,s,20,,,opr,,,,y,,,,,,1,41,173,11/3/2015,NYI,N.J,,,,18,27,29,2,55,41,,16,20,13,5,6,35
1,8:53,5v5,N.J,19,w,51,,,ol,,,,,,,,,,1,41,173,11/3/2015,NYI,N.J,,,,18,27,51,2,55,41,,16,18,51,7,44,35
1,8:19,5v5,NYI,21,s,28,12,,or,opr,,,,,,,,,1,35,173,11/3/2015,NYI,N.J,,,,12,51,21,28,37,41,,16,18,22,2,28,35
1,6:44,5v5,NYI,3,w,44,84,,opl,opl,,,,,,,,,1,35,173,11/3/2015,NYI,N.J,,,,84,16,86,3,44,41,,11,22,23,5,6,35
1,6:23,5v5,NYI,55,o,29,,,opc,,,,,,,,,,1,35,173,11/3/2015,NYI,N.J,,,,18,27,29,2,55,41,,19,21,51,7,8,35
1,5:54,5v5,N.J,8,w,51,21,,opr,or,,,,,,,,,1,41,173,11/3/2015,NYI,N.J,,,,Event Not in PBP or >10 Second Difference,Event Not in PBP or >10 Second Difference,Event Not in PBP or >10 Second Difference,Event Not in PBP or >10 Second Difference,Event Not in PBP or >10 Second Difference,Event Not in PBP or >10 Second Difference,,Event Not in PBP or >10 Second Difference,Event Not in PBP or >10 Second Difference,Event Not in PBP or >10 Second Difference,Event Not in PBP or >10 Second Difference,Event Not in PBP or >10 Second Difference,Event Not in PBP or >10 Second Difference
1,4:48,5v5,NYI,3,w,17,,,opr,,,,,,,,,,1,35,173,11/3/2015,NYI,N.J,,,,51,15,17,3,44,41,,14,20,13,6,28,35
1,3:45,5v5,NYI,16,s,86,28,,or,dr,,,y,,,,,,1,35,173,11/3/2015,NYI,N.J,,,,84,16,86,28,37,41,,16,11,23,2,28,35
1,3:40,5v5,NYI,37,w,53,,,of,,,,,,,,,,1,35,173,11/3/2015,NYI,N.J,,,,53,15,17,28,37,41,,16,11,23,2,28,35
1,3:26,5v5,NYI,37,w,28,,,opr,,,,y,,,,,,1,35,173,11/3/2015,NYI,N.J,,,,53,15,17,28,37,41,,16,11,23,2,28,35
1,2:13,5v5,NYI,27,w,55,,,dr,,,,y,,,,,,1,35,173,11/3/2015,NYI,N.J,,,,18,27,29,2,55,41,,19,21,51,5,6,35
1,2:04,5v5,NYI,3,o,27,,,opr,,,,y,,,,,,1,35,173,11/3/2015,NYI,N.J,,,,18,27,29,3,44,41,,19,21,51,5,6,35
1,0:47,5v5,NYI,12,w,51,28,51,oelc,or,oc,y,y,,,,,,1,35,173,11/3/2015,NYI,N.J,,,,12,51,21,28,37,41,,16,18,22,5,6,35
1,0:21,5v5,N.J,5,w,6,14,13,opl,opc,or,,,,,,,,1,41,173,11/3/2015,NYI,N.J,,,,18,27,29,2,55,41,,14,20,13,5,6,35
2,18:55,5v5,NYI,27,s,55,,,dsr,,,,y,,,,,,1,35,173,11/3/2015,NYI,N.J,,,,18,27,29,2,55,41,,19,21,51,5,28,35
2,18:27,5v5,N.J,2,w,19,21,,orrc,ol,,y,y,,,,,,1,41,173,11/3/2015,NYI,N.J,,,,18,27,29,2,55,41,,19,21,51,2,28,35
2,17:38,5v4,N.J,28,o,13,14,13,opr,or,or,,,,,14,,,1,41,173,11/3/2015,NYI,N.J,,,,53,15,37,55,41,0,,14,20,22,13,28,35
2,17:01,5v4,N.J,13,w,28,13,20,oc,opr,or,,,,,,,,1,41,173,11/3/2015,NYI,N.J,,,,53,86,37,55,41,0,,14,19,20,13,28,35
2,16:37,4v5,NYI,51,s,86,,,dr,,,,y,,,,,,1,35,173,11/3/2015,NYI,N.J,,,,51,86,44,55,41,0,,16,19,21,51,44,35
2,16:07,5v4,N.J,44,w,19,,,opr,,,,y,,,,,,1,41,173,11/3/2015,NYI,N.J,,,,29,15,3,44,41,0,,14,20,13,7,8,35
2,15:50,5v5,N.J,14,w,13,,,oelc,,,y,,,,,,,1,41,173,11/3/2015,NYI,N.J,,,,12,51,53,3,44,41,,14,20,13,7,8,35
2,15:47,5v5,N.J,8,w,11,,,ofp,,,,,,,,,,1,41,173,11/3/2015,NYI,N.J,,,,12,51,53,3,44,41,,14,20,13,7,8,35
2,14:54,5v5,NYI,55,s,51,2,,opr,ol,,,y,,,,,,1,35,173,11/3/2015,NYI,N.J,,,,12,51,21,2,55,41,,18,11,23,7,8,35
2,12:45,4v4,NYI,3,o,84,18,84,opr,oc,nc,,y,,,,,,1,35,173,11/3/2015,NYI,N.J,,,,18,84,3,44,41,0,,14,13,5,6,35,0
2,12:37,4v4,N.J,13,w,6,14,,oc,nr,,,,,,,,,1,41,173,11/3/2015,NYI,N.J,,,,18,84,3,44,41,0,,14,13,5,6,35,0
2,12:21,4v4,NYI,3,s,84,44,,opr,nc,,,,,,,,,1,35,173,11/3/2015,NYI,N.J,,,,Event Not in PBP or >10 Second Difference,Event Not in PBP or >10 Second Difference,Event Not in PBP or >10 Second Difference,Event Not in PBP or >10 Second Difference,Event Not in PBP or >10 Second Difference,Event Not in PBP or >10 Second Difference,,Event Not in PBP or >10 Second Difference,Event Not in PBP or >10 Second Difference,Event Not in PBP or >10 Second Difference,Event Not in PBP or >10 Second Difference,Event Not in PBP or >10 Second Difference,Event Not in PBP or >10 Second Difference
2,9:54,5v5,N.J,2,w,14,,,of,,,,,,,,,,1,41,173,11/3/2015,NYI,N.J,,,,53,16,86,3,44,41,,21,11,23,2,44,35
2,9:20,5v5,N.J,2,w,19,21,,opl,oelc,,,,,,,,,1,41,173,11/3/2015,NYI,N.J,,,,12,51,21,2,55,41,,19,21,51,2,7,35
2,9:03,5v5,NYI,21,w,51,21,,nc,dr,,,y,,,,,,1,35,173,11/3/2015,NYI,N.J,,,,12,51,21,2,55,41,,19,21,51,2,7,35
2,8:47,5v5,N.J,2,w,18,6,22,oc,ol,oelpc,,,,,,,,1,41,173,11/3/2015,NYI,N.J,,,,18,27,29,28,37,41,,16,18,22,5,6,35
2,7:28,4v5,NYI,53,w,37,,,dsr,,,,,,,,,,1,35,173,11/3/2015,NYI,N.J,,,,53,15,3,44,41,0,,16,19,21,51,44,35
2,5:43,5v5,NYI,27,w,84,15,,oc,nl,,,,,,,,,1,35,173,11/3/2015,NYI,N.J,,,,27,15,16,3,37,41,,18,11,23,2,28,35
2,5:21,5v5,N.J,16,w,22,,,nl,,,,y,,,,,,1,41,173,11/3/2015,NYI,N.J,,,,53,15,17,2,28,41,,18,11,23,2,28,35
2,5:00,4v4,N.J,5,w,19,,,opr,,,,,,,,,,1,41,173,11/3/2015,NYI,N.J,,,,51,21,2,55,41,0,,19,21,5,6,35,0
2,4:36,4v4,N.J,6,w,21,19,,or,oc,,,,,,,,,1,41,173,11/3/2015,NYI,N.J,,,,51,21,2,55,41,0,,19,21,5,6,35,0
2,3:26,4v4,NYI,12,w,84,44,,ol,nc,,,,,,,,,1,35,173,11/3/2015,NYI,N.J,,,,12,84,37,44,41,0,,16,20,2,28,35,0
2,3:20,4v4,NYI,44,w,12,,,opl,,,,y,,,,,,1,35,173,11/3/2015,NYI,N.J,,,,12,84,37,44,41,0,,16,20,2,28,35,0
2,2:55,5v5,N.J,8,w,51,,,opr,,,,,,,,,,1,41,173,11/3/2015,NYI,N.J,,,,12,84,17,28,37,41,,19,51,22,7,8,35
2,2:48,5v5,N.J,8,w,19,51,,oelpc,or,,,,,,,,,1,41,173,11/3/2015,NYI,N.J,,,,12,84,17,28,37,41,,19,51,22,7,8,35
2,2:14,5v5,N.J,16,t,5,22,16,or,opl,ol,y,y,,,,,,1,41,173,11/3/2015,NYI,N.J,,,,12,84,17,28,37,41,,16,18,22,5,6,35
2,1:05,5v5,NYI,3,w,44,18,,opl,oelpl,,,,,,,,,1,35,173,11/3/2015,NYI,N.J,,,,18,27,29,3,44,41,,14,20,13,2,28,35
2,0:48,5v5,NYI,29,w,44,3,,ol,opr,,,,,,,,,1,35,173,11/3/2015,NYI,N.J,,,,18,27,29,3,44,41,,14,20,13,2,28,35
2,0:41,5v5,NYI,29,t,44,3,29,ol,opr,oelpr,y,y,,,,,,1,35,173,11/3/2015,NYI,N.J,,,,18,27,29,3,44,41,,14,20,13,2,28,35
3,18:47,5v5,NYI,21,w,51,12,2,nl,nl,dsc,,,,,,,,1,35,173,11/3/2015,NYI,N.J,,,,12,51,21,2,55,41,,19,21,51,2,28,35
3,17:55,5v5,NYI,37,s,28,17,,oelpr,opr,,,,,,,,,1,35,173,11/3/2015,NYI,N.J,,,,53,15,17,28,37,41,,16,18,22,8,44,35
3,17:25,5v4,N.J,20,w,28,22,14,oc,opc,of,,,,,,,,1,41,173,11/3/2015,NYI,N.J,,,,51,86,3,44,41,0,,14,20,22,13,28,35
3,16:37,5v4,N.J,28,s,13,20,,opr,oc,,,y,,,,,,1,41,173,11/3/2015,NYI,N.J,,,,53,15,3,55,41,0,,14,20,22,13,28,35
3,16:04,5v4,N.J,44,o,21,19,,opr,or,,,,,,,,,1,41,173,11/3/2015,NYI,N.J,,,,51,86,2,55,41,0,,16,19,21,51,44,35
3,15:59,5v4,N.J,21,o,44,9,,opr,oc,,,y,,,19,y,y,1,41,173,11/3/2015,NYI,N.J,,,,51,86,2,55,41,0,,16,19,21,51,44,35
3,14:56,5v5,N.J,11,w,23,2,,nr,nc,,,,,,,,,0,41,173,11/3/2015,NYI,N.J,,,,53,15,17,28,37,41,,18,11,23,2,7,35
3,14:49,5v5,N.J,23,w,11,,,of,,,,,,,,,,0,41,173,11/3/2015,NYI,N.J,,,,53,15,17,28,37,41,,18,11,23,2,7,35
3,11:58,5v5,N.J,8,w,16,22,,of,opc,,,,,,,,,0,41,173,11/3/2015,NYI,N.J,,,,18,27,29,28,37,41,,16,18,22,7,8,35
3,11:21,5v5,NYI,3,w,44,16,86,opl,oelpl,oell,,y,,,,,,0,35,173,11/3/2015,NYI,N.J,,,,84,16,86,3,44,41,,51,11,23,2,28,35
3,9:37,5v5,NYI,53,a,17,,,ol,,,,y,,,,,,0,35,173,11/3/2015,NYI,N.J,,,,53,15,17,28,37,41,,18,11,23,5,6,35
3,8:42,5v5,NYI,86,w,84,,,oc,,,,,,,,,,0,35,173,11/3/2015,NYI,N.J,,,,Event Not in PBP or >10 Second Difference,Event Not in PBP or >10 Second Difference,Event Not in PBP or >10 Second Difference,Event Not in PBP or >10 Second Difference,Event Not in PBP or >10 Second Difference,Event Not in PBP or >10 Second Difference,,Event Not in PBP or >10 Second Difference,Event Not in PBP or >10 Second Difference,Event Not in PBP or >10 Second Difference,Event Not in PBP or >10 Second Difference,Event Not in PBP or >10 Second Difference,Event Not in PBP or >10 Second Difference
3,8:30,5v5,NYI,55,o,2,84,,oelpr,ofp,,,,,,,,,0,35,173,11/3/2015,NYI,N.J,,,,84,16,86,2,55,41,,19,21,51,5,6,35
3,6:39,5v5,NYI,37,w,28,17,,opr,or,,,,,,,,,0,35,173,11/3/2015,NYI,N.J,,,,29,15,17,28,37,41,,16,18,22,2,28,35
3,5:37,5v5,NYI,16,s,2,,,nr,,,,y,,,,,,0,35,173,11/3/2015,NYI,N.J,,,,84,16,86,2,55,41,,51,11,23,6,44,35
3,4:49,5v5,N.J,8,w,23,8,,oelpr,or,,,,,,,,,0,41,173,11/3/2015,NYI,N.J,,,,12,53,15,28,37,41,,16,11,23,7,8,35
3,3:18,5v5,NYI,55,w,18,,,dl,,,,,,,,,,0,35,173,11/3/2015,NYI,N.J,,,,27,84,16,28,55,41,,14,51,20,7,8,35
3,2:37,5v5,NYI,86,w,16,3,,orrr,dr,,y,y,,,,,,0,35,173,11/3/2015,NYI,N.J,,,,84,16,86,3,44,41,,14,20,13,28,44,35
3,2:14,5v5,NYI,17,t,37,28,53,or,opr,opr,y,y,,,53,y,y,0,35,173,11/3/2015,NYI,N.J,,,,53,15,17,28,37,41,,16,18,22,5,6,35
3,0:59,6v5,N.J,44,w,8,,,opl,,,,,,,,,,1,41,173,11/3/2015,NYI,N.J,,,,Event Not in PBP or >10 Second Difference,Event Not in PBP or >10 Second Difference,Event Not in PBP or >10 Second Difference,Event Not in PBP or >10 Second Difference,Event Not in PBP or >10 Second Difference,Event Not in PBP or >10 Second Difference,,Event Not in PBP or >10 Second Difference,Event Not in PBP or >10 Second Difference,Event Not in PBP or >10 Second Difference,Event Not in PBP or >10 Second Difference,Event Not in PBP or >10 Second Difference,Event Not in PBP or >10 Second Difference
3,0:40,6v5,N.J,44,w,14,13,,or,nr,,,,,,,,,1,41,173,11/3/2015,NYI,N.J,,,,12,51,21,3,44,41,,14,19,20,13,8,44
3,0:32,5v6,NYI,12,w,51,,,nl,,,y,,,,,,,1,35,173,11/3/2015,NYI,N.J,,,,12,51,21,3,44,41,,14,19,20,13,8,44
3,0:10,6v5,N.J,13,o,28,13,19,oc,opr,of,,y,,,,,,1,41,173,11/3/2015,NYI,N.J,,,,53,15,37,55,41,0,,14,19,21,20,13,28
1,18:32,5v5,NYI,21,t,44,55,29,ol,opr,opr,y,,,,,,,0,35,445,12/13/2015,NYI,N.J,1,35,,29,91,21,44,55,1,,25,11,22,5,6,35
1,16:18,5v5,NYI,3,w,91,,,ofp,,,,y,,,,,,0,35,445,12/13/2015,NYI,N.J,41,1,,29,91,21,2,3,1,,16,20,13,2,28,35
1,15:02,5v5,N.J,44,w,26,,,opl,,,,,,,,,,0,1,445,12/13/2015,NYI,N.J,,,,84,16,86,14,28,1,,48,51,26,8,44,35
1,14:39,5v5,NYI,44,s,55,53,,nr,nf,,,y,,,,,,0,35,445,12/13/2015,NYI,N.J,,,,53,15,17,44,55,1,,9,21,64,2,8,35
1,13:47,5v4,NYI,2,o,51,2,91,opl,oc,opr,,,,,,,,0,35,445,12/13/2015,NYI,N.J,,,,29,51,91,21,2,1,,16,20,5,6,35,0
1,12:38,5v4,NYI,84,w,12,84,,ol,or,,y,,,,,,,0,35,445,12/13/2015,NYI,N.J,,,,12,27,84,3,28,1,,20,13,2,8,35,0
1,12:17,5v5,NYI,2,o,84,12,3,opl,oelc,or,,y,,y,,,,0,35,445,12/13/2015,NYI,N.J,,,,12,27,84,3,28,1,,21,20,13,2,8,35
1,11:46,5v5,NYI,55,s,53,,,opr,,,,,,,,,,1,35,445,12/13/2015,NYI,N.J,,,,53,15,17,44,55,1,,9,21,64,2,28,35
1,11:20,5v5,N.J,8,s,64,,,oelpr,,,,,,,,,,1,1,445,12/13/2015,NYI,N.J,,,,12,27,51,44,55,1,,9,21,64,8,44,35
1,10:51,5v5,NYI,21,w,91,,,of,,,y,y,,,,,,1,35,445,12/13/2015,NYI,N.J,,,,29,91,21,2,3,1,,25,11,22,5,6,35
1,9:31,5v5,N.J,9,w,64,,,oell,,,,y,,,,,,1,1,445,12/13/2015,NYI,N.J,,,,53,15,17,14,28,1,,9,21,64,2,28,35
1,9:18,5v5,N.J,2,o,21,,,opl,,,,,,,,,,1,1,445,12/13/2015,NYI,N.J,,,,53,15,17,14,28,1,,9,21,64,2,28,35
1,8:46,5v5,NYI,55,s,44,51,84,opl,opl,nc,,,,,,,,1,35,445,12/13/2015,NYI,N.J,,,,27,51,17,44,55,1,,21,25,11,2,28,35
1,8:07,5v5,NYI,91,t,21,,,oc,,,y,y,,y,,,,1,35,445,12/13/2015,NYI,N.J,,,,29,91,21,3,55,1,,25,11,20,5,6,35
1,7:28,5v5,N.J,44,s,20,,,opl,,,,y,,,,,,2,1,445,12/13/2015,NYI,N.J,,,,53,15,17,2,3,1,,16,20,13,8,44,35
1,6:59,5v5,NYI,3,o,86,,,opr,,,,y,,,,,,2,35,445,12/13/2015,NYI,N.J,,,,84,16,86,2,3,1,,48,51,26,8,44,35
1,6:53,5v5,NYI,12,w,51,,,of,,,,,,,,,,2,35,445,12/13/2015,NYI,N.J,,,,12,27,51,14,28,1,,25,11,22,2,28,35
1,6:01,5v5,N.J,5,w,21,6,,dl,dl,,,y,,,,,,2,1,445,12/13/2015,NYI,N.J,,,,12,27,51,44,55,1,,9,21,64,5,6,35
1,5:20,5v5,NYI,2,o,29,21,29,opl,ol,nc,,y,,,,,,2,35,445,12/13/2015,NYI,N.J,,,,29,91,21,2,3,1,,16,20,13,2,28,35
1,4:53,6v5,NYI,3,s,2,21,,opl,opl,,,,,,,,,2,35,445,12/13/2015,NYI,N.J,,,,29,51,91,21,2,3,,16,20,13,2,28,35
1,4:01,5v4,NYI,91,s,29,2,29,opr,or,opr,,,,,,,,2,35,445,12/13/2015,NYI,N.J,,,,29,51,91,21,2,1,,11,26,5,6,35,0
1,3:55,5v4,NYI,91,b,21,,,oell,,,,y,,,,,,2,35,445,12/13/2015,NYI,N.J,,,,29,51,91,21,2,1,,11,26,5,6,35,0
1,3:54,5v4,NYI,29,o,91,,,orrc,,,y,y,,,,,,2,35,445,12/13/2015,NYI,N.J,,,,29,51,91,21,2,1,,11,26,5,6,35,0
1,2:48,5v4,NYI,2,o,21,2,21,opl,oc,opl,,y,,,,,,2,35,445,12/13/2015,NYI,N.J,,,,29,51,91,21,2,1,,9,21,5,6,35,0
1,0:53,5v4,NYI,91,w,2,91,21,oc,opl,ol,y,y,,,,,,2,35,445,12/13/2015,NYI,N.J,,,,29,51,91,21,2,1,,9,21,5,6,35,0
1,0:35,5v5,N.J,9,o,21,,,orrl,,,y,y,,,,,,2,1,445,12/13/2015,NYI,N.J,,,,29,51,91,21,2,1,,9,21,20,28,44,35
2,18:41,5v5,N.J,6,w,51,48,,oc,dr,,,,,,,,,2,1,445,12/13/2015,NYI,N.J,,,,29,91,21,14,28,1,,48,51,26,5,6,35
2,18:15,5v5,N.J,9,s,5,,,nc,,,,y,,,,,,2,1,445,12/13/2015,NYI,N.J,,,,29,84,16,14,28,1,,48,51,13,8,44,35
2,17:23,5v5,N.J,11,w,25,,,dl,,,,y,,,,,,2,1,445,12/13/2015,NYI,N.J,,,,53,15,17,2,3,1,,25,11,22,28,44,35
2,16:21,5v5,NYI,44,s,91,29,91,opl,ol,oc,,y,,,,,,2,35,445,12/13/2015,NYI,N.J,,,,29,91,21,44,55,1,,16,20,13,2,28,35
2,15:35,5v5,NYI,16,w,84,,,dl,,,y,y,,,,,,2,35,445,12/13/2015,NYI,N.J,,,,84,16,86,44,55,1,,9,64,20,5,6,35
2,14:48,5v5,N.J,8,o,20,44,20,opc,or,opl,,,,,,,,2,1,445,12/13/2015,NYI,N.J,,,,Event Not in PBP or >10 Second Difference,Event Not in PBP or >10 Second Difference,Event Not in PBP or >10 Second Difference,Event Not in PBP or >10 Second Difference,Event Not in PBP or >10 Second Difference,Event Not in PBP or >10 Second Difference,,Event Not in PBP or >10 Second Difference,Event Not in PBP or >10 Second Difference,Event Not in PBP or >10 Second Difference,Event Not in PBP or >10 Second Difference,Event Not in PBP or >10 Second Difference,Event Not in PBP or >10 Second Difference
2,13:59,5v5,NYI,14,s,53,27,,oelpl,oelc,,,y,,,,,,2,35,445,12/13/2015,NYI,N.J,,,,12,27,51,3,14,1,,25,11,22,2,28,35
2,12:36,5v5,NYI,55,o,53,,,opr,,,,,,,,,,2,35,445,12/13/2015,NYI,N.J,,,,53,15,17,44,55,1,,9,21,64,8,28,35
2,12:32,5v5,NYI,17,t,53,44,,ol,ol,,y,y,,y,,,,2,35,445,12/13/2015,NYI,N.J,,,,53,15,17,44,55,1,,9,21,64,8,28,35
2,12:03,5v5,N.J,44,w,6,51,,opl,opl,,,,,,,,,3,1,445,12/13/2015,NYI,N.J,,,,84,15,86,44,55,1,,9,21,51,6,44,1
2,11:52,5v5,N.J,21,w,6,21,,oc,opl,,,,,,,,,3,1,445,12/13/2015,NYI,N.J,,,,84,15,86,44,55,1,,9,21,51,6,44,1
2,11:33,5v5,NYI,84,o,17,,,oell,,,y,,,,,,,3,1,445,12/13/2015,NYI,N.J,,,,Event Not in PBP or >10 Second Difference,Event Not in PBP or >10 Second Difference,Event Not in PBP or >10 Second Difference,Event Not in PBP or >10 Second Difference,Event Not in PBP or >10 Second Difference,Event Not in PBP or >10 Second Difference,,Event Not in PBP or >10 Second Difference,Event Not in PBP or >10 Second Difference,Event Not in PBP or >10 Second Difference,Event Not in PBP or >10 Second Difference,Event Not in PBP or >10 Second Difference,Event Not in PBP or >10 Second Difference
2,11:17,5v5,NYI,12,w,51,2,3,or,ol,opl,,,,,,,,3,1,445,12/13/2015,NYI,N.J,,,,Event Not in PBP or >10 Second Difference,Event Not in PBP or >10 Second Difference,Event Not in PBP or >10 Second Difference,Event Not in PBP or >10 Second Difference,Event Not in PBP or >10 Second Difference,Event Not in PBP or >10 Second Difference,,Event Not in PBP or >10 Second Difference,Event Not in PBP or >10 Second Difference,Event Not in PBP or >10 Second Difference,Event Not in PBP or >10 Second Difference,Event Not in PBP or >10 Second Difference,Event Not in PBP or >10 Second Difference
2,10:45,5v5,N.J,8,w,26,64,,opl,ol,,,y,,,,,,3,1,445,12/13/2015,NYI,N.J,,,,27,51,21,2,3,1,,48,64,26,2,8,1
2,10:03,5v5,N.J,28,s,26,48,6,oelpr,oell,ol,,y,,,,,,3,1,445,12/13/2015,NYI,N.J,,,,29,91,21,14,28,1,,16,48,26,6,28,1
2,10:00,5v5,N.J,26,o,48,16,,oelc,ol,,,,,,,,,3,1,445,12/13/2015,NYI,N.J,,,,29,91,21,14,28,1,,16,48,26,6,28,1
2,9:55,5v5,N.J,16,o,48,,,ol,,,y,,,,,,,3,1,445,12/13/2015,NYI,N.J,,,,29,91,21,14,28,1,,16,48,26,6,28,1
2,8:45,5v5,N.J,44,o,21,51,,opl,of,,,y,,,,,,3,1,445,12/13/2015,NYI,N.J,,,,12,84,86,44,55,1,,9,21,51,8,44,1
2,7:28,5v5,NYI,29,o,3,21,,oell,or,,,,,,,,,3,1,445,12/13/2015,NYI,N.J,,,,29,91,21,3,14,1,,25,11,22,2,6,1
2,6:09,5v5,NYI,51,w,12,3,,dr,dr,,,y,,,,,,3,1,445,12/13/2015,NYI,N.J,,,,12,27,51,2,3,1,,16,20,13,6,44,1
2,6:05,5v5,NYI,27,t,3,12,,or,opr,,y,y,,,,,,3,1,445,12/13/2015,NYI,N.J,,,,12,27,51,2,3,1,,16,20,13,6,44,1
2,5:59,5v5,NYI,21,w,29,3,91,or,or,ofp,,,,,,,,3,1,445,12/13/2015,NYI,N.J,,,,29,91,21,2,3,1,,16,20,13,6,44,1
2,5:12,5v5,N.J,28,o,26,51,,oelpc,ol,,,y,,,,,,3,1,445,12/13/2015,NYI,N.J,,,,Event Not in PBP or >10 Second Difference,Event Not in PBP or >10 Second Difference,Event Not in PBP or >10 Second Difference,Event Not in PBP or >10 Second Difference,Event Not in PBP or >10 Second Difference,Event Not in PBP or >10 Second Difference,,Event Not in PBP or >10 Second Difference,Event Not in PBP or >10 Second Difference,Event Not in PBP or >10 Second Difference,Event Not in PBP or >10 Second Difference,Event Not in PBP or >10 Second Difference,Event Not in PBP or >10 Second Difference
2,3:28,5v5,N.J,21,w,28,6,,nr,dl,,,,,,,,,3,1,445,12/13/2015,NYI,N.J,,,,12,27,51,2,3,1,,16,21,13,6,28,1
2,2:30,5v5,NYI,29,w,21,,,ol,,,y,,,,,,,3,1,445,12/13/2015,NYI,N.J,,,,29,91,21,44,55,1,,16,20,13,2,8,1
2,2:20,5v5,NYI,91,t,55,44,29,or,opl,opl,y,y,,,,,,3,1,445,12/13/2015,NYI,N.J,,,,29,91,21,44,55,1,,48,51,26,2,6,1
2,0:42,5v5,NYI,28,o,14,28,84,ol,oc,opr,,y,,y,,,,3,1,445,12/13/2015,NYI,N.J,,,,84,16,86,14,28,1,,25,11,22,8,28,1
3,18:16,5v5,N.J,13,w,20,2,16,orrr,or,ol,y,y,,,,,,4,1,445,12/13/2015,NYI,N.J,,,,29,91,16,2,3,1,,16,20,13,2,28,1
3,17:55,5v5,NYI,84,b,16,,,dr,,,,y,,,,,,4,1,445,12/13/2015,NYI,N.J,,,,84,16,86,14,28,1,,48,51,26,2,28,1
3,17:18,5v5,N.J,26,o,6,,,oell,,,,,,,,,,4,1,445,12/13/2015,NYI,N.J,,,,84,15,86,14,28,1,,48,64,26,6,44,1
3,15:57,5v5,N.J,25,w,22,,,dr,,,,y,,,,,,4,1,445,12/13/2015,NYI,N.J,,,,27,91,21,2,3,1,,25,11,22,6,44,1
3,14:39,5v5,N.J,51,s,48,,,nc,,,,,,,,,,4,1,445,12/13/2015,NYI,N.J,,,,Event Not in PBP or >10 Second Difference,Event Not in PBP or >10 Second Difference,Event Not in PBP or >10 Second Difference,Event Not in PBP or >10 Second Difference,Event Not in PBP or >10 Second Difference,Event Not in PBP or >10 Second Difference,,Event Not in PBP or >10 Second Difference,Event Not in PBP or >10 Second Difference,Event Not in PBP or >10 Second Difference,Event Not in PBP or >10 Second Difference,Event Not in PBP or >10 Second Difference,Event Not in PBP or >10 Second Difference
3,14:15,5v5,N.J,28,o,48,,,ol,,,,,,,,,,4,1,445,12/13/2015,NYI,N.J,,,,84,16,86,14,28,1,,48,51,26,6,28,1
3,12:45,5v5,NYI,3,s,51,12,,opr,dr,,,,,,,,,4,1,445,12/13/2015,NYI,N.J,,,,12,27,51,2,3,1,,16,20,13,5,6,1
3,11:51,5v4,N.J,13,s,48,,,opl,,,,y,,,,,,4,1,445,12/13/2015,NYI,N.J,,,,53,15,44,55,1,0,,48,20,13,26,2,1
3,11:00,5v4,N.J,22,w,16,21,,oc,dc,,,,,,,,,4,1,445,12/13/2015,NYI,N.J,,,,53,15,3,14,1,0,,16,21,51,22,8,1
3,10:53,5v4,N.J,21,s,51,16,,opr,oelr,,,,,,,,,4,1,445,12/13/2015,NYI,N.J,,,,53,15,3,14,1,0,,16,21,51,22,8,1
3,10:34,5v4,N.J,8,s,21,16,51,opr,opr,or,,,,,,,,4,1,445,12/13/2015,NYI,N.J,,,,53,15,3,14,1,0,,16,21,51,22,8,1
3,10:21,5v4,N.J,16,w,8,21,22,oc,opl,opl,,,,,,,,4,1,445,12/13/2015,NYI,N.J,,,,53,15,3,14,1,0,,16,21,51,22,8,1
3,10:09,5v5,N.J,51,o,21,,,orrc,,,y,,,,,,,4,1,445,12/13/2015,NYI,N.J,,,,29,51,15,3,55,1,,16,21,51,22,8,1
3,9:22,5v5,N.J,25,w,48,25,48,ol,ol,ol,,y,,,,,,4,1,445,12/13/2015,NYI,N.J,,,,12,27,91,2,44,1,,25,48,11,5,6,1
3,9:04,5v5,NYI,91,w,12,27,,ol,nr,,y,y,,,,,,4,1,445,12/13/2015,NYI,N.J,,,,12,27,91,14,28,1,,25,48,11,5,6,1
3,8:45,5v5,N.J,28,w,21,9,,opl,ol,,,,,,,,,4,1,445,12/13/2015,NYI,N.J,,,,84,16,86,44,55,1,,9,21,64,2,28,1
3,8:37,5v5,N.J,28,w,64,2,,opr,or,,,,,,,,,4,1,445,12/13/2015,NYI,N.J,,,,84,16,86,44,55,1,,9,21,64,2,28,1
3,8:21,5v4,N.J,13,s,2,48,2,ol,opr,ol,,y,,,,,,4,1,445,12/13/2015,NYI,N.J,,,,53,15,44,55,1,0,,48,20,13,26,2,1
3,8:12,5v4,N.J,2,s,48,,,opl,,,,,,,,,,4,1,445,12/13/2015,NYI,N.J,,,,53,15,44,55,1,0,,48,20,13,26,2,1
3,8:06,5v4,N.J,2,o,26,13,,opr,orrr,,,y,,,,,,4,1,445,12/13/2015,NYI,N.J,,,,53,15,44,55,1,0,,48,20,13,26,2,1
3,4:20,5v4,NYI,28,o,84,12,84,or,or,oelc,,y,,,,,,4,1,445,12/13/2015,NYI,N.J,,,,12,27,84,3,28,1,,16,20,2,5,1,0
3,2:22,5v5,N.J,8,w,13,64,,nc,dr,,,y,,,,,,4,1,445,12/13/2015,NYI,N.J,,,,84,15,17,3,14,1,,21,64,13,8,28,1
3,2:12,5v5,N.J,28,o,64,26,21,oelpc,or,or,,,,,,,,4,1,445,12/13/2015,NYI,N.J,,,,84,15,17,3,14,1,,21,64,13,8,28,1
3,1:49,5v5,NYI,84,w,14,86,,oc,opl,,,y,,,,,,4,1,445,12/13/2015,NYI,N.J,,,,84,16,86,3,14,1,,21,64,13,28,44,1
,,,,,,,,,,,,,,,,,,,,,,,,,,,,,,,,,,,,,,,,
,,,,,,,,,,,,,,,,,,,,,,,,,,,,,,,,,,,,,,,,
,,,,,,,,,,,,,,,,,,,,,,,,,,,,,,,,,,,,,,,,
,,,,,,,,,,,,,,,,,,,,,,,,,,,,,,,,,,,,,,,,
,,,,,,,,,,,,,,,,,,,,,,,,,,,,,,,,,,,,,,,,
,,,,,,,,,,,,,,,,,,,,,,,,,,,,,,,,,,,,,,,,
,,,,,,,,,,,,,,,,,,,,,,,,,,,,,,,,,,,,,,,,
,,,,,,,,,,,,,,,,,,,,,,,,,,,,,,,,,,,,,,,,
,,,,,,,,,,,,,,,,,,,,,,,,,,,,,,,,,,,,,,,,
,,,,,,,,,,,,,,,,,,,,,,,,,,,,,,,,,,,,,,,,
,,,,,,,,,,,,,,,,,,,,,,,,,,,,,,,,,,,,,,,,
,,,,,,,,,,,,,,,,,,,,,,,,,,,,,,,,,,,,,,,,
,,,,,,,,,,,,,,,,,,,,,,,,,,,,,,,,,,,,,,,,
,,,,,,,,,,,,,,,,,,,,,,,,,,,,,,,,,,,,,,,,
,,,,,,,,,,,,,,,,,,,,,,,,,,,,,,,,,,,,,,,,
,,,,,,,,,,,,,,,,,,,,,,,,,,,,,,,,,,,,,,,,
,,,,,,,,,,,,,,,,,,,,,,,,,,,,,,,,,,,,,,,,
,,,,,,,,,,,,,,,,,,,,,,,,,,,,,,,,,,,,,,,,
,,,,,,,,,,,,,,,,,,,,,,,,,,,,,,,,,,,,,,,,
,,,,,,,,,,,,,,,,,,,,,,,,,,,,,,,,,,,,,,,,
,,,,,,,,,,,,,,,,,,,,,,,,,,,,,,,,,,,,,,,,
,,,,,,,,,,,,,,,,,,,,,,,,,,,,,,,,,,,,,,,,
,,,,,,,,,,,,,,,,,,,,,,,,,,,,,,,,,,,,,,,,
,,,,,,,,,,,,,,,,,,,,,,,,,,,,,,,,,,,,,,,,
,,,,,,,,,,,,,,,,,,,,,,,,,,,,,,,,,,,,,,,,
,,,,,,,,,,,,,,,,,,,,,,,,,,,,,,,,,,,,,,,,
,,,,,,,,,,,,,,,,,,,,,,,,,,,,,,,,,,,,,,,,
,,,,,,,,,,,,,,,,,,,,,,,,,,,,,,,,,,,,,,,,
,,,,,,,,,,,,,,,,,,,,,,,,,,,,,,,,,,,,,,,,
,,,,,,,,,,,,,,,,,,,,,,,,,,,,,,,,,,,,,,,,
,,,,,,,,,,,,,,,,,,,,,,,,,,,,,,,,,,,,,,,,
,,,,,,,,,,,,,,,,,,,,,,,,,,,,,,,,,,,,,,,,
,,,,,,,,,,,,,,,,,,,,,,,,,,,,,,,,,,,,,,,,
,,,,,,,,,,,,,,,,,,,,,,,,,,,,,,,,,,,,,,,,
,,,,,,,,,,,,,,,,,,,,,,,,,,,,,,,,,,,,,,,,
,,,,,,,,,,,,,,,,,,,,,,,,,,,,,,,,,,,,,,,,
,,,,,,,,,,,,,,,,,,,,,,,,,,,,,,,,,,,,,,,,
,,,,,,,,,,,,,,,,,,,,,,,,,,,,,,,,,,,,,,,,
,,,,,,,,,,,,,,,,,,,,,,,,,,,,,,,,,,,,,,,,
,,,,,,,,,,,,,,,,,,,,,,,,,,,,,,,,,,,,,,,,
,,,,,,,,,,,,,,,,,,,,,,,,,,,,,,,,,,,,,,,,
,,,,,,,,,,,,,,,,,,,,,,,,,,,,,,,,,,,,,,,,
,,,,,,,,,,,,,,,,,,,,,,,,,,,,,,,,,,,,,,,,
,,,,,,,,,,,,,,,,,,,,,,,,,,,,,,,,,,,,,,,,
,,,,,,,,,,,,,,,,,,,,,,,,,,,,,,,,,,,,,,,,
,,,,,,,,,,,,,,,,,,,,,,,,,,,,,,,,,,,,,,,,
,,,,,,,,,,,,,,,,,,,,,,,,,,,,,,,,,,,,,,,,
,,,,,,,,,,,,,,,,,,,,,,,,,,,,,,,,,,,,,,,,
,,,,,,,,,,,,,,,,,,,,,,,,,,,,,,,,,,,,,,,,
,,,,,,,,,,,,,,,,,,,,,,,,,,,,,,,,,,,,,,,,
,,,,,,,,,,,,,,,,,,,,,,,,,,,,,,,,,,,,,,,,
,,,,,,,,,,,,,,,,,,,,,,,,,,,,,,,,,,,,,,,,
,,,,,,,,,,,,,,,,,,,,,,,,,,,,,,,,,,,,,,,,
,,,,,,,,,,,,,,,,,,,,,,,,,,,,,,,,,,,,,,,,
,,,,,,,,,,,,,,,,,,,,,,,,,,,,,,,,,,,,,,,,
,,,,,,,,,,,,,,,,,,,,,,,,,,,,,,,,,,,,,,,,
,,,,,,,,,,,,,,,,,,,,,,,,,,,,,,,,,,,,,,,,
,,,,,,,,,,,,,,,,,,,,,,,,,,,,,,,,,,,,,,,,
,,,,,,,,,,,,,,,,,,,,,,,,,,,,,,,,,,,,,,,,
,,,,,,,,,,,,,,,,,,,,,,,,,,,,,,,,,,,,,,,,
,,,,,,,,,,,,,,,,,,,,,,,,,,,,,,,,,,,,,,,,
,,,,,,,,,,,,,,,,,,,,,,,,,,,,,,,,,,,,,,,,
,,,,,,,,,,,,,,,,,,,,,,,,,,,,,,,,,,,,,,,,
,,,,,,,,,,,,,,,,,,,,,,,,,,,,,,,,,,,,,,,,
,,,,,,,,,,,,,,,,,,,,,,,,,,,,,,,,,,,,,,,,
,,,,,,,,,,,,,,,,,,,,,,,,,,,,,,,,,,,,,,,,
,,,,,,,,,,,,,,,,,,,,,,,,,,,,,,,,,,,,,,,,
,,,,,,,,,,,,,,,,,,,,,,,,,,,,,,,,,,,,,,,,
,,,,,,,,,,,,,,,,,,,,,,,,,,,,,,,,,,,,,,,,
,,,,,,,,,,,,,,,,,,,,,,,,,,,,,,,,,,,,,,,,
,,,,,,,,,,,,,,,,,,,,,,,,,,,,,,,,,,,,,,,,
,,,,,,,,,,,,,,,,,,,,,,,,,,,,,,,,,,,,,,,,
,,,,,,,,,,,,,,,,,,,,,,,,,,,,,,,,,,,,,,,,
,,,,,,,,,,,,,,,,,,,,,,,,,,,,,,,,,,,,,,,,
,,,,,,,,,,,,,,,,,,,,,,,,,,,,,,,,,,,,,,,,
